{
  "metadata": {
    "dataset": "california_housing",
    "model": "DSBM",
    "n_folds": 5,
    "timestamp": "2025-12-29T01:37:28.416415",
    "n_metrics": 20,
    "metrics_list": [
      "ks_statistic_mean",
      "ks_statistic_per_feature_mean",
      "wasserstein_distance",
      "kl_divergence",
      "js_divergence",
      "mmd",
      "swd",
      "correlation_similarity",
      "pairwise_correlation_diff",
      "correlation_distance",
      "r2_score_real",
      "r2_score_synth",
      "rmse_real",
      "rmse_synth",
      "ml_efficiency_gap_percent",
      "dcr_mean",
      "dcr_median",
      "dcr_share",
      "identical_matches_fraction",
      "authenticity"
    ],
    "preprocessing": {
      "n_numerical": 8,
      "n_categorical": 0,
      "n_categorical_encoded": 8,
      "n_total_features": 8,
      "missing_strategy": "drop",
      "categorical_method": "one_hot",
      "numerical_scale": "standard"
    }
  },
  "folds": [
    {
      "ks_statistic_mean": 0.06614237264673314,
      "ks_statistic_per_feature_mean": 0.06614237264673314,
      "wasserstein_distance": 0.08149095997214317,
      "kl_divergence": 0.0397372209944804,
      "js_divergence": 0.005311341311373519,
      "mmd": 0.04316153349158036,
      "swd": 0.28950545077390216,
      "correlation_similarity": 0.8928573599644849,
      "pairwise_correlation_diff": 0.7499984802593199,
      "correlation_distance": 0.7499984802593199,
      "r2_score_real": 0.9350481629371643,
      "r2_score_synth": 0.9120350480079651,
      "rmse_real": 0.2553476647448193,
      "rmse_synth": 0.2971604505798263,
      "ml_efficiency_gap_percent": 2.4611689366792233,
      "dcr_mean": 0.48687198758125305,
      "dcr_median": 0.4457823634147644,
      "dcr_share": 0.5051477713178295,
      "identical_matches_fraction": 0.0,
      "authenticity": 0.7032461240310077,
      "fold": 1,
      "test_size": 4128,
      "synth_size": 16512
    },
    {
      "ks_statistic_mean": 0.06301910299003323,
      "ks_statistic_per_feature_mean": 0.06301910299003323,
      "wasserstein_distance": 0.0767756136400359,
      "kl_divergence": 0.046611515356212295,
      "js_divergence": 0.004694637876474857,
      "mmd": 0.03817698762029847,
      "swd": 0.41522178721196573,
      "correlation_similarity": 0.8730707173012248,
      "pairwise_correlation_diff": 0.8885049789041195,
      "correlation_distance": 0.8885049789041195,
      "r2_score_real": 0.9334966540336609,
      "r2_score_synth": 0.9124048948287964,
      "rmse_real": 0.2610462573110303,
      "rmse_synth": 0.2995957382659813,
      "ml_efficiency_gap_percent": 2.25943597266541,
      "dcr_mean": 0.48860764503479004,
      "dcr_median": 0.45217108726501465,
      "dcr_share": 0.49890988372093026,
      "identical_matches_fraction": 0.0,
      "authenticity": 0.7128149224806202,
      "fold": 2,
      "test_size": 4128,
      "synth_size": 16512
    },
    {
      "ks_statistic_mean": 0.06080426356589149,
      "ks_statistic_per_feature_mean": 0.06080426356589149,
      "wasserstein_distance": 0.07252329162188939,
      "kl_divergence": 0.04178167053944918,
      "js_divergence": 0.004416665741378144,
      "mmd": 0.034785229865282194,
      "swd": 0.6202610999772188,
      "correlation_similarity": 0.8366752114840481,
      "pairwise_correlation_diff": 1.143273519627996,
      "correlation_distance": 1.143273519627996,
      "r2_score_real": 0.9211803674697876,
      "r2_score_synth": 0.9046045541763306,
      "rmse_real": 0.2825194030824721,
      "rmse_synth": 0.3108099536864322,
      "ml_efficiency_gap_percent": 1.7994101783764598,
      "dcr_mean": 0.4847644865512848,
      "dcr_median": 0.44416573643684387,
      "dcr_share": 0.5116279069767442,
      "identical_matches_fraction": 0.0,
      "authenticity": 0.7148740310077519,
      "fold": 3,
      "test_size": 4128,
      "synth_size": 16512
    },
    {
      "ks_statistic_mean": 0.06223179678848284,
      "ks_statistic_per_feature_mean": 0.06223179678848284,
      "wasserstein_distance": 0.07014274703604835,
      "kl_divergence": 0.04137919734150746,
      "js_divergence": 0.0041932163567349355,
      "mmd": 0.03809129949133024,
      "swd": 0.38006897055632194,
      "correlation_similarity": 0.8881489063328685,
      "pairwise_correlation_diff": 0.782957655681106,
      "correlation_distance": 0.782957655681106,
      "r2_score_real": 0.9345254302024841,
      "r2_score_synth": 0.9132936596870422,
      "rmse_real": 0.25930264451888424,
      "rmse_synth": 0.29839812613185235,
      "ml_efficiency_gap_percent": 2.271930739310282,
      "dcr_mean": 0.4866514205932617,
      "dcr_median": 0.4438765048980713,
      "dcr_share": 0.5130208333333334,
      "identical_matches_fraction": 0.0,
      "authenticity": 0.7095445736434108,
      "fold": 4,
      "test_size": 4128,
      "synth_size": 16512
    },
    {
      "ks_statistic_mean": 0.0629325858250277,
      "ks_statistic_per_feature_mean": 0.0629325858250277,
      "wasserstein_distance": 0.08285765243428093,
      "kl_divergence": 0.03853619941284198,
      "js_divergence": 0.004298400449189098,
      "mmd": 0.04837721768381939,
      "swd": 0.6971875479774902,
      "correlation_similarity": 0.8677716074634667,
      "pairwise_correlation_diff": 0.9255987477689563,
      "correlation_distance": 0.9255987477689563,
      "r2_score_real": 0.9313029050827026,
      "r2_score_synth": 0.9128001928329468,
      "rmse_real": 0.26181170961976014,
      "rmse_synth": 0.294969832708435,
      "ml_efficiency_gap_percent": 1.986755560277433,
      "dcr_mean": 0.48226556181907654,
      "dcr_median": 0.4422703683376312,
      "dcr_share": 0.47934835271317827,
      "identical_matches_fraction": 0.0,
      "authenticity": 0.7086361434108527,
      "fold": 5,
      "test_size": 4128,
      "synth_size": 16512
    }
  ],
  "summary": {
    "metrics_mean": {
      "ks_statistic_mean": 0.06302602436323368,
      "ks_statistic_per_feature_mean": 0.06302602436323368,
      "wasserstein_distance": 0.07675805294087955,
      "kl_divergence": 0.04160916072889827,
      "js_divergence": 0.004582852347030111,
      "mmd": 0.04051845363046213,
      "swd": 0.48044897129937975,
      "correlation_similarity": 0.8717047605092185,
      "pairwise_correlation_diff": 0.8980666764482995,
      "correlation_distance": 0.8980666764482995,
      "r2_score_real": 0.9311107039451599,
      "r2_score_synth": 0.9110276699066162,
      "rmse_real": 0.26400553585539316,
      "rmse_synth": 0.30018682027450544,
      "ml_efficiency_gap_percent": 2.1557402774617613,
      "dcr_mean": 0.4858322203159332,
      "dcr_median": 0.4456532120704651,
      "dcr_share": 0.501610949612403,
      "identical_matches_fraction": 0.0,
      "authenticity": 0.7098231589147287
    },
    "metrics_std": {
      "ks_statistic_mean": 0.0017485664854960652,
      "ks_statistic_per_feature_mean": 0.0017485664854960652,
      "wasserstein_distance": 0.004925470677365804,
      "kl_divergence": 0.0027587476952761537,
      "js_divergence": 0.00040088383623692074,
      "mmd": 0.004753723564366565,
      "swd": 0.15317519385964226,
      "correlation_similarity": 0.019810336853926296,
      "pairwise_correlation_diff": 0.13867235797946517,
      "correlation_distance": 0.13867235797946517,
      "r2_score_real": 0.005128454354722797,
      "r2_score_synth": 0.003238657809011536,
      "rmse_real": 0.009522703417071282,
      "rmse_synth": 0.005527669327261953,
      "ml_efficiency_gap_percent": 0.23369495529673948,
      "dcr_mean": 0.002159458064228963,
      "dcr_median": 0.003444191660732153,
      "dcr_share": 0.012214360128861481,
      "identical_matches_fraction": 0.0,
      "authenticity": 0.003980099535333166
    },
    "metrics_min": {
      "ks_statistic_mean": 0.06080426356589149,
      "ks_statistic_per_feature_mean": 0.06080426356589149,
      "wasserstein_distance": 0.07014274703604835,
      "kl_divergence": 0.03853619941284198,
      "js_divergence": 0.0041932163567349355,