{
  "metadata": {
    "dataset": "online_news_popularity",
    "model": "DSBM",
    "n_folds": 5,
    "timestamp": "2025-12-29T11:43:25.246769",
    "n_metrics": 20,
    "metrics_list": [
      "ks_statistic_mean",
      "ks_statistic_per_feature_mean",
      "wasserstein_distance",
      "kl_divergence",
      "js_divergence",
      "mmd",
      "swd",
      "correlation_similarity",
      "pairwise_correlation_diff",
      "correlation_distance",
      "r2_score_real",
      "r2_score_synth",
      "rmse_real",
      "rmse_synth",
      "ml_efficiency_gap_percent",
      "dcr_mean",
      "dcr_median",
      "dcr_share",
      "identical_matches_fraction",
      "authenticity"
    ],
    "preprocessing": {
      "n_numerical": 43,
      "n_categorical": 16,
      "n_categorical_encoded": 85,
      "n_total_features": 85,
      "missing_strategy": "drop",
      "categorical_method": "one_hot",
      "numerical_scale": "standard"
    }
  },
  "folds": [
    {
      "ks_statistic_mean": 0.38976140768596385,
      "ks_statistic_per_feature_mean": 0.38976140768596385,
      "wasserstein_distance": 0.6240367504457632,
      "kl_divergence": 0.9032040990762595,
      "js_divergence": 0.22608222670986047,
      "mmd": 0.012620468472750829,
      "swd": 0.30583891084011205,
      "correlation_similarity": 0.9035000579799356,
      "pairwise_correlation_diff": 8.105995129695064,
      "correlation_distance": 8.105995129695064,
      "r2_score_real": 1.0,
      "r2_score_synth": 0.8956349492073059,
      "rmse_real": 1.1919309507951319e-05,
      "rmse_synth": 0.34263446088015537,
      "ml_efficiency_gap_percent": 10.43650507926941,
      "dcr_mean": 9.673762321472168,
      "dcr_median": 9.639856338500977,
      "dcr_share": 0.4976509538073467,
      "identical_matches_fraction": 0.0,
      "authenticity": 1.0,
      "fold": 1,
      "test_size": 7929,
      "synth_size": 31715
    },
    {
      "ks_statistic_mean": 0.38565393765860534,
      "ks_statistic_per_feature_mean": 0.38565393765860534,
      "wasserstein_distance": 0.6197386376914524,
      "kl_divergence": 0.9155578060863829,
      "js_divergence": 0.22620148402829934,
      "mmd": 0.012624588024538927,
      "swd": 0.27823729334780445,
      "correlation_similarity": 0.8982761406306315,
      "pairwise_correlation_diff": 8.544804187037123,
      "correlation_distance": 8.544804187037123,
      "r2_score_real": 1.0,
      "r2_score_synth": 0.47878164052963257,
      "rmse_real": 1.086888925232487e-05,
      "rmse_synth": 0.6997370583692528,
      "ml_efficiency_gap_percent": 52.12183594703674,
      "dcr_mean": 9.639659881591797,
      "dcr_median": 9.615808486938477,
      "dcr_share": 0.49626359766671924,
      "identical_matches_fraction": 0.0,
      "authenticity": 1.0,
      "fold": 2,
      "test_size": 7929,
      "synth_size": 31715
    },
    {
      "ks_statistic_mean": 0.3968699691500466,
      "ks_statistic_per_feature_mean": 0.3968699691500466,
      "wasserstein_distance": 0.6246910923648448,
      "kl_divergence": 0.934025314870993,
      "js_divergence": 0.22979747106311052,
      "mmd": 0.012617561823978291,
      "swd": 0.27226077230975526,
      "correlation_similarity": 0.9020942064743539,
      "pairwise_correlation_diff": 8.224086656164065,
      "correlation_distance": 8.224086656164065,
      "r2_score_real": 1.0,
      "r2_score_synth": 0.5682278871536255,
      "rmse_real": 1.1104946665808085e-05,
      "rmse_synth": 0.6521795374517202,
      "ml_efficiency_gap_percent": 43.17721128463745,
      "dcr_mean": 9.708324432373047,
      "dcr_median": 9.685688972473145,
      "dcr_share": 0.5241053129434021,
      "identical_matches_fraction": 0.0,
      "authenticity": 1.0,
      "fold": 3,
      "test_size": 7929,
      "synth_size": 31715
    },
    {
      "ks_statistic_mean": 0.3862524893054583,
      "ks_statistic_per_feature_mean": 0.3862524893054583,
      "wasserstein_distance": 0.6207486690864676,
      "kl_divergence": 0.9231858279293996,
      "js_divergence": 0.2274593956298369,
      "mmd": 0.01261698053261587,
      "swd": 0.25698527226385687,
      "correlation_similarity": 0.9010123285439375,
      "pairwise_correlation_diff": 8.314964402319143,
      "correlation_distance": 8.314964402319143,
      "r2_score_real": 1.0,
      "r2_score_synth": 0.852889895439148,
      "rmse_real": 1.1104946665808085e-05,
      "rmse_synth": 0.3806809618796626,
      "ml_efficiency_gap_percent": 14.711010456085205,
      "dcr_mean": 9.678624153137207,
      "dcr_median": 9.654861450195312,
      "dcr_share": 0.46662462557149614,
      "identical_matches_fraction": 0.0,
      "authenticity": 1.0,
      "fold": 4,
      "test_size": 7929,
      "synth_size": 31715
    },
    {
      "ks_statistic_mean": 0.4007921399042081,
      "ks_statistic_per_feature_mean": 0.4007921399042081,
      "wasserstein_distance": 0.6139481262791724,
      "kl_divergence": 0.8780922083536089,
      "js_divergence": 0.21634001236463143,
      "mmd": 0.012613303502175264,
      "swd": 0.4242757152339386,
      "correlation_similarity": 0.9047757223632775,
      "pairwise_correlation_diff": 7.998839321494209,
      "correlation_distance": 7.998839321494209,
      "r2_score_real": 1.0,
      "r2_score_synth": 0.8450545072555542,
      "rmse_real": 1.1346730969090718e-05,
      "rmse_synth": 0.3963262872335611,
      "ml_efficiency_gap_percent": 15.49454927444458,
      "dcr_mean": 9.449869155883789,
      "dcr_median": 9.424837112426758,
      "dcr_share": 0.46799722537520494,
      "identical_matches_fraction": 0.0,
      "authenticity": 1.0,
      "fold": 5,
      "test_size": 7928,
      "synth_size": 31716
    }
  ],
  "summary": {
    "metrics_mean": {
      "ks_statistic_mean": 0.3918659887408564,
      "ks_statistic_per_feature_mean": 0.3918659887408564,
      "wasserstein_distance": 0.6206326551735402,
      "kl_divergence": 0.9108130512633288,
      "js_divergence": 0.22517611795914774,
      "mmd": 0.012618580471211834,
      "swd": 0.30751959279909347,
      "correlation_similarity": 0.9019316911984273,
      "pairwise_correlation_diff": 8.23773793934192,
      "correlation_distance": 8.23773793934192,
      "r2_score_real": 1.0,
      "r2_score_synth": 0.7281177759170532,
      "rmse_real": 1.1268964612196615e-05,
      "rmse_synth": 0.4943116611628704,
      "ml_efficiency_gap_percent": 27.188222408294678,
      "dcr_mean": 9.6300479888916,
      "dcr_median": 9.604210472106933,
      "dcr_share": 0.49052834307283383,
      "identical_matches_fraction": 0.0,
      "authenticity": 1.0
    },
    "metrics_std": {
      "ks_statistic_mean": 0.005987423661356991,
      "ks_statistic_per_feature_mean": 0.005987423661356991,
      "wasserstein_distance": 0.0038354772867022625,
      "kl_divergence": 0.019198735357615248,
      "js_divergence": 0.00461561333203513,
      "mmd": 3.7709175196308366e-06,
      "swd": 0.060480032826181834,
      "correlation_similarity": 0.0022263412356181983,
      "pairwise_correlation_diff": 0.1870126637921509,
      "correlation_distance": 0.1870126637921509,
      "r2_score_real": 0.0,
      "r2_score_synth": 0.1703159236431172,
      "rmse_real": 3.585694233339772e-07,
      "rmse_synth": 0.15009390566616074,
      "ml_efficiency_gap_percent": 17.03159236431172,
      "dcr_mean": 0.09268720359922568,
      "dcr_median": 0.09250320157184229,
      "dcr_share": 0.021401292529701545,
      "identical_matches_fraction": 0.0,
      "authenticity": 0.0
    },
    "metrics_min": {
      "ks_statistic_mean": 0.38565393765860534,
      "ks_statistic_per_feature_mean": 0.38565393765860534,
      "wasserstein_distance": 0.6139481262791724,
      "kl_divergence": 0.8780922083536089,
      "js_divergence": 0.21634001236463143,
      "mmd": 0.012613303502175264,
      "swd": 0.25698527226385687,
      "correlation_similarity": 0.8982761406306315,
      "pairwise_correlation_diff": 7.998839321494209,
      "correlation_distance": 7.998839321494209,