{
  "metadata": {
    "dataset": "diabetes",
    "model": "DSBM",
    "n_folds": 5,
    "timestamp": "2025-12-29T04:09:34.490482",
    "n_metrics": 20,
    "metrics_list": [
      "ks_statistic_mean",
      "ks_statistic_per_feature_mean",
      "wasserstein_distance",
      "kl_divergence",
      "js_divergence",
      "mmd",
      "swd",
      "correlation_similarity",
      "pairwise_correlation_diff",
      "correlation_distance",
      "r2_score_real",
      "r2_score_synth",
      "rmse_real",
      "rmse_synth",
      "ml_efficiency_gap_percent",
      "dcr_mean",
      "dcr_median",
      "dcr_share",
      "identical_matches_fraction",
      "authenticity"
    ],
    "preprocessing": {
      "n_numerical": 9,
      "n_categorical": 1,
      "n_categorical_encoded": 11,
      "n_total_features": 11,
      "missing_strategy": "drop",
      "categorical_method": "one_hot",
      "numerical_scale": "standard"
    }
  },
  "folds": [
    {
      "ks_statistic_mean": 0.12390107266766401,
      "ks_statistic_per_feature_mean": 0.12390107266766401,
      "wasserstein_distance": 0.1575779028236866,
      "kl_divergence": 0.11938930701475639,
      "js_divergence": 0.021612353454826552,
      "mmd": 0.12098406753621561,
      "swd": 0.21361578762035477,
      "correlation_similarity": 0.8845079590993257,
      "pairwise_correlation_diff": 1.1549204090182925,
      "correlation_distance": 1.1549204090182925,
      "r2_score_real": 1.0,
      "r2_score_synth": 0.9936681985855103,
      "rmse_real": 9.739460512308744e-05,
      "rmse_synth": 0.07517278011651694,
      "ml_efficiency_gap_percent": 0.6331801414489746,
      "dcr_mean": 1.8194211721420288,
      "dcr_median": 1.7719056606292725,
      "dcr_share": 0.4730878186968839,
      "identical_matches_fraction": 0.0,
      "authenticity": 0.5807365439093485,
      "fold": 1,
      "test_size": 89,
      "synth_size": 353
    },
    {
      "ks_statistic_mean": 0.14697138491899292,
      "ks_statistic_per_feature_mean": 0.14697138491899292,
      "wasserstein_distance": 0.18343918025493622,
      "kl_divergence": 0.1364170304057764,
      "js_divergence": 0.03415730803196186,
      "mmd": 0.11960598335945268,
      "swd": 0.21036933819867126,
      "correlation_similarity": 0.8846102858371693,
      "pairwise_correlation_diff": 1.1538971416398458,
      "correlation_distance": 1.1538971416398458,
      "r2_score_real": 1.0,
      "r2_score_synth": 0.996912956237793,
      "rmse_real": 9.000631450290475e-05,
      "rmse_synth": 0.0542809690360856,
      "ml_efficiency_gap_percent": 0.3087043762207031,
      "dcr_mean": 1.8112105131149292,
      "dcr_median": 1.7310236692428589,
      "dcr_share": 0.47875354107648727,
      "identical_matches_fraction": 0.0,
      "authenticity": 0.5155807365439093,
      "fold": 2,
      "test_size": 89,
      "synth_size": 353
    },
    {
      "ks_statistic_mean": 0.14379173086800207,
      "ks_statistic_per_feature_mean": 0.14379173086800207,
      "wasserstein_distance": 0.20748822912573814,
      "kl_divergence": 0.13483220415716635,
      "js_divergence": 0.03558198570260467,
      "mmd": 0.12104698326465432,
      "swd": 0.2722897654517925,
      "correlation_similarity": 0.8941343061235482,
      "pairwise_correlation_diff": 1.0586569387751046,
      "correlation_distance": 1.0586569387751046,
      "r2_score_real": 1.0,
      "r2_score_synth": 0.9981232285499573,
      "rmse_real": 9.13879845769957e-05,
      "rmse_synth": 0.04340884934449604,
      "ml_efficiency_gap_percent": 0.18767714500427246,
      "dcr_mean": 1.8132340908050537,
      "dcr_median": 1.7290780544281006,
      "dcr_share": 0.5141242937853108,
      "identical_matches_fraction": 0.0,
      "authenticity": 0.5423728813559322,
      "fold": 3,
      "test_size": 88,
      "synth_size": 354
    },
    {
      "ks_statistic_mean": 0.18501540832049307,
      "ks_statistic_per_feature_mean": 0.18501540832049307,
      "wasserstein_distance": 0.28435695320367815,
      "kl_divergence": 0.17136751138303608,
      "js_divergence": 0.035558583984074944,
      "mmd": 0.12583359532995214,
      "swd": 0.30626705291654743,
      "correlation_similarity": 0.8959852869646647,
      "pairwise_correlation_diff": 1.0401471303637537,
      "correlation_distance": 1.0401471303637537,
      "r2_score_real": 1.0,
      "r2_score_synth": 0.9952901601791382,
      "rmse_real": 9.010057813848016e-05,
      "rmse_synth": 0.06704709135948303,
      "ml_efficiency_gap_percent": 0.47098398208618164,
      "dcr_mean": 1.8493000268936157,
      "dcr_median": 1.8075621128082275,
      "dcr_share": 0.5112994350282486,
      "identical_matches_fraction": 0.0,
      "authenticity": 0.4463276836158192,
      "fold": 4,
      "test_size": 88,
      "synth_size": 354
    },
    {
      "ks_statistic_mean": 0.16816897791474064,
      "ks_statistic_per_feature_mean": 0.16816897791474064,
      "wasserstein_distance": 0.2738579258322716,
      "kl_divergence": 0.14850651966928438,
      "js_divergence": 0.02899454312225151,
      "mmd": 0.12366728551966066,
      "swd": 0.3036858186996275,
      "correlation_similarity": 0.908075986457047,
      "pairwise_correlation_diff": 0.9192401354387227,
      "correlation_distance": 0.9192401354387227,
      "r2_score_real": 1.0,
      "r2_score_synth": 0.9974336624145508,
      "rmse_real": 9.13879845769957e-05,
      "rmse_synth": 0.050761083578382805,
      "ml_efficiency_gap_percent": 0.2566337585449219,
      "dcr_mean": 1.8202279806137085,
      "dcr_median": 1.781795859336853,
      "dcr_share": 0.4971751412429379,
      "identical_matches_fraction": 0.0,
      "authenticity": 0.5790960451977402,
      "fold": 5,
      "test_size": 88,
      "synth_size": 354
    }
  ],
  "summary": {
    "metrics_mean": {
      "ks_statistic_mean": 0.15356971493797852,
      "ks_statistic_per_feature_mean": 0.15356971493797852,
      "wasserstein_distance": 0.22134403824806212,
      "kl_divergence": 0.14210251452600392,
      "js_divergence": 0.031180954859143906,
      "mmd": 0.12222758300198708,
      "swd": 0.2612455525773987,
      "correlation_similarity": 0.8934627648963509,
      "pairwise_correlation_diff": 1.0653723510471438,
      "correlation_distance": 1.0653723510471438,
      "r2_score_real": 1.0,
      "r2_score_synth": 0.9962856411933899,
      "rmse_real": 9.205549338369275e-05,
      "rmse_synth": 0.05813415468699289,
      "ml_efficiency_gap_percent": 0.37143588066101074,
      "dcr_mean": 1.8226787567138671,
      "dcr_median": 1.7642730712890624,
      "dcr_share": 0.4948880459659737,
      "identical_matches_fraction": 0.0,
      "authenticity": 0.5328227781245498
    },
    "metrics_std": {
      "ks_statistic_mean": 0.021077691417457602,
      "ks_statistic_per_feature_mean": 0.021077691417457602,
      "wasserstein_distance": 0.04984619859785459,
      "kl_divergence": 0.017311980019089915,
      "js_divergence": 0.0053615280763566996,
      "mmd": 0.0022310983567727883,
      "swd": 0.04196920303913807,
      "correlation_similarity": 0.008705346195788373,
      "pairwise_correlation_diff": 0.08705346195875405,
      "correlation_distance": 0.08705346195875405,
      "r2_score_real": 0.0,
      "r2_score_synth": 0.0016081164409000892,
      "rmse_real": 2.7356197791802376e-06,
      "rmse_synth": 0.011452502183524683,
      "ml_efficiency_gap_percent": 0.16081164409000892,
      "dcr_mean": 0.013755235454856036,
      "dcr_median": 0.03027691392769598,
      "dcr_share": 0.016614270269494517,
      "identical_matches_fraction": 0.0,
      "authenticity": 0.049612171976199916
    },
    "metrics_min": {
      "ks_statistic_mean": 0.12390107266766401,
      "ks_statistic_per_feature_mean": 0.12390107266766401,
      "wasserstein_distance": 0.1575779028236866,
      "kl_divergence": 0.11938930701475639,
      "js_divergence": 0.021612353454826552,
      "mmd": 0.11960598335945268,
      "swd": 0.21036933819867126,
      "correlation_similarity": 0.8845079590993257,