{
  "grid_size": 10,
  "n_samples": 100,
  "hidden_dim": 64,
  "learning_rate": 0.001,
  "iterations": 100,
  "seed": 42,
  "losses": [
    0.6962247490882874,
    0.6948599815368652,
    0.6934882998466492,
    0.6921965479850769,
    0.6908649206161499,
    0.6895184516906738,
    0.6880556344985962,
    0.6865586042404175,
    0.6849062442779541,
    0.683053731918335,
    0.6810045838356018,
    0.6787478923797607,
    0.6760618686676025,
    0.6731534004211426,
    0.6698417067527771,
    0.6662785410881042,
    0.662071168422699,
    0.6572846174240112,
    0.6519917249679565,
    0.645945131778717,
    0.6393352746963501,
    0.6317142844200134,
    0.6232237219810486,
    0.6140413880348206,
    0.6035295128822327,
    0.5923218727111816,
    0.5805078744888306,
    0.5676118731498718,
    0.5544642210006714,
    0.5401428937911987,
    0.5266759991645813,
    0.5124642252922058,
    0.5001733899116516,
    0.4881731867790222,
    0.4779731035232544,
    0.47048476338386536,
    0.46277567744255066,
    0.4587087035179138,
    0.45505908131599426,
    0.4523085951805115,
    0.44916054606437683,
    0.44609618186950684,
    0.4437830150127411,
    0.43831440806388855,
    0.4354498088359833,
    0.42815732955932617,
    0.4250229001045227,
    0.41903266310691833,
    0.4174985885620117,
    0.41328656673431396,
    0.411832720041275,
    0.4109595715999603,
    0.40882444381713867,
    0.4093480408191681,
    0.40781253576278687,
    0.40777432918548584,
    0.4079073965549469,
    0.40569713711738586,
    0.4064193069934845,
    0.40563535690307617,
    0.40573450922966003,
    0.4055156707763672,
    0.4047161340713501,
    0.4036143124103546,
    0.4032582938671112,
    0.4016156792640686,
    0.40230172872543335,
    0.40181729197502136,
    0.4027509391307831,
    0.40246883034706116,
    0.4008491635322571,
    0.40209245681762695,
    0.4010804295539856,
    0.4025610387325287,
    0.4019867777824402,
    0.4013609290122986,
    0.400776207447052,
    0.40029019117355347,
    0.40098994970321655,
    0.40131470561027527,
    0.4005540907382965,
    0.3996642231941223,
    0.39984849095344543,
    0.40002721548080444,
    0.400691419839859,
    0.40006962418556213,
    0.3999680280685425,
    0.4003883898258209,
    0.39974507689476013,
    0.4000307321548462,
    0.3997505009174347,
    0.39996451139450073,
    0.4003819227218628,
    0.39943403005599976,
    0.3989868760108948,
    0.39890578389167786,
    0.4000648558139801,
    0.3992685079574585,
    0.3998767137527466,
    0.3997576832771301
  ],
  "perm_changes": [
    0.98,
    1.0,
    0.99,
    0.98,
    0.99,
    1.0,
    0.99,
    1.0,
    0.97,
    0.98,
    0.99,
    0.97,
    0.98,
    0.98,
    0.99,
    0.99,
    1.0,
    1.0,
    0.96,
    1.0,
    1.0,
    0.98,
    0.98,
    0.99,
    1.0,
    0.99,
    0.98,
    0.97,
    0.97,
    0.99,
    0.98,
    0.95,
    0.97,
    0.94,
    0.99,
    0.95,
    0.97,
    0.99,
    1.0,
    0.98,
    0.94,
    0.95,
    0.97,
    0.96,
    0.97,
    0.94,
    0.93,
    0.95,
    0.96,
    0.98,
    0.97,
    0.99,
    0.96,
    0.98,
    0.96,
    0.98,
    0.96,
    1.0,
    0.99,
    0.98,
    0.94,
    0.95,
    0.93,
    0.97,
    0.99,
    0.97,
    0.94,
    1.0,
    0.97,
    1.0,
    0.97,
    0.97,
    0.97,
    1.0,
    0.97,
    0.97,
    0.99,
    1.0,
    0.98,
    0.99,
    0.97,
    0.98,
    0.96,
    0.93,
    0.98,
    0.94,
    0.98,
    0.94,
    0.96,
    0.96,
    0.97,
    0.97,
    0.95,
    0.98,
    0.96,
    0.99,
    0.96,
    0.98,
    0.97,
    0.98
  ],
  "initial_loss": 0.6962247490882874,
  "final_loss": 0.3997576832771301,
  "loss_reduction": 0.4258209237740881,
  "sparsity_x0": 0.9134,
  "sparsity_x1": 0.27690000000000003
}