{
  "metadata": {
    "dataset": "online_news_popularity",
    "model": "ASBM",
    "n_folds": 5,
    "timestamp": "2026-01-16T09:45:28.420495",
    "n_metrics": 20
  },
  "folds": [
    {
      "ks_statistic_mean": 0.3359597083079314,
      "ks_statistic_per_feature_mean": 0.3359597083079314,
      "wasserstein_distance": 0.3816589056674776,
      "kl_divergence": 0.33725865574027736,
      "js_divergence": 0.08177089274480383,
      "mmd": 0.01273958154343313,
      "swd": 10.665097559355724,
      "correlation_similarity": 0.8856410460665205,
      "pairwise_correlation_diff": 6.63281932815325,
      "correlation_distance": 6.63281932815325,
      "r2_score_real": -0.41072940826416016,
      "r2_score_synth": -0.7855203151702881,
      "rmse_real": 0.4702144476234297,
      "rmse_synth": 0.529001019550776,
      "ml_efficiency_gap_percent": 91.25007836426497,
      "dcr_mean": 5.338766098022461,
      "dcr_median": 5.204041004180908,
      "dcr_share": 0.5052498817594199,
      "identical_matches_fraction": 0.0,
      "authenticity": 0.9626359766671921,
      "fold": 1,
      "test_size": 7929,
      "synth_size": 31715
    },
    {
      "ks_statistic_mean": 0.34667145842838587,
      "ks_statistic_per_feature_mean": 0.34667145842838587,
      "wasserstein_distance": 0.3404077518859814,
      "kl_divergence": 0.45082432133803313,
      "js_divergence": 0.10673990145382717,
      "mmd": 0.012754754939409148,
      "swd": 0.3273510274177771,
      "correlation_similarity": 0.8641905322710363,
      "pairwise_correlation_diff": 7.8769491282934805,
      "correlation_distance": 7.8769491282934805,
      "r2_score_real": -2.61316180229187,
      "r2_score_synth": -0.7250673770904541,
      "rmse_real": 1.115884407722554,
      "rmse_synth": 0.7710429026990533,
      "ml_efficiency_gap_percent": 72.25325364642424,
      "dcr_mean": 5.419208526611328,
      "dcr_median": 5.333720684051514,
      "dcr_share": 0.5063534605076462,
      "identical_matches_fraction": 0.0,
      "authenticity": 0.991423616585212,
      "fold": 2,
      "test_size": 7929,
      "synth_size": 31715
    },
    {
      "ks_statistic_mean": 0.36310207317245147,
      "ks_statistic_per_feature_mean": 0.36310207317245147,
      "wasserstein_distance": 0.3652090021762355,
      "kl_divergence": 0.3819337913710392,
      "js_divergence": 0.09698397684818691,
      "mmd": 0.012748061113482522,
      "swd": 0.291595023685209,
      "correlation_similarity": 0.8780336603517958,
      "pairwise_correlation_diff": 7.074047699608046,
      "correlation_distance": 7.074047699608046,
      "r2_score_real": -0.2587118148803711,
      "r2_score_synth": -0.697817325592041,
      "rmse_real": 0.8763763298032197,
      "rmse_synth": 1.0178246373409492,
      "ml_efficiency_gap_percent": 169.72766045289168,
      "dcr_mean": 5.908962726593018,
      "dcr_median": 5.596414566040039,
      "dcr_share": 0.5182405801671134,
      "identical_matches_fraction": 0.0,
      "authenticity": 0.9914551474065899,
      "fold": 3,
      "test_size": 7929,
      "synth_size": 31715
    },
    {
      "ks_statistic_mean": 0.3652719777976099,
      "ks_statistic_per_feature_mean": 0.3652719777976099,
      "wasserstein_distance": 0.4016317684074928,
      "kl_divergence": 0.4895909220522316,
      "js_divergence": 0.11411185633477647,
      "mmd": 0.012780909996106132,
      "swd": 0.339603691426117,
      "correlation_similarity": 0.8462956619170025,
      "pairwise_correlation_diff": 8.914851608829228,
      "correlation_distance": 8.914851608829228,
      "r2_score_real": -8.281679153442383,
      "r2_score_synth": -0.6778968572616577,
      "rmse_real": 1.880780781879511,
      "rmse_synth": 0.7996639738091874,
      "ml_efficiency_gap_percent": 91.81449987736025,
      "dcr_mean": 5.457181930541992,
      "dcr_median": 5.288266181945801,
      "dcr_share": 0.3888065584108466,
      "identical_matches_fraction": 0.0,
      "authenticity": 0.9918650480845026,
      "fold": 4,
      "test_size": 7929,
      "synth_size": 31715
    },
    {
      "ks_statistic_mean": 0.3918829182856545,
      "ks_statistic_per_feature_mean": 0.3918829182856545,
      "wasserstein_distance": 0.3976298162135585,
      "kl_divergence": 0.4924071618574219,
      "js_divergence": 0.10744346062785541,
      "mmd": 0.012778687384436736,
      "swd": 0.40857681216660163,
      "correlation_similarity": 0.8497418317719085,
      "pairwise_correlation_diff": 8.714973757244334,
      "correlation_distance": 8.714973757244334,
      "r2_score_real": -0.12259471416473389,
      "r2_score_synth": -0.39388060569763184,
      "rmse_real": 0.6298228153959929,
      "rmse_synth": 0.7018102221263867,
      "ml_efficiency_gap_percent": 221.28677682494828,
      "dcr_mean": 5.153513431549072,
      "dcr_median": 5.042181015014648,
      "dcr_share": 0.3772543826459831,
      "identical_matches_fraction": 0.0,
      "authenticity": 0.9843927355278093,
      "fold": 5,
      "test_size": 7928,
      "synth_size": 31716
    }
  ],
  "summary": {
    "metrics_mean": {
      "ks_statistic_mean": 0.3605776271984066,
      "ks_statistic_per_feature_mean": 0.3605776271984066,
      "wasserstein_distance": 0.37730744887014916,
      "kl_divergence": 0.43040297047180065,
      "js_divergence": 0.10141001760188995,
      "mmd": 0.012760398995373535,
      "swd": 2.4064448228102857,
      "correlation_similarity": 0.8647805464756526,
      "pairwise_correlation_diff": 7.842728304425668,
      "correlation_distance": 7.842728304425668,
      "r2_score_real": -2.3373753786087037,
      "r2_score_synth": -0.6560364961624146,
      "rmse_real": 0.9946157564849415,
      "rmse_synth": 0.7638685511052705,
      "ml_efficiency_gap_percent": 129.26645383317788,
      "dcr_mean": 5.455526542663574,
      "dcr_median": 5.292924690246582,
      "dcr_share": 0.4591809726982018,
      "identical_matches_fraction": 0.0,
      "authenticity": 0.984354504854261
    },
    "metrics_std": {
      "ks_statistic_mean": 0.019015017567384735,
      "ks_statistic_per_feature_mean": 0.019015017567384735,
      "wasserstein_distance": 0.02250140600755053,
      "kl_divergence": 0.06130234844176969,
      "js_divergence": 0.011237720994264155,
      "mmd": 1.65687134573352e-05,
      "swd": 4.12950056438023,
      "correlation_similarity": 0.015355829410640752,
      "pairwise_correlation_diff": 0.8906381058186983,
      "correlation_distance": 0.8906381058186983,
      "r2_score_real": 3.1096258880065104,
      "r2_score_synth": 0.13600040140173478,
      "rmse_real": 0.4943775323842219,
      "rmse_synth": 0.15801295574581192,
      "ml_efficiency_gap_percent": 56.92670329304133,
      "dcr_mean": 0.24970824264062497,
      "dcr_median": 0.1814193042852315,
      "dcr_share": 0.062450219481563846,
      "identical_matches_fraction": 0.0,
      "authenticity": 0.011211562363300186
    },
    "metrics_min": {
      "ks_statistic_mean": 0.3359597083079314,
      "ks_statistic_per_feature_mean": 0.3359597083079314,
      "wasserstein_distance": 0.3404077518859814,
      "kl_divergence": 0.33725865574027736,
      "js_divergence": 0.08177089274480383,
      "mmd": 0.01273958154343313,
      "swd": 0.291595023685209,
      "correlation_similarity": 0.8462956619170025,
      "pairwise_correlation_diff": 6.63281932815325,
      "correlation_distance": 6.63281932815325,
      "r2_score_real": -8.281679153442383,
      "r2_score_synth": -0.7855203151702881,
      "rmse_real": 0.4702144476234297,
      "rmse_synth": 0.529001019550776,
      "ml_efficiency_gap_percent": 72.25325364642424,
      "dcr_mean": 5.153513431549072,
      "dcr_median": 5.042181015014648,
      "dcr_share": 0.3772543826459831,
      "identical_matches_fraction": 0.0,
      "authenticity": 0.9626359766671921
    },
    "metrics_max": {
      "ks_statistic_mean": 0.3918829182856545,
      "ks_statistic_per_feature_mean": 0.3918829182856545,
      "wasserstein_distance": 0.4016317684074928,