{
  "metadata": {
    "dataset": "bank_marketing",
    "model": "ASBM",
    "n_folds": 5,
    "timestamp": "2026-01-16T10:14:51.254059",
    "n_metrics": 20
  },
  "folds": [
    {
      "ks_statistic_mean": 0.19560416666666666,
      "ks_statistic_per_feature_mean": 0.19560416666666666,
      "wasserstein_distance": 0.15103040635585785,
      "kl_divergence": 0.04374332533213451,
      "js_divergence": 0.008603376969759218,
      "mmd": 0.11629706170530967,
      "swd": 0.24915612854255603,
      "correlation_similarity": 0.8026706907308477,
      "pairwise_correlation_diff": 1.1839758556346467,
      "correlation_distance": 1.1839758556346467,
      "r2_score_real": 0.4463930130004883,
      "r2_score_synth": 0.2508038878440857,
      "rmse_real": 0.713220556545272,
      "rmse_synth": 0.8296994411377888,
      "ml_efficiency_gap_percent": 43.81545397445292,
      "dcr_mean": 0.6088404655456543,
      "dcr_median": 0.43520587682724,
      "dcr_share": 0.51925,
      "identical_matches_fraction": 0.0,
      "authenticity": 0.6715,
      "fold": 1,
      "test_size": 2000,
      "synth_size": 8000
    },
    {
      "ks_statistic_mean": 0.20760416666666667,
      "ks_statistic_per_feature_mean": 0.20760416666666667,
      "wasserstein_distance": 0.16118290026982626,
      "kl_divergence": 0.04744447412232084,
      "js_divergence": 0.010398124441434764,
      "mmd": 0.0945063143727347,
      "swd": 0.2235399835873191,
      "correlation_similarity": 0.8901591124868736,
      "pairwise_correlation_diff": 0.6590453250897421,
      "correlation_distance": 0.6590453250897421,
      "r2_score_real": 0.34012967348098755,
      "r2_score_synth": -1.378995656967163,
      "rmse_real": 0.6834611382602366,
      "rmse_synth": 1.29772103530874,
      "ml_efficiency_gap_percent": 505.4323290450122,
      "dcr_mean": 0.6344393491744995,
      "dcr_median": 0.5246761441230774,
      "dcr_share": 0.490875,
      "identical_matches_fraction": 0.0,
      "authenticity": 0.6725,
      "fold": 2,
      "test_size": 2000,
      "synth_size": 8000
    },
    {
      "ks_statistic_mean": 0.197375,
      "ks_statistic_per_feature_mean": 0.197375,
      "wasserstein_distance": 0.135054017106692,
      "kl_divergence": 0.040558750881678325,
      "js_divergence": 0.008339319478832737,
      "mmd": 0.10683322326098262,
      "swd": 0.18456802583436135,
      "correlation_similarity": 0.8756708640127067,
      "pairwise_correlation_diff": 0.7459748159361931,
      "correlation_distance": 0.7459748159361931,
      "r2_score_real": 0.35477006435394287,
      "r2_score_synth": -0.04095602035522461,
      "rmse_real": 0.5846462008041667,
      "rmse_synth": 0.742595078838161,
      "ml_efficiency_gap_percent": 111.54438450995237,
      "dcr_mean": 0.5976824164390564,
      "dcr_median": 0.510653555393219,
      "dcr_share": 0.49875,
      "identical_matches_fraction": 0.0,
      "authenticity": 0.629875,
      "fold": 3,
      "test_size": 2000,
      "synth_size": 8000
    },
    {
      "ks_statistic_mean": 0.2603958333333333,
      "ks_statistic_per_feature_mean": 0.2603958333333333,
      "wasserstein_distance": 0.16805177678664526,
      "kl_divergence": 0.06522223288179292,
      "js_divergence": 0.01280999483604646,
      "mmd": 0.10784183598555905,
      "swd": 0.22018243145491487,
      "correlation_similarity": 0.8714024696474041,
      "pairwise_correlation_diff": 0.771585182128435,
      "correlation_distance": 0.771585182128435,
      "r2_score_real": 0.36049777269363403,
      "r2_score_synth": 0.08223998546600342,
      "rmse_real": 0.7040918061192878,
      "rmse_synth": 0.8434762157304678,
      "ml_efficiency_gap_percent": 77.18710302937312,
      "dcr_mean": 0.580996572971344,
      "dcr_median": 0.46741563081741333,
      "dcr_share": 0.4925,
      "identical_matches_fraction": 0.0,
      "authenticity": 0.716625,
      "fold": 4,
      "test_size": 2000,
      "synth_size": 8000
    },
    {
      "ks_statistic_mean": 0.1980625,
      "ks_statistic_per_feature_mean": 0.1980625,
      "wasserstein_distance": 0.15025683119893074,
      "kl_divergence": 0.046973732805094016,
      "js_divergence": 0.010751988303251183,
      "mmd": 0.10423138456422062,
      "swd": 0.28525921752720845,
      "correlation_similarity": 0.8590164892418377,
      "pairwise_correlation_diff": 0.8459010645630723,
      "correlation_distance": 0.8459010645630723,
      "r2_score_real": -4.98263692855835,
      "r2_score_synth": 0.04449748992919922,
      "rmse_real": 2.14935172309928,
      "rmse_synth": 0.8589682223200804,
      "ml_efficiency_gap_percent": 100.89305102031733,
      "dcr_mean": 0.6043962836265564,
      "dcr_median": 0.471000611782074,
      "dcr_share": 0.471625,
      "identical_matches_fraction": 0.0,
      "authenticity": 0.668,
      "fold": 5,
      "test_size": 2000,
      "synth_size": 8000
    }
  ],
  "summary": {
    "metrics_mean": {
      "ks_statistic_mean": 0.21180833333333332,
      "ks_statistic_per_feature_mean": 0.21180833333333332,
      "wasserstein_distance": 0.15311518634359042,
      "kl_divergence": 0.04878850320460412,
      "js_divergence": 0.010180560805864873,
      "mmd": 0.10594196397776134,
      "swd": 0.232541157389272,
      "correlation_similarity": 0.8597839252239339,
      "pairwise_correlation_diff": 0.8412964486704178,
      "correlation_distance": 0.8412964486704178,
      "r2_score_real": -0.6961692810058594,
      "r2_score_synth": -0.20848206281661988,
      "rmse_real": 0.9669542849656487,
      "rmse_synth": 0.9144919986670477,
      "ml_efficiency_gap_percent": 167.7744643158216,
      "dcr_mean": 0.6052710175514221,
      "dcr_median": 0.48179036378860474,
      "dcr_share": 0.4946,
      "identical_matches_fraction": 0.0,
      "authenticity": 0.6717
    },
    "metrics_std": {
      "ks_statistic_mean": 0.02465061555463113,
      "ks_statistic_per_feature_mean": 0.02465061555463113,
      "wasserstein_distance": 0.011197428972699725,
      "kl_divergence": 0.008583122042024532,
      "js_divergence": 0.0016226808137531274,
      "mmd": 0.007004742243965772,
      "swd": 0.03343779812981059,
      "correlation_similarity": 0.030240859485490424,
      "pairwise_correlation_diff": 0.18144515691596674,
      "correlation_distance": 0.18144515691596674,
      "r2_score_real": 2.1435572202425113,
      "r2_score_synth": 0.5928960443338152,
      "rmse_real": 0.5929703238565135,
      "rmse_synth": 0.19582081327083412,
      "ml_efficiency_gap_percent": 170.4228184267048,
      "dcr_mean": 0.017384666891318557,
      "dcr_median": 0.03214168665863809,
      "dcr_share": 0.015303471828313986,
      "identical_matches_fraction": 0.0,
      "authenticity": 0.027502568061910142
    },
    "metrics_min": {
      "ks_statistic_mean": 0.19560416666666666,
      "ks_statistic_per_feature_mean": 0.19560416666666666,
      "wasserstein_distance": 0.135054017106692,
      "kl_divergence": 0.040558750881678325,
      "js_divergence": 0.008339319478832737,
      "mmd": 0.0945063143727347,
      "swd": 0.18456802583436135,
      "correlation_similarity": 0.8026706907308477,
      "pairwise_correlation_diff": 0.6590453250897421,
      "correlation_distance": 0.6590453250897421,
      "r2_score_real": -4.98263692855835,
      "r2_score_synth": -1.378995656967163,
      "rmse_real": 0.5846462008041667,
      "rmse_synth": 0.742595078838161,
      "ml_efficiency_gap_percent": 43.81545397445292,
      "dcr_mean": 0.580996572971344,
      "dcr_median": 0.43520587682724,
      "dcr_share": 0.471625,
      "identical_matches_fraction": 0.0,
      "authenticity": 0.629875
    },
    "metrics_max": {
      "ks_statistic_mean": 0.2603958333333333,
      "ks_statistic_per_feature_mean": 0.2603958333333333,
      "wasserstein_distance": 0.16805177678664526,
      "kl_divergence": 0.06522223288179292,
      "js_divergence": 0.01280999483604646,
      "mmd": 0.11629706170530967,
      "swd": 0.28525921752720845,