{
  "metadata": {
    "dataset": "covertype",
    "model": "ASBM",
    "n_folds": 5,
    "timestamp": "2026-01-16T10:40:05.677290",
    "n_metrics": 20
  },
  "folds": [
    {
      "ks_statistic_mean": 0.4938372641509434,
      "ks_statistic_per_feature_mean": 0.4938372641509434,
      "wasserstein_distance": 0.8762100693189873,
      "kl_divergence": 0.7317837991463664,
      "js_divergence": 0.19059448785679367,
      "mmd": 0.05637020498005038,
      "swd": 0.6602188966233017,
      "correlation_similarity": 0.7814776235949262,
      "pairwise_correlation_diff": 11.581685949490764,
      "correlation_distance": 11.581685949490764,
      "r2_score_real": 0.37606239318847656,
      "r2_score_synth": -0.15029096603393555,
      "rmse_real": 0.5878644411459705,
      "rmse_synth": 0.7981976770396352,
      "ml_efficiency_gap_percent": 139.96436994395557,
      "dcr_mean": 8.548585891723633,
      "dcr_median": 7.847855567932129,
      "dcr_share": 0.504375,
      "identical_matches_fraction": 0.0,
      "authenticity": 1.0,
      "fold": 1,
      "test_size": 2000,
      "synth_size": 8000
    },
    {
      "ks_statistic_mean": 1.0,
      "ks_statistic_per_feature_mean": 1.0,
      "wasserstein_distance": 5.256506586806174e+19,
      "kl_divergence": NaN,
      "js_divergence": NaN,
      "mmd": 0.055561854637130634,
      "swd": 5.616995723272883e+19,
      "correlation_similarity": 0.005354251416135769,
      "pairwise_correlation_diff": 52.71622467504427,
      "correlation_distance": 52.71622467504427,
      "r2_score_real": -0.22191214561462402,
      "r2_score_synth": -Infinity,
      "rmse_real": 0.8226719303212594,
      "rmse_synth": Infinity,
      "ml_efficiency_gap_percent": Infinity,
      "dcr_mean": Infinity,
      "dcr_median": Infinity,
      "dcr_share": 0.0,
      "identical_matches_fraction": 0.0,
      "authenticity": 1.0,
      "fold": 2,
      "test_size": 2000,
      "synth_size": 8000
    },
    {
      "ks_statistic_mean": 0.5274740566037737,
      "ks_statistic_per_feature_mean": 0.5274740566037737,
      "wasserstein_distance": 0.9907894370690832,
      "kl_divergence": 0.6918173567894732,
      "js_divergence": 0.18490308196828018,
      "mmd": 0.05524168059825625,
      "swd": 0.8733041380702402,
      "correlation_similarity": 0.7817441009987287,
      "pairwise_correlation_diff": 11.567562647089208,
      "correlation_distance": 11.567562647089208,
      "r2_score_real": 0.3369724750518799,
      "r2_score_synth": 0.06245464086532593,
      "rmse_real": 0.9833418253084738,
      "rmse_synth": 1.169324056636053,
      "ml_efficiency_gap_percent": 81.46595182419262,
      "dcr_mean": 9.526093482971191,
      "dcr_median": 8.752229690551758,
      "dcr_share": 0.51375,
      "identical_matches_fraction": 0.0,
      "authenticity": 1.0,
      "fold": 3,
      "test_size": 2000,
      "synth_size": 8000
    },
    {
      "ks_statistic_mean": 0.5097924528301887,
      "ks_statistic_per_feature_mean": 0.5097924528301887,
      "wasserstein_distance": 0.943999559811826,
      "kl_divergence": 0.7331802667647624,
      "js_divergence": 0.19606664776081198,
      "mmd": 0.05610791695106484,
      "swd": 0.7631406140749312,
      "correlation_similarity": 0.7636721940228421,
      "pairwise_correlation_diff": 12.525373716812998,
      "correlation_distance": 12.525373716812998,
      "r2_score_real": 0.2364090085029602,
      "r2_score_synth": -0.19962811470031738,
      "rmse_real": 0.7499955495066521,
      "rmse_synth": 0.9400513899228878,
      "ml_efficiency_gap_percent": 184.44183915175032,
      "dcr_mean": 9.351417541503906,
      "dcr_median": 8.396596908569336,
      "dcr_share": 0.504375,
      "identical_matches_fraction": 0.0,
      "authenticity": 1.0,
      "fold": 4,
      "test_size": 2000,
      "synth_size": 8000
    },
    {
      "ks_statistic_mean": 0.486313679245283,
      "ks_statistic_per_feature_mean": 0.486313679245283,
      "wasserstein_distance": 0.8270313970322879,
      "kl_divergence": 0.6795879284726823,
      "js_divergence": 0.1813211032370898,
      "mmd": 0.05432309496753098,
      "swd": 0.6265771569030505,
      "correlation_similarity": 0.7630774821515858,
      "pairwise_correlation_diff": 12.556893445989646,
      "correlation_distance": 12.556893445989646,
      "r2_score_real": 0.47924691438674927,
      "r2_score_synth": -0.07421326637268066,
      "rmse_real": 0.7600886190346562,
      "rmse_synth": 1.0916755076528437,
      "ml_efficiency_gap_percent": 115.48539263265678,
      "dcr_mean": 8.227127075195312,
      "dcr_median": 7.017767429351807,
      "dcr_share": 0.51125,
      "identical_matches_fraction": 0.0,
      "authenticity": 1.0,
      "fold": 5,
      "test_size": 2000,
      "synth_size": 8000
    }
  ],
  "summary": {
    "metrics_mean": {
      "ks_statistic_mean": 0.6034834905660377,
      "ks_statistic_per_feature_mean": 0.6034834905660377,
      "wasserstein_distance": 1.0513013173612347e+19,
      "kl_divergence": NaN,
      "js_divergence": NaN,
      "mmd": 0.05552095042680662,
      "swd": 1.1233991446545766e+19,
      "correlation_similarity": 0.6190651304368437,
      "pairwise_correlation_diff": 20.189548086885374,
      "correlation_distance": 20.189548086885374,
      "r2_score_real": 0.2413557291030884,
      "r2_score_synth": -Infinity,
      "rmse_real": 0.7807924730634024,
      "rmse_synth": Infinity,
      "ml_efficiency_gap_percent": Infinity,
      "dcr_mean": Infinity,
      "dcr_median": Infinity,
      "dcr_share": 0.40675,
      "identical_matches_fraction": 0.0,
      "authenticity": 1.0
    },
    "metrics_std": {
      "ks_statistic_mean": 0.19876209221528582,
      "ks_statistic_per_feature_mean": 0.19876209221528582,
      "wasserstein_distance": 2.1026026347224695e+19,
      "kl_divergence": NaN,
      "js_divergence": NaN,
      "mmd": 0.0007183711421935419,
      "swd": 2.2467982893091533e+19,
      "correlation_similarity": 0.30696386390278724,
      "pairwise_correlation_diff": 16.26908478687842,
      "correlation_distance": 16.26908478687842,
      "r2_score_real": 0.2443449435861836,
      "r2_score_synth": NaN,
      "rmse_real": 0.12757621612733955,
      "rmse_synth": NaN,
      "ml_efficiency_gap_percent": NaN,
      "dcr_mean": NaN,
      "dcr_median": NaN,
      "dcr_share": 0.20340899377854463,
      "identical_matches_fraction": 0.0,
      "authenticity": 0.0
    },
    "metrics_min": {
      "ks_statistic_mean": 0.486313679245283,
      "ks_statistic_per_feature_mean": 0.486313679245283,
      "wasserstein_distance": 0.8270313970322879,
      "kl_divergence": NaN,
      "js_divergence": NaN,
      "mmd": 0.05432309496753098,
      "swd": 0.6265771569030505,
      "correlation_similarity": 0.005354251416135769,
      "pairwise_correlation_diff": 11.567562647089208,
      "correlation_distance": 11.567562647089208,
      "r2_score_real": -0.22191214561462402,
      "r2_score_synth": -Infinity,
      "rmse_real": 0.5878644411459705,
      "rmse_synth": 0.7981976770396352,
      "ml_efficiency_gap_percent": 81.46595182419262,
      "dcr_mean": 8.227127075195312,
      "dcr_median": 7.017767429351807,
      "dcr_share": 0.0,
      "identical_matches_fraction": 0.0,
      "authenticity": 1.0
    },
    "metrics_max": {
      "ks_statistic_mean": 1.0,
      "ks_statistic_per_feature_mean": 1.0,
      "wasserstein_distance": 5.256506586806174e+19,
      "kl_divergence": NaN,
      "js_divergence": NaN,
      "mmd": 0.05637020498005038,
      "swd": 5.616995723272883e+19,
      "correlation_similarity": 0.7817441009987287,
      "pairwise_correlation_diff": 52.71622467504427,
      "correlation_distance": 52.71622467504427,
      "r2_score_real": 0.47924691438674927,
      "r2_score_synth": 0.06245464086532593,
      "rmse_real": 0.9833418253084738,
      "rmse_synth": Infinity,
      "ml_efficiency_gap_percent": Infinity,
      "dcr_mean": Infinity,
      "dcr_median": Infinity,
      "dcr_share": 0.51375,