{
  "metadata": {
    "dataset": "california_housing",
    "model": "ASBM",
    "n_folds": 5,
    "timestamp": "2026-01-16T09:16:17.916497",
    "n_metrics": 20
  },
  "folds": [
    {
      "ks_statistic_mean": 0.10388981173864896,
      "ks_statistic_per_feature_mean": 0.10388981173864896,
      "wasserstein_distance": 0.15141481373991286,
      "kl_divergence": 0.10338563457994072,
      "js_divergence": 0.01519300383181807,
      "mmd": 0.11633660027815006,
      "swd": 1.1478927951364744,
      "correlation_similarity": 0.6554937721752288,
      "pairwise_correlation_diff": 2.411543594807849,
      "correlation_distance": 2.411543594807849,
      "r2_score_real": 0.9418659806251526,
      "r2_score_synth": 0.8866734504699707,
      "rmse_real": 0.24123704436949148,
      "rmse_synth": 0.3368174760004599,
      "ml_efficiency_gap_percent": 5.859913330615093,
      "dcr_mean": 0.5545904040336609,
      "dcr_median": 0.5063282251358032,
      "dcr_share": 0.4921875,
      "identical_matches_fraction": 0.0,
      "authenticity": 0.6726623062015504,
      "fold": 1,
      "test_size": 4128,
      "synth_size": 16512
    },
    {
      "ks_statistic_mean": 0.12621124031007752,
      "ks_statistic_per_feature_mean": 0.12621124031007752,
      "wasserstein_distance": 0.14924288647515432,
      "kl_divergence": 0.2282230464642562,
      "js_divergence": 0.021242341578285407,
      "mmd": 0.12699344820918446,
      "swd": 0.4116220400428432,
      "correlation_similarity": 0.6825652786082338,
      "pairwise_correlation_diff": 2.222043049774107,
      "correlation_distance": 2.222043049774107,
      "r2_score_real": 0.9290571212768555,
      "r2_score_synth": 0.8603625893592834,
      "rmse_real": 0.26756274046839185,
      "rmse_synth": 0.3753808987852994,
      "ml_efficiency_gap_percent": 7.394005206392612,
      "dcr_mean": 0.5445394515991211,
      "dcr_median": 0.4921565055847168,
      "dcr_share": 0.5133236434108527,
      "identical_matches_fraction": 0.0,
      "authenticity": 0.6960392441860465,
      "fold": 2,
      "test_size": 4128,
      "synth_size": 16512
    },
    {
      "ks_statistic_mean": 0.1276906838316722,
      "ks_statistic_per_feature_mean": 0.1276906838316722,
      "wasserstein_distance": 0.1437030934861728,
      "kl_divergence": 0.10895777018034926,
      "js_divergence": 0.0188245884043099,
      "mmd": 0.10166315805505836,
      "swd": 0.5917821424798033,
      "correlation_similarity": 0.7166177255288748,
      "pairwise_correlation_diff": 1.9836759213262143,
      "correlation_distance": 1.9836759213262143,
      "r2_score_real": 0.9284816384315491,
      "r2_score_synth": 0.8523015975952148,
      "rmse_real": 0.2655677593488787,
      "rmse_synth": 0.38164054769087663,
      "ml_efficiency_gap_percent": 8.204797777694608,
      "dcr_mean": 0.5675888657569885,
      "dcr_median": 0.5154780149459839,
      "dcr_share": 0.515625,
      "identical_matches_fraction": 0.0,
      "authenticity": 0.7040334302325582,
      "fold": 3,
      "test_size": 4128,
      "synth_size": 16512
    },
    {
      "ks_statistic_mean": 0.13122058416389812,
      "ks_statistic_per_feature_mean": 0.13122058416389812,
      "wasserstein_distance": 0.14983491546341351,
      "kl_divergence": 0.17393950036503955,
      "js_divergence": 0.02003666894070611,
      "mmd": 0.10186395965318597,
      "swd": 0.38461298451154613,
      "correlation_similarity": 0.7648473978475749,
      "pairwise_correlation_diff": 1.6460682150904906,
      "correlation_distance": 1.6460682150904906,
      "r2_score_real": 0.9341214299201965,
      "r2_score_synth": 0.8717325925827026,
      "rmse_real": 0.2581200787857928,
      "rmse_synth": 0.36017021019746004,
      "ml_efficiency_gap_percent": 6.678878713105198,
      "dcr_mean": 0.5513021349906921,
      "dcr_median": 0.501873254776001,
      "dcr_share": 0.5254966085271318,
      "identical_matches_fraction": 0.0,
      "authenticity": 0.6862281976744186,
      "fold": 4,
      "test_size": 4128,
      "synth_size": 16512
    },
    {
      "ks_statistic_mean": 0.12812326965669987,
      "ks_statistic_per_feature_mean": 0.12812326965669987,
      "wasserstein_distance": 0.1569863488631589,
      "kl_divergence": 0.13682315833796635,
      "js_divergence": 0.020058845929399723,
      "mmd": 0.12709838978833612,
      "swd": 0.4244205955409305,
      "correlation_similarity": 0.7036970169765523,
      "pairwise_correlation_diff": 2.0741208811937644,
      "correlation_distance": 2.0741208811937644,
      "r2_score_real": 0.9393426775932312,
      "r2_score_synth": 0.8680141568183899,
      "rmse_real": 0.24760102579908844,
      "rmse_synth": 0.36523672092928705,
      "ml_efficiency_gap_percent": 7.593450449584395,
      "dcr_mean": 0.5796454548835754,
      "dcr_median": 0.5245974659919739,
      "dcr_share": 0.5740673449612403,
      "identical_matches_fraction": 0.0,
      "authenticity": 0.7231710271317829,
      "fold": 5,
      "test_size": 4128,
      "synth_size": 16512
    }
  ],
  "summary": {
    "metrics_mean": {
      "ks_statistic_mean": 0.12342711794019934,
      "ks_statistic_per_feature_mean": 0.12342711794019934,
      "wasserstein_distance": 0.1502364116055625,
      "kl_divergence": 0.15026582198551042,
      "js_divergence": 0.01907108973690384,
      "mmd": 0.11479111119678301,
      "swd": 0.5920661115423196,
      "correlation_similarity": 0.7046442382272929,
      "pairwise_correlation_diff": 2.067490332438485,
      "correlation_distance": 2.067490332438485,
      "r2_score_real": 0.934573769569397,
      "r2_score_synth": 0.8678168773651123,
      "rmse_real": 0.2560177297543287,
      "rmse_synth": 0.3638491707206766,
      "ml_efficiency_gap_percent": 7.1462090954783815,
      "dcr_mean": 0.5595332622528076,
      "dcr_median": 0.5080866932868957,
      "dcr_share": 0.524140019379845,
      "identical_matches_fraction": 0.0,
      "authenticity": 0.6964268410852713
    },
    "metrics_std": {
      "ks_statistic_mean": 0.00990381362727359,
      "ks_statistic_per_feature_mean": 0.00990381362727359,
      "wasserstein_distance": 0.004261052019344246,
      "kl_divergence": 0.04630892833462499,
      "js_divergence": 0.002084353772636869,
      "mmd": 0.011333217302402615,
      "swd": 0.28727870256015553,
      "correlation_similarity": 0.036529250814981984,
      "pairwise_correlation_diff": 0.2557047557085268,
      "correlation_distance": 0.2557047557085268,
      "r2_score_real": 0.005360427355427005,
      "r2_score_synth": 0.011551903826805836,
      "rmse_real": 0.01018056751866427,
      "rmse_synth": 0.015464064227828107,
      "ml_efficiency_gap_percent": 0.8068447459725302,
      "dcr_mean": 0.01254105818128609,
      "dcr_median": 0.011159813258120307,
      "dcr_share": 0.02722146657579746,
      "identical_matches_fraction": 0.0,
      "authenticity": 0.016982504896296394
    },
    "metrics_min": {
      "ks_statistic_mean": 0.10388981173864896,
      "ks_statistic_per_feature_mean": 0.10388981173864896,
      "wasserstein_distance": 0.1437030934861728,
      "kl_divergence": 0.10338563457994072,
      "js_divergence": 0.01519300383181807,
      "mmd": 0.10166315805505836,
      "swd": 0.38461298451154613,
      "correlation_similarity": 0.6554937721752288,
      "pairwise_correlation_diff": 1.6460682150904906,
      "correlation_distance": 1.6460682150904906,
      "r2_score_real": 0.9284816384315491,
      "r2_score_synth": 0.8523015975952148,
      "rmse_real": 0.24123704436949148,
      "rmse_synth": 0.3368174760004599,
      "ml_efficiency_gap_percent": 5.859913330615093,
      "dcr_mean": 0.5445394515991211,
      "dcr_median": 0.4921565055847168,
      "dcr_share": 0.4921875,
      "identical_matches_fraction": 0.0,
      "authenticity": 0.6726623062015504
    },
    "metrics_max": {
      "ks_statistic_mean": 0.13122058416389812,
      "ks_statistic_per_feature_mean": 0.13122058416389812,
      "wasserstein_distance": 0.1569863488631589,