{
  "metadata": {
    "dataset": "king_county_housing",
    "model": "ASBM",
    "n_folds": 5,
    "timestamp": "2026-01-16T09:56:20.906850",
    "n_metrics": 20
  },
  "folds": [
    {
      "ks_statistic_mean": 0.2971447479131288,
      "ks_statistic_per_feature_mean": 0.2971447479131288,
      "wasserstein_distance": 0.5527159301564097,
      "kl_divergence": 0.40921134510261625,
      "js_divergence": 0.10272042586456409,
      "mmd": 0.09592845297516561,
      "swd": 0.586092319546933,
      "correlation_similarity": 0.6290743985413696,
      "pairwise_correlation_diff": 5.934809623375178,
      "correlation_distance": 5.934809623375178,
      "r2_score_real": 0.6658027172088623,
      "r2_score_synth": 0.3484218716621399,
      "rmse_real": 0.5464252802627709,
      "rmse_synth": 0.7629789833509091,
      "ml_efficiency_gap_percent": 47.668902115213214,
      "dcr_mean": 3.361630916595459,
      "dcr_median": 3.090946674346924,
      "dcr_share": 0.4885482938114517,
      "identical_matches_fraction": 0.0,
      "authenticity": 0.9929438982070561,
      "fold": 1,
      "test_size": 4323,
      "synth_size": 17290
    },
    {
      "ks_statistic_mean": 0.2600646934089079,
      "ks_statistic_per_feature_mean": 0.2600646934089079,
      "wasserstein_distance": 0.3227518363855779,
      "kl_divergence": 0.2726081363996106,
      "js_divergence": 0.07315385582394611,
      "mmd": 0.08401930955012854,
      "swd": 0.25862484051917256,
      "correlation_similarity": 0.7587180886941758,
      "pairwise_correlation_diff": 3.8605105809173157,
      "correlation_distance": 3.8605105809173157,
      "r2_score_real": 0.6410636305809021,
      "r2_score_synth": 0.5650168657302856,
      "rmse_real": 0.5531351907513323,
      "rmse_synth": 0.6089179207669831,
      "ml_efficiency_gap_percent": 11.86259229551151,
      "dcr_mean": 2.3806002140045166,
      "dcr_median": 2.1583380699157715,
      "dcr_share": 0.4982648930017351,
      "identical_matches_fraction": 0.0,
      "authenticity": 0.9814921920185078,
      "fold": 2,
      "test_size": 4323,
      "synth_size": 17290
    },
    {
      "ks_statistic_mean": 0.26901620460027453,
      "ks_statistic_per_feature_mean": 0.26901620460027453,
      "wasserstein_distance": 0.3282723012380302,
      "kl_divergence": 0.2665813525342324,
      "js_divergence": 0.0710234951320272,
      "mmd": 0.08480929329269402,
      "swd": 0.26155039732342383,
      "correlation_similarity": 0.7957441803905094,
      "pairwise_correlation_diff": 3.268093113772275,
      "correlation_distance": 3.268093113772275,
      "r2_score_real": 0.7026185989379883,
      "r2_score_synth": 0.5232124328613281,
      "rmse_real": 0.5960453488759402,
      "rmse_synth": 0.7547183233881206,
      "ml_efficiency_gap_percent": 25.533933537744876,
      "dcr_mean": 2.1877615451812744,
      "dcr_median": 2.0316853523254395,
      "dcr_share": 0.505320994794679,
      "identical_matches_fraction": 0.0,
      "authenticity": 0.978716020821284,
      "fold": 3,
      "test_size": 4323,
      "synth_size": 17290
    },
    {
      "ks_statistic_mean": 0.2700455189686433,
      "ks_statistic_per_feature_mean": 0.2700455189686433,
      "wasserstein_distance": 0.36385326366871595,
      "kl_divergence": 0.3389565583447291,
      "js_divergence": 0.0815791453844608,
      "mmd": 0.09164318633150702,
      "swd": 0.290131021998039,
      "correlation_similarity": 0.7283000178347823,
      "pairwise_correlation_diff": 4.347199714670652,
      "correlation_distance": 4.347199714670652,
      "r2_score_real": 0.5881943106651306,
      "r2_score_synth": 0.24218511581420898,
      "rmse_real": 0.5863884017427703,
      "rmse_synth": 0.7954644453373947,
      "ml_efficiency_gap_percent": 58.825661618463144,
      "dcr_mean": 2.5672671794891357,
      "dcr_median": 2.390939950942993,
      "dcr_share": 0.4853970273552715,
      "identical_matches_fraction": 0.0,
      "authenticity": 0.9864091145682725,
      "fold": 4,
      "test_size": 4322,
      "synth_size": 17291
    },
    {
      "ks_statistic_mean": 0.2598110170165802,
      "ks_statistic_per_feature_mean": 0.2598110170165802,
      "wasserstein_distance": 0.34704248746857047,
      "kl_divergence": 0.2966806435916417,
      "js_divergence": 0.07847126803299037,
      "mmd": 0.08286539288746048,
      "swd": 0.304531152890469,
      "correlation_similarity": 0.7907990163975975,
      "pairwise_correlation_diff": 3.34721573765936,
      "correlation_distance": 3.34721573765936,
      "r2_score_real": 0.5195587277412415,
      "r2_score_synth": 0.43422937393188477,
      "rmse_real": 0.7474792159262555,
      "rmse_synth": 0.8111462686342474,
      "ml_efficiency_gap_percent": 16.423428046396655,
      "dcr_mean": 2.32377028465271,
      "dcr_median": 2.187126398086548,
      "dcr_share": 0.5169163148458735,
      "identical_matches_fraction": 0.0,
      "authenticity": 0.981204094615696,
      "fold": 5,
      "test_size": 4322,
      "synth_size": 17291
    }
  ],
  "summary": {
    "metrics_mean": {
      "ks_statistic_mean": 0.27121643638150694,
      "ks_statistic_per_feature_mean": 0.27121643638150694,
      "wasserstein_distance": 0.38292716378346087,
      "kl_divergence": 0.316807607194566,
      "js_divergence": 0.08138963804759772,
      "mmd": 0.08785312700739113,
      "swd": 0.34018594645560746,
      "correlation_similarity": 0.7405271403716871,
      "pairwise_correlation_diff": 4.151565754078957,
      "correlation_distance": 4.151565754078957,
      "r2_score_real": 0.623447597026825,
      "r2_score_synth": 0.42261313199996947,
      "rmse_real": 0.6058946875118139,
      "rmse_synth": 0.746645188295531,
      "ml_efficiency_gap_percent": 32.06290352266588,
      "dcr_mean": 2.564206027984619,
      "dcr_median": 2.3718072891235353,
      "dcr_share": 0.4988895047618021,
      "identical_matches_fraction": 0.0,
      "authenticity": 0.9841530640461631
    },
    "metrics_std": {
      "ks_statistic_mean": 0.013659680586137318,
      "ks_statistic_per_feature_mean": 0.013659680586137318,
      "wasserstein_distance": 0.08612545834253872,
      "kl_divergence": 0.052745409953974566,
      "js_divergence": 0.01130345374871569,
      "mmd": 0.005067859721728479,
      "swd": 0.12416317302843878,
      "correlation_similarity": 0.06079195640132678,
      "pairwise_correlation_diff": 0.972671302427307,
      "correlation_distance": 0.972671302427307,
      "r2_score_real": 0.06388743185974421,
      "r2_score_synth": 0.11712607901402179,
      "rmse_real": 0.07327190217181391,
      "rmse_synth": 0.07189503155990071,
      "ml_efficiency_gap_percent": 18.19376612400784,
      "dcr_mean": 0.41692366540087056,
      "dcr_median": 0.37759411676625654,
      "dcr_share": 0.01145170446864896,
      "identical_matches_fraction": 0.0,
      "authenticity": 0.005053842674267281
    },
    "metrics_min": {
      "ks_statistic_mean": 0.2598110170165802,
      "ks_statistic_per_feature_mean": 0.2598110170165802,
      "wasserstein_distance": 0.3227518363855779,
      "kl_divergence": 0.2665813525342324,
      "js_divergence": 0.0710234951320272,
      "mmd": 0.08286539288746048,
      "swd": 0.25862484051917256,
      "correlation_similarity": 0.6290743985413696,
      "pairwise_correlation_diff": 3.268093113772275,
      "correlation_distance": 3.268093113772275,
      "r2_score_real": 0.5195587277412415,
      "r2_score_synth": 0.24218511581420898,
      "rmse_real": 0.5464252802627709,
      "rmse_synth": 0.6089179207669831,
      "ml_efficiency_gap_percent": 11.86259229551151,
      "dcr_mean": 2.1877615451812744,
      "dcr_median": 2.0316853523254395,
      "dcr_share": 0.4853970273552715,
      "identical_matches_fraction": 0.0,
      "authenticity": 0.978716020821284
    },
    "metrics_max": {
      "ks_statistic_mean": 0.2971447479131288,
      "ks_statistic_per_feature_mean": 0.2971447479131288,
      "wasserstein_distance": 0.5527159301564097,