{
  "metadata": {
    "dataset": "diabetes",
    "model": "ASBM",
    "n_folds": 5,
    "timestamp": "2026-01-16T09:24:18.138721",
    "n_metrics": 20
  },
  "folds": [
    {
      "ks_statistic_mean": 0.17068253917730317,
      "ks_statistic_per_feature_mean": 0.17068253917730317,
      "wasserstein_distance": 0.22502070003085667,
      "kl_divergence": 0.6565638858251995,
      "js_divergence": 0.08797792037869684,
      "mmd": 0.15028615511996868,
      "swd": 0.2570259522047022,
      "correlation_similarity": 0.832254249347665,
      "pairwise_correlation_diff": 1.509711755887789,
      "correlation_distance": 1.509711755887789,
      "r2_score_real": -0.43945062160491943,
      "r2_score_synth": -0.0479050874710083,
      "rmse_real": 1.3601389525056957,
      "rmse_synth": 1.1605019616238221,
      "ml_efficiency_gap_percent": 89.098869107056,
      "dcr_mean": 1.7451717853546143,
      "dcr_median": 1.716632604598999,
      "dcr_share": 0.546742209631728,
      "identical_matches_fraction": 0.0,
      "authenticity": 0.5382436260623229,
      "fold": 1,
      "test_size": 89,
      "synth_size": 353
    },
    {
      "ks_statistic_mean": 0.144355674387186,
      "ks_statistic_per_feature_mean": 0.144355674387186,
      "wasserstein_distance": 0.2515375506546762,
      "kl_divergence": 0.4180071153294026,
      "js_divergence": 0.08703942820254347,
      "mmd": 0.14184930071460988,
      "swd": 0.23561904172968784,
      "correlation_similarity": 0.9165154954735693,
      "pairwise_correlation_diff": 0.751360540746225,
      "correlation_distance": 0.751360540746225,
      "r2_score_real": -0.1261805295944214,
      "r2_score_synth": 0.3775777220726013,
      "rmse_real": 1.2846187406682332,
      "rmse_synth": 0.9550207702015797,
      "ml_efficiency_gap_percent": 399.2361208866685,
      "dcr_mean": 1.8213589191436768,
      "dcr_median": 1.7650458812713623,
      "dcr_share": 0.5042492917847026,
      "identical_matches_fraction": 0.0,
      "authenticity": 0.5949008498583569,
      "fold": 2,
      "test_size": 89,
      "synth_size": 353
    },
    {
      "ks_statistic_mean": 0.164983164983165,
      "ks_statistic_per_feature_mean": 0.164983164983165,
      "wasserstein_distance": 0.23755198385980394,
      "kl_divergence": 0.3964125024801974,
      "js_divergence": 0.07020065369229853,
      "mmd": 0.1430552786080814,
      "swd": 0.26886251402636263,
      "correlation_similarity": 0.839900239212039,
      "pairwise_correlation_diff": 1.4408978471076586,
      "correlation_distance": 1.4408978471076586,
      "r2_score_real": -0.3252300024032593,
      "r2_score_synth": -0.16333627700805664,
      "rmse_real": 1.0772626994339003,
      "rmse_synth": 1.009319450337952,
      "ml_efficiency_gap_percent": 49.7782259320797,
      "dcr_mean": 1.8771038055419922,
      "dcr_median": 1.820528268814087,
      "dcr_share": 0.5225988700564972,
      "identical_matches_fraction": 0.0,
      "authenticity": 0.615819209039548,
      "fold": 3,
      "test_size": 88,
      "synth_size": 354
    },
    {
      "ks_statistic_mean": 0.13520087884494664,
      "ks_statistic_per_feature_mean": 0.13520087884494664,
      "wasserstein_distance": 0.20884759972492853,
      "kl_divergence": 0.4755491589411746,
      "js_divergence": 0.07514276547084872,
      "mmd": 0.14218456549033986,
      "swd": 0.21848356192555482,
      "correlation_similarity": 0.8510759154052809,
      "pairwise_correlation_diff": 1.3403167613673646,
      "correlation_distance": 1.3403167613673646,
      "r2_score_real": -1.583270788192749,
      "r2_score_synth": -1.452054738998413,
      "rmse_real": 0.9659495021403925,
      "rmse_synth": 0.9410973196327727,
      "ml_efficiency_gap_percent": 8.287656803427462,
      "dcr_mean": 1.8492810726165771,
      "dcr_median": 1.8316764831542969,
      "dcr_share": 0.5084745762711864,
      "identical_matches_fraction": 0.0,
      "authenticity": 0.6214689265536724,
      "fold": 4,
      "test_size": 88,
      "synth_size": 354
    },
    {
      "ks_statistic_mean": 0.15422587456485762,
      "ks_statistic_per_feature_mean": 0.15422587456485762,
      "wasserstein_distance": 0.21680274605751038,
      "kl_divergence": 0.3101560369065054,
      "js_divergence": 0.07766413278221762,
      "mmd": 0.13575762810921224,
      "swd": 0.21672873686642435,
      "correlation_similarity": 0.8484995440891308,
      "pairwise_correlation_diff": 1.3635041032129736,
      "correlation_distance": 1.3635041032129736,
      "r2_score_real": 0.007782101631164551,
      "r2_score_synth": -0.006115436553955078,
      "rmse_real": 1.2998526067806893,
      "rmse_synth": 1.3089242090908255,
      "ml_efficiency_gap_percent": 178.5833550343898,
      "dcr_mean": 1.8722410202026367,
      "dcr_median": 1.8133131265640259,
      "dcr_share": 0.4971751412429379,
      "identical_matches_fraction": 0.0,
      "authenticity": 0.6666666666666666,
      "fold": 5,
      "test_size": 88,
      "synth_size": 354
    }
  ],
  "summary": {
    "metrics_mean": {
      "ks_statistic_mean": 0.15388962639149167,
      "ks_statistic_per_feature_mean": 0.15388962639149167,
      "wasserstein_distance": 0.22795211606555515,
      "kl_divergence": 0.4513377398964959,
      "js_divergence": 0.07960498010532104,
      "mmd": 0.1426265856084424,
      "swd": 0.23934396135054642,
      "correlation_similarity": 0.8576490887055369,
      "pairwise_correlation_diff": 1.281158201664402,
      "correlation_distance": 1.281158201664402,
      "r2_score_real": -0.4932699680328369,
      "r2_score_synth": -0.25836676359176636,
      "rmse_real": 1.1975645003057822,
      "rmse_synth": 1.0749727421773905,
      "ml_efficiency_gap_percent": 144.99684555272432,
      "dcr_mean": 1.8330313205718993,
      "dcr_median": 1.7894392728805542,
      "dcr_share": 0.5158480177974104,
      "identical_matches_fraction": 0.0,
      "authenticity": 0.6074198556361133
    },
    "metrics_std": {
      "ks_statistic_mean": 0.01300266977839402,
      "ks_statistic_per_feature_mean": 0.01300266977839402,
      "wasserstein_distance": 0.015141429143768485,
      "kl_divergence": 0.11555427234276522,
      "js_divergence": 0.0068919772255889265,
      "mmd": 0.0046224433691946995,
      "swd": 0.020709791990556864,
      "correlation_similarity": 0.03017314747936386,
      "pairwise_correlation_diff": 0.27155832731729207,
      "correlation_distance": 0.27155832731729207,
      "r2_score_real": 0.5665763094898355,
      "r2_score_synth": 0.6239025587326227,
      "rmse_real": 0.1500598418415658,
      "rmse_synth": 0.14047775291611417,
      "ml_efficiency_gap_percent": 139.02966181586106,
      "dcr_mean": 0.04816509483388182,
      "dcr_median": 0.04293324350668882,
      "dcr_share": 0.017536245317608414,
      "identical_matches_fraction": 0.0,
      "authenticity": 0.04176167236172838
    },
    "metrics_min": {
      "ks_statistic_mean": 0.13520087884494664,
      "ks_statistic_per_feature_mean": 0.13520087884494664,
      "wasserstein_distance": 0.20884759972492853,
      "kl_divergence": 0.3101560369065054,
      "js_divergence": 0.07020065369229853,
      "mmd": 0.13575762810921224,
      "swd": 0.21672873686642435,
      "correlation_similarity": 0.832254249347665,
      "pairwise_correlation_diff": 0.751360540746225,
      "correlation_distance": 0.751360540746225,
      "r2_score_real": -1.583270788192749,
      "r2_score_synth": -1.452054738998413,
      "rmse_real": 0.9659495021403925,
      "rmse_synth": 0.9410973196327727,
      "ml_efficiency_gap_percent": 8.287656803427462,
      "dcr_mean": 1.7451717853546143,
      "dcr_median": 1.716632604598999,
      "dcr_share": 0.4971751412429379,
      "identical_matches_fraction": 0.0,
      "authenticity": 0.5382436260623229
    },
    "metrics_max": {
      "ks_statistic_mean": 0.17068253917730317,
      "ks_statistic_per_feature_mean": 0.17068253917730317,
      "wasserstein_distance": 0.2515375506546762,