{
  "metadata": {
    "dataset": "online_shoppers",
    "model": "ASBM",
    "n_folds": 5,
    "timestamp": "2026-01-16T10:26:23.110754",
    "n_metrics": 20
  },
  "folds": [
    {
      "ks_statistic_mean": 0.3110806974858069,
      "ks_statistic_per_feature_mean": 0.3110806974858069,
      "wasserstein_distance": 0.21916186383792333,
      "kl_divergence": 0.11815337740716471,
      "js_divergence": 0.023691304898850452,
      "mmd": 0.1371317144389838,
      "swd": 0.3122762215562399,
      "correlation_similarity": 0.9187526901477907,
      "pairwise_correlation_diff": 1.1374623379390552,
      "correlation_distance": 1.1374623379390552,
      "r2_score_real": -0.11662399768829346,
      "r2_score_synth": -1.1324048042297363,
      "rmse_real": 1.0632431572811212,
      "rmse_synth": 1.469311627084589,
      "ml_efficiency_gap_percent": 870.9878126938925,
      "dcr_mean": 1.459276556968689,
      "dcr_median": 1.044072151184082,
      "dcr_share": 0.4997972424979724,
      "identical_matches_fraction": 0.0,
      "authenticity": 0.8871654501216545,
      "fold": 1,
      "test_size": 2466,
      "synth_size": 9864
    },
    {
      "ks_statistic_mean": 0.2997624840690534,
      "ks_statistic_per_feature_mean": 0.2997624840690534,
      "wasserstein_distance": 0.20014136603900365,
      "kl_divergence": 0.12221401595873291,
      "js_divergence": 0.024706149375182607,
      "mmd": 0.0626980458769073,
      "swd": 0.3289645039068414,
      "correlation_similarity": 0.9209718590898948,
      "pairwise_correlation_diff": 1.1063939727493766,
      "correlation_distance": 1.1063939727493766,
      "r2_score_real": -0.25901198387145996,
      "r2_score_synth": -0.5961428880691528,
      "rmse_real": 1.1888438701771464,
      "rmse_synth": 1.3385844638182205,
      "ml_efficiency_gap_percent": 130.1603497871361,
      "dcr_mean": 1.441952109336853,
      "dcr_median": 1.2311886548995972,
      "dcr_share": 0.4583333333333333,
      "identical_matches_fraction": 0.0,
      "authenticity": 0.83779399837794,
      "fold": 2,
      "test_size": 2466,
      "synth_size": 9864
    },
    {
      "ks_statistic_mean": 0.33877157919128725,
      "ks_statistic_per_feature_mean": 0.33877157919128725,
      "wasserstein_distance": 0.25587677849190577,
      "kl_divergence": 0.12441090272258348,
      "js_divergence": 0.02549351045112692,
      "mmd": 0.1611435242131143,
      "swd": 0.3209528732103837,
      "correlation_similarity": 0.9272578279099302,
      "pairwise_correlation_diff": 1.0183904092682512,
      "correlation_distance": 1.0183904092682512,
      "r2_score_real": -0.1709059476852417,
      "r2_score_synth": -1.1395013332366943,
      "rmse_real": 1.0857188052606805,
      "rmse_synth": 1.4676166788275815,
      "ml_efficiency_gap_percent": 566.741765672965,
      "dcr_mean": 1.5352158546447754,
      "dcr_median": 1.0647581815719604,
      "dcr_share": 0.4836780210867802,
      "identical_matches_fraction": 0.0,
      "authenticity": 0.9324817518248175,
      "fold": 3,
      "test_size": 2466,
      "synth_size": 9864
    },
    {
      "ks_statistic_mean": 0.3018986791797011,
      "ks_statistic_per_feature_mean": 0.3018986791797011,
      "wasserstein_distance": 0.17100912545408523,
      "kl_divergence": 0.09008182702412657,
      "js_divergence": 0.02128631699601789,
      "mmd": 0.06588242759873329,
      "swd": 0.18202825534460174,
      "correlation_similarity": 0.9221688764531889,
      "pairwise_correlation_diff": 1.0896357296631383,
      "correlation_distance": 1.0896357296631383,
      "r2_score_real": -0.18783557415008545,
      "r2_score_synth": -0.9649213552474976,
      "rmse_real": 1.115576001969269,
      "rmse_synth": 1.4348073702460984,
      "ml_efficiency_gap_percent": 413.7053295753767,
      "dcr_mean": 1.7344728708267212,
      "dcr_median": 1.1898739337921143,
      "dcr_share": 0.501419302514193,
      "identical_matches_fraction": 0.0,
      "authenticity": 0.8114355231143552,
      "fold": 4,
      "test_size": 2466,
      "synth_size": 9864
    },
    {
      "ks_statistic_mean": 0.31842341559494847,
      "ks_statistic_per_feature_mean": 0.31842341559494847,
      "wasserstein_distance": 0.24141666506017959,
      "kl_divergence": 0.14304379585524013,
      "js_divergence": 0.027767792905827593,
      "mmd": 0.132582906588441,
      "swd": 0.3297042940208659,
      "correlation_similarity": 0.9282275012354364,
      "pairwise_correlation_diff": 1.0048149827110684,
      "correlation_distance": 1.0048149827110684,
      "r2_score_real": -0.18976151943206787,
      "r2_score_synth": -0.3622013330459595,
      "rmse_real": 1.0944257556031785,
      "rmse_synth": 1.171054247494648,
      "ml_efficiency_gap_percent": 90.87185543727836,
      "dcr_mean": 1.3729420900344849,
      "dcr_median": 1.1423780918121338,
      "dcr_share": 0.47546634225466344,
      "identical_matches_fraction": 0.0,
      "authenticity": 0.9112935928629359,
      "fold": 5,
      "test_size": 2466,
      "synth_size": 9864
    }
  ],
  "summary": {
    "metrics_mean": {
      "ks_statistic_mean": 0.3139873711041594,
      "ks_statistic_per_feature_mean": 0.3139873711041594,
      "wasserstein_distance": 0.2175211597766195,
      "kl_divergence": 0.11958078379356958,
      "js_divergence": 0.024589014925401092,
      "mmd": 0.11188772374323594,
      "swd": 0.2947852296077865,
      "correlation_similarity": 0.9234757509672482,
      "pairwise_correlation_diff": 1.071339486466178,
      "correlation_distance": 1.071339486466178,
      "r2_score_real": -0.1848278045654297,
      "r2_score_synth": -0.8390343427658081,
      "rmse_real": 1.1095615180582792,
      "rmse_synth": 1.3762748774942273,
      "ml_efficiency_gap_percent": 414.4934226333297,
      "dcr_mean": 1.5087718963623047,
      "dcr_median": 1.1344542026519775,
      "dcr_share": 0.4837388483373884,
      "identical_matches_fraction": 0.0,
      "authenticity": 0.8760340632603407
    },
    "metrics_std": {
      "ks_statistic_mean": 0.014077415219847211,
      "ks_statistic_per_feature_mean": 0.014077415219847211,
      "wasserstein_distance": 0.030034204290403706,
      "kl_divergence": 0.017047010500305233,
      "js_divergence": 0.0021283871353092554,
      "mmd": 0.040069427800028576,
      "swd": 0.05673161282237046,
      "correlation_similarity": 0.0036651858246168623,
      "pairwise_correlation_diff": 0.05131260154500266,
      "correlation_distance": 0.05131260154500266,
      "r2_score_real": 0.04556809860219109,
      "r2_score_synth": 0.3093736116273983,
      "rmse_real": 0.04304607340500313,
      "rmse_synth": 0.11310286328241406,
      "ml_efficiency_gap_percent": 288.8402749875214,
      "dcr_mean": 0.12410046063629354,
      "dcr_median": 0.07143968008417449,
      "dcr_share": 0.016027156531207717,
      "identical_matches_fraction": 0.0,
      "authenticity": 0.04514146142234963
    },
    "metrics_min": {
      "ks_statistic_mean": 0.2997624840690534,
      "ks_statistic_per_feature_mean": 0.2997624840690534,
      "wasserstein_distance": 0.17100912545408523,
      "kl_divergence": 0.09008182702412657,
      "js_divergence": 0.02128631699601789,
      "mmd": 0.0626980458769073,
      "swd": 0.18202825534460174,
      "correlation_similarity": 0.9187526901477907,
      "pairwise_correlation_diff": 1.0048149827110684,
      "correlation_distance": 1.0048149827110684,
      "r2_score_real": -0.25901198387145996,
      "r2_score_synth": -1.1395013332366943,
      "rmse_real": 1.0632431572811212,
      "rmse_synth": 1.171054247494648,
      "ml_efficiency_gap_percent": 90.87185543727836,
      "dcr_mean": 1.3729420900344849,
      "dcr_median": 1.044072151184082,
      "dcr_share": 0.4583333333333333,
      "identical_matches_fraction": 0.0,
      "authenticity": 0.8114355231143552
    },
    "metrics_max": {
      "ks_statistic_mean": 0.33877157919128725,
      "ks_statistic_per_feature_mean": 0.33877157919128725,
      "wasserstein_distance": 0.25587677849190577,