{
  "metadata": {
    "dataset": "adult_numeric",
    "model": "ASBM",
    "n_folds": 5,
    "timestamp": "2026-01-16T10:05:49.265916",
    "n_metrics": 20
  },
  "folds": [
    {
      "ks_statistic_mean": 0.24949999999999997,
      "ks_statistic_per_feature_mean": 0.24949999999999997,
      "wasserstein_distance": 0.3096282958984375,
      "kl_divergence": 0.8543907997286222,
      "js_divergence": 0.1344585800484504,
      "mmd": 0.09233089870866276,
      "swd": 0.2160229461479611,
      "correlation_similarity": 0.7763015939889908,
      "pairwise_correlation_diff": 2.2369840601324618,
      "correlation_distance": 2.2369840601324618,
      "r2_score_real": -0.3013416528701782,
      "r2_score_synth": -2.1845970153808594,
      "rmse_real": 1.1474382373918193,
      "rmse_synth": 1.7949852335542982,
      "ml_efficiency_gap_percent": 624.9568702412379,
      "dcr_mean": 1.591174602508545,
      "dcr_median": 1.5409107208251953,
      "dcr_share": 0.50325,
      "identical_matches_fraction": 0.0,
      "authenticity": 0.89375,
      "fold": 1,
      "test_size": 1000,
      "synth_size": 4000
    },
    {
      "ks_statistic_mean": 0.2739,
      "ks_statistic_per_feature_mean": 0.2739,
      "wasserstein_distance": 0.3155209541320801,
      "kl_divergence": 0.8349763946320625,
      "js_divergence": 0.13197765182011073,
      "mmd": 0.10471030207320503,
      "swd": 0.26946245095029675,
      "correlation_similarity": 0.8038714887070797,
      "pairwise_correlation_diff": 1.9612851129488162,
      "correlation_distance": 1.9612851129488162,
      "r2_score_real": -0.3473849296569824,
      "r2_score_synth": -1.0622100830078125,
      "rmse_real": 1.150125573392679,
      "rmse_synth": 1.4228721727123455,
      "ml_efficiency_gap_percent": 205.77321936696228,
      "dcr_mean": 1.4137377738952637,
      "dcr_median": 1.3732813596725464,
      "dcr_share": 0.517,
      "identical_matches_fraction": 0.0,
      "authenticity": 0.90275,
      "fold": 2,
      "test_size": 1000,
      "synth_size": 4000
    },
    {
      "ks_statistic_mean": 0.280825,
      "ks_statistic_per_feature_mean": 0.280825,
      "wasserstein_distance": 0.3131400249898434,
      "kl_divergence": 0.8494259281936338,
      "js_divergence": 0.13730332231179937,
      "mmd": 0.09364065265702354,
      "swd": 0.22735439695044316,
      "correlation_similarity": 0.7936426963017074,
      "pairwise_correlation_diff": 2.0635730370035614,
      "correlation_distance": 2.0635730370035614,
      "r2_score_real": -0.07062125205993652,
      "r2_score_synth": -1.4632127285003662,
      "rmse_real": 1.008289431307185,
      "rmse_synth": 1.5293900228806228,
      "ml_efficiency_gap_percent": 1971.9155860597489,
      "dcr_mean": 1.5191985368728638,
      "dcr_median": 1.480661153793335,
      "dcr_share": 0.48125,
      "identical_matches_fraction": 0.0,
      "authenticity": 0.889,
      "fold": 3,
      "test_size": 1000,
      "synth_size": 4000
    },
    {
      "ks_statistic_mean": 0.27592500000000003,
      "ks_statistic_per_feature_mean": 0.27592500000000003,
      "wasserstein_distance": 0.3465389430522919,
      "kl_divergence": 0.834797526786469,
      "js_divergence": 0.13225830976724084,
      "mmd": 0.09142429477823934,
      "swd": 0.24686029157328618,
      "correlation_similarity": 0.8767124630415092,
      "pairwise_correlation_diff": 1.2328753695972368,
      "correlation_distance": 1.2328753695972368,
      "r2_score_real": -0.32547664642333984,
      "r2_score_synth": -0.6535822153091431,
      "rmse_real": 1.1014333879274687,
      "rmse_synth": 1.2302265231569383,
      "ml_efficiency_gap_percent": 100.80771462141833,
      "dcr_mean": 1.6551228761672974,
      "dcr_median": 1.5685713291168213,
      "dcr_share": 0.48425,
      "identical_matches_fraction": 0.0,
      "authenticity": 0.9215,
      "fold": 4,
      "test_size": 1000,
      "synth_size": 4000
    },
    {
      "ks_statistic_mean": 0.265525,
      "ks_statistic_per_feature_mean": 0.265525,
      "wasserstein_distance": 0.31233861669898033,
      "kl_divergence": 0.7992090086435509,
      "js_divergence": 0.13320914499619524,
      "mmd": 0.09709964869984716,
      "swd": 0.21521156541925313,
      "correlation_similarity": 0.8090991545749917,
      "pairwise_correlation_diff": 1.9090084542691736,
      "correlation_distance": 1.9090084542691736,
      "r2_score_real": -0.361186146736145,
      "r2_score_synth": -0.9585126638412476,
      "rmse_real": 1.1232727885037024,
      "rmse_synth": 1.347378688369432,
      "ml_efficiency_gap_percent": 165.37913275546074,
      "dcr_mean": 1.6529368162155151,
      "dcr_median": 1.594719648361206,
      "dcr_share": 0.5015,
      "identical_matches_fraction": 0.0,
      "authenticity": 0.86575,
      "fold": 5,
      "test_size": 1000,
      "synth_size": 4000
    }
  ],
  "summary": {
    "metrics_mean": {
      "ks_statistic_mean": 0.269135,
      "ks_statistic_per_feature_mean": 0.269135,
      "wasserstein_distance": 0.31943336695432667,
      "kl_divergence": 0.8345599315968677,
      "js_divergence": 0.1338414017887593,
      "mmd": 0.09584115938339556,
      "swd": 0.23498233020824805,
      "correlation_similarity": 0.8119254793228556,
      "pairwise_correlation_diff": 1.88074520679025,
      "correlation_distance": 1.88074520679025,
      "r2_score_real": -0.2812021255493164,
      "r2_score_synth": -1.2644229412078858,
      "rmse_real": 1.106111883704571,
      "rmse_synth": 1.4649705281347274,
      "ml_efficiency_gap_percent": 613.7665046089656,
      "dcr_mean": 1.566434121131897,
      "dcr_median": 1.511628842353821,
      "dcr_share": 0.49745,
      "identical_matches_fraction": 0.0,
      "authenticity": 0.8945500000000001
    },
    "metrics_std": {
      "ks_statistic_mean": 0.01099118510443711,
      "ks_statistic_per_feature_mean": 0.01099118510443711,
      "wasserstein_distance": 0.013682838027053902,
      "kl_divergence": 0.019308955602306624,
      "js_divergence": 0.0019362487266907473,
      "mmd": 0.004835666245916678,
      "swd": 0.02068086769286214,
      "correlation_similarity": 0.034273982835553884,
      "pairwise_correlation_diff": 0.34273982835896627,
      "correlation_distance": 0.34273982835896627,
      "r2_score_real": 0.10722662471947071,
      "r2_score_synth": 0.5279839460719157,
      "rmse_real": 0.05202055278127031,
      "rmse_synth": 0.19171042604832472,
      "ml_efficiency_gap_percent": 703.6093558210174,
      "dcr_mean": 0.09111298241733684,
      "dcr_median": 0.07887075623771911,
      "dcr_share": 0.013182753885285116,
      "identical_matches_fraction": 0.0,
      "authenticity": 0.018190244638266958
    },
    "metrics_min": {
      "ks_statistic_mean": 0.24949999999999997,
      "ks_statistic_per_feature_mean": 0.24949999999999997,
      "wasserstein_distance": 0.3096282958984375,
      "kl_divergence": 0.7992090086435509,
      "js_divergence": 0.13197765182011073,
      "mmd": 0.09142429477823934,
      "swd": 0.21521156541925313,
      "correlation_similarity": 0.7763015939889908,
      "pairwise_correlation_diff": 1.2328753695972368,
      "correlation_distance": 1.2328753695972368,
      "r2_score_real": -0.361186146736145,
      "r2_score_synth": -2.1845970153808594,
      "rmse_real": 1.008289431307185,
      "rmse_synth": 1.2302265231569383,
      "ml_efficiency_gap_percent": 100.80771462141833,
      "dcr_mean": 1.4137377738952637,
      "dcr_median": 1.3732813596725464,
      "dcr_share": 0.48125,
      "identical_matches_fraction": 0.0,
      "authenticity": 0.86575
    },
    "metrics_max": {
      "ks_statistic_mean": 0.280825,
      "ks_statistic_per_feature_mean": 0.280825,
      "wasserstein_distance": 0.3465389430522919,
      "kl_divergence": 0.8543907997286222,
      "js_divergence": 0.13730332231179937,
      "mmd": 0.10471030207320503,
      "swd": 0.26946245095029675,
      "correlation_similarity": 0.8767124630415092,
      "pairwise_correlation_diff": 2.2369840601324618,