{
  "metadata": {
    "dataset": "german_credit",
    "model": "ASBM",
    "n_folds": 5,
    "timestamp": "2026-01-16T10:49:07.797179",
    "n_metrics": 20
  },
  "folds": [
    {
      "ks_statistic_mean": 0.2933333333333333,
      "ks_statistic_per_feature_mean": 0.2933333333333333,
      "wasserstein_distance": 0.3115847607453664,
      "kl_divergence": 0.4614563252950196,
      "js_divergence": 0.11586972942390877,
      "mmd": 0.15202695516295248,
      "swd": 0.290847851395052,
      "correlation_similarity": 0.8276819448459847,
      "pairwise_correlation_diff": 1.0339083309413237,
      "correlation_distance": 1.0339083309413237,
      "r2_score_real": -0.7498129606246948,
      "r2_score_synth": -0.48048126697540283,
      "rmse_real": 1.305138789722002,
      "rmse_synth": 1.2005004991421502,
      "ml_efficiency_gap_percent": 35.9198503884092,
      "dcr_mean": 1.0258888006210327,
      "dcr_median": 0.9125325679779053,
      "dcr_share": 0.47375,
      "identical_matches_fraction": 0.0,
      "authenticity": 0.6725,
      "fold": 1,
      "test_size": 200,
      "synth_size": 800
    },
    {
      "ks_statistic_mean": 0.2614583333333333,
      "ks_statistic_per_feature_mean": 0.2614583333333333,
      "wasserstein_distance": 0.3213963359594345,
      "kl_divergence": 0.41023076180490087,
      "js_divergence": 0.11500265023820362,
      "mmd": 0.16280613862872076,
      "swd": 0.3475781254563548,
      "correlation_similarity": 0.8729706667010424,
      "pairwise_correlation_diff": 0.7621759998064483,
      "correlation_distance": 0.7621759998064483,
      "r2_score_real": -0.12296569347381592,
      "r2_score_synth": -0.19608628749847412,
      "rmse_real": 1.2227316153701546,
      "rmse_synth": 1.2619122336167292,
      "ml_efficiency_gap_percent": 59.464222873047405,
      "dcr_mean": 1.0276435613632202,
      "dcr_median": 0.8882958889007568,
      "dcr_share": 0.50125,
      "identical_matches_fraction": 0.0,
      "authenticity": 0.65625,
      "fold": 2,
      "test_size": 200,
      "synth_size": 800
    },
    {
      "ks_statistic_mean": 0.27520833333333333,
      "ks_statistic_per_feature_mean": 0.27520833333333333,
      "wasserstein_distance": 0.2833901320894559,
      "kl_divergence": 0.5502641715861598,
      "js_divergence": 0.13494372656211154,
      "mmd": 0.13789237537631235,
      "swd": 0.3044588089811165,
      "correlation_similarity": 0.8162329540383125,
      "pairwise_correlation_diff": 1.1026022757885015,
      "correlation_distance": 1.1026022757885015,
      "r2_score_real": -0.24380910396575928,
      "r2_score_synth": -0.17216289043426514,
      "rmse_real": 1.334391541568331,
      "rmse_synth": 1.2953895426295252,
      "ml_efficiency_gap_percent": 29.386192872254757,
      "dcr_mean": 1.1821796894073486,
      "dcr_median": 1.1214041709899902,
      "dcr_share": 0.555,
      "identical_matches_fraction": 0.0,
      "authenticity": 0.61875,
      "fold": 3,
      "test_size": 200,
      "synth_size": 800
    },
    {
      "ks_statistic_mean": 0.29791666666666666,
      "ks_statistic_per_feature_mean": 0.29791666666666666,
      "wasserstein_distance": 0.3953080823024114,
      "kl_divergence": 1.08812624918932,
      "js_divergence": 0.14693490064466316,
      "mmd": 0.19267229343295225,
      "swd": 0.4451895991027055,
      "correlation_similarity": 0.8552476702874388,
      "pairwise_correlation_diff": 0.868513978289843,
      "correlation_distance": 0.868513978289843,
      "r2_score_real": -0.34333837032318115,
      "r2_score_synth": -0.16304278373718262,
      "rmse_real": 1.3373362931218455,
      "rmse_synth": 1.2443592113066109,
      "ml_efficiency_gap_percent": 52.51250724359413,
      "dcr_mean": 1.2185554504394531,
      "dcr_median": 1.065055012702942,
      "dcr_share": 0.41125,
      "identical_matches_fraction": 0.0,
      "authenticity": 0.59625,
      "fold": 4,
      "test_size": 200,
      "synth_size": 800
    },
    {
      "ks_statistic_mean": 0.5322916666666667,
      "ks_statistic_per_feature_mean": 0.5322916666666667,
      "wasserstein_distance": 0.9637385482589403,
      "kl_divergence": 3.782644167803744,
      "js_divergence": 0.19985766721426865,
      "mmd": 0.38863039634139573,
      "swd": 1.0803036960505201,
      "correlation_similarity": 0.8634239270226363,
      "pairwise_correlation_diff": 0.8194564378778397,
      "correlation_distance": 0.8194564378778397,
      "r2_score_real": -0.4181685447692871,
      "r2_score_synth": -0.6688889265060425,
      "rmse_real": 1.0882502018099982,
      "rmse_synth": 1.1805341095316562,
      "ml_efficiency_gap_percent": 59.956776967785416,
      "dcr_mean": 1.4947690963745117,
      "dcr_median": 1.3523485660552979,
      "dcr_share": 0.62875,
      "identical_matches_fraction": 0.0,
      "authenticity": 0.68,
      "fold": 5,
      "test_size": 200,
      "synth_size": 800
    }
  ],
  "summary": {
    "metrics_mean": {
      "ks_statistic_mean": 0.3320416666666667,
      "ks_statistic_per_feature_mean": 0.3320416666666667,
      "wasserstein_distance": 0.4550835718711217,
      "kl_divergence": 1.258544335135829,
      "js_divergence": 0.14252173481663116,
      "mmd": 0.20680563178846673,
      "swd": 0.49367561619714984,
      "correlation_similarity": 0.847111432579083,
      "pairwise_correlation_diff": 0.9173314045407912,
      "correlation_distance": 0.9173314045407912,
      "r2_score_real": -0.37561893463134766,
      "r2_score_synth": -0.33613243103027346,
      "rmse_real": 1.2575696883184662,
      "rmse_synth": 1.2365391192453343,
      "ml_efficiency_gap_percent": 47.44791006901818,
      "dcr_mean": 1.1898073196411132,
      "dcr_median": 1.0679272413253784,
      "dcr_share": 0.514,
      "identical_matches_fraction": 0.0,
      "authenticity": 0.6447499999999999
    },
    "metrics_std": {
      "ks_statistic_mean": 0.10097024107792027,
      "ks_statistic_per_feature_mean": 0.10097024107792027,
      "wasserstein_distance": 0.25700031800040407,
      "kl_divergence": 1.2850500607757882,
      "js_divergence": 0.03108678430821073,
      "mmd": 0.09267760460681324,
      "swd": 0.29825156396389146,
      "correlation_similarity": 0.021596209199558965,
      "pairwise_correlation_diff": 0.12957725519951346,
      "correlation_distance": 0.12957725519951346,
      "r2_score_real": 0.21169844825673667,
      "r2_score_synth": 0.20397177759752513,
      "rmse_real": 0.09424426521034082,
      "rmse_synth": 0.04148171731551157,
      "ml_efficiency_gap_percent": 12.53503456023649,
      "dcr_mean": 0.1714950065817195,
      "dcr_median": 0.167438614986748,
      "dcr_share": 0.07374110115803806,
      "identical_matches_fraction": 0.0,
      "authenticity": 0.03216558720123109
    },
    "metrics_min": {
      "ks_statistic_mean": 0.2614583333333333,
      "ks_statistic_per_feature_mean": 0.2614583333333333,
      "wasserstein_distance": 0.2833901320894559,
      "kl_divergence": 0.41023076180490087,
      "js_divergence": 0.11500265023820362,
      "mmd": 0.13789237537631235,
      "swd": 0.290847851395052,
      "correlation_similarity": 0.8162329540383125,
      "pairwise_correlation_diff": 0.7621759998064483,
      "correlation_distance": 0.7621759998064483,
      "r2_score_real": -0.7498129606246948,
      "r2_score_synth": -0.6688889265060425,
      "rmse_real": 1.0882502018099982,
      "rmse_synth": 1.1805341095316562,
      "ml_efficiency_gap_percent": 29.386192872254757,
      "dcr_mean": 1.0258888006210327,
      "dcr_median": 0.8882958889007568,
      "dcr_share": 0.41125,
      "identical_matches_fraction": 0.0,
      "authenticity": 0.59625
    },
    "metrics_max": {
      "ks_statistic_mean": 0.5322916666666667,
      "ks_statistic_per_feature_mean": 0.5322916666666667,
      "wasserstein_distance": 0.9637385482589403,
      "kl_divergence": 3.782644167803744,
      "js_divergence": 0.19985766721426865,
      "mmd": 0.38863039634139573,
      "swd": 1.0803036960505201,