{
  "metadata": {
    "dataset": "covertype",
    "model": "ASBM",
    "n_folds": 5,
    "timestamp": "2026-01-01T00:02:57.711993",
    "n_metrics": 20
  },
  "folds": [
    {
      "ks_statistic_mean": 0.5568066037735848,
      "ks_statistic_per_feature_mean": 0.5568066037735848,
      "wasserstein_distance": 1.3740538302457557,
      "kl_divergence": 0.7278649243156214,
      "js_divergence": 0.19148865698860357,
      "mmd": 0.05639491007663234,
      "swd": 2.174425974381281,
      "correlation_similarity": 0.5759342860321024,
      "pairwise_correlation_diff": 22.475482840340977,
      "correlation_distance": 22.475482840340977,
      "r2_score_real": 0.37606239318847656,
      "r2_score_synth": -0.05353546142578125,
      "rmse_real": 0.5878644411459705,
      "rmse_synth": 0.7638906180236975,
      "ml_efficiency_gap_percent": 114.2357923566556,
      "dcr_mean": 12.907379150390625,
      "dcr_median": 7.645697593688965,
      "dcr_share": 0.495875,
      "identical_matches_fraction": 0.0,
      "authenticity": 1.0,
      "fold": 1,
      "test_size": 2000,
      "synth_size": 8000
    },
    {
      "ks_statistic_mean": 0.535566037735849,
      "ks_statistic_per_feature_mean": 0.535566037735849,
      "wasserstein_distance": 0.7711375788697656,
      "kl_divergence": 0.7925859442407339,
      "js_divergence": 0.1965597961844536,
      "mmd": 0.05558202243810198,
      "swd": 0.5570608271287746,
      "correlation_similarity": 0.7677029487033836,
      "pairwise_correlation_diff": 12.3117437187439,
      "correlation_distance": 12.3117437187439,
      "r2_score_real": -0.22191214561462402,
      "r2_score_synth": -0.18879163265228271,
      "rmse_real": 0.8226719303212594,
      "rmse_synth": 0.8114458361452144,
      "ml_efficiency_gap_percent": 14.925056431953433,
      "dcr_mean": 7.639021396636963,
      "dcr_median": 6.720359802246094,
      "dcr_share": 0.46025,
      "identical_matches_fraction": 0.0,
      "authenticity": 1.0,
      "fold": 2,
      "test_size": 2000,
      "synth_size": 8000
    },
    {
      "ks_statistic_mean": 0.4808372641509434,
      "ks_statistic_per_feature_mean": 0.4808372641509434,
      "wasserstein_distance": 0.8138530113787021,
      "kl_divergence": 0.5696535378036591,
      "js_divergence": 0.1535983853492499,
      "mmd": 0.05522751535579013,
      "swd": 0.6715128884019721,
      "correlation_similarity": 0.7882088738767832,
      "pairwise_correlation_diff": 11.22492968455167,
      "correlation_distance": 11.22492968455167,
      "r2_score_real": 0.3369734287261963,
      "r2_score_synth": -0.017780303955078125,
      "rmse_real": 0.9833411282429771,
      "rmse_synth": 1.2183322679660242,
      "ml_efficiency_gap_percent": 105.27647061736884,
      "dcr_mean": 8.021696090698242,
      "dcr_median": 6.727651596069336,
      "dcr_share": 0.503125,
      "identical_matches_fraction": 0.0,
      "authenticity": 1.0,
      "fold": 3,
      "test_size": 2000,
      "synth_size": 8000
    },
    {
      "ks_statistic_mean": 0.5418254716981132,
      "ks_statistic_per_feature_mean": 0.5418254716981132,
      "wasserstein_distance": 1.0984587877426508,
      "kl_divergence": 0.7624296289611702,
      "js_divergence": 0.2030656225827951,
      "mmd": 0.056112994422415276,
      "swd": 1.1406875514119756,
      "correlation_similarity": 0.7755201227083441,
      "pairwise_correlation_diff": 11.897433496480206,
      "correlation_distance": 11.897433496480206,
      "r2_score_real": 0.2364090085029602,
      "r2_score_synth": -0.04172217845916748,
      "rmse_real": 0.7499955495066521,
      "rmse_synth": 0.8760002753919229,
      "ml_efficiency_gap_percent": 117.64830313504955,
      "dcr_mean": 10.719221115112305,
      "dcr_median": 9.272254943847656,
      "dcr_share": 0.483375,
      "identical_matches_fraction": 0.0,
      "authenticity": 0.999625,
      "fold": 4,
      "test_size": 2000,
      "synth_size": 8000
    },
    {
      "ks_statistic_mean": 1.0,
      "ks_statistic_per_feature_mean": 1.0,
      "wasserstein_distance": 8.634628849557381e+18,
      "kl_divergence": NaN,
      "js_divergence": NaN,
      "mmd": 0.05433803728468248,
      "swd": 7.766152565761558e+18,
      "correlation_similarity": 0.0009960654394488566,
      "pairwise_correlation_diff": 52.94720853180911,
      "correlation_distance": 52.94720853180911,
      "r2_score_real": 0.47924691438674927,
      "r2_score_synth": -Infinity,
      "rmse_real": 0.7600886190346562,
      "rmse_synth": Infinity,
      "ml_efficiency_gap_percent": Infinity,
      "dcr_mean": Infinity,
      "dcr_median": Infinity,
      "dcr_share": 0.0,
      "identical_matches_fraction": 0.0,
      "authenticity": 1.0,
      "fold": 5,
      "test_size": 2000,
      "synth_size": 8000
    }
  ],
  "summary": {
    "metrics_mean": {
      "ks_statistic_mean": 0.6230070754716981,
      "ks_statistic_per_feature_mean": 0.6230070754716981,
      "wasserstein_distance": 1.7269257699114762e+18,
      "kl_divergence": NaN,
      "js_divergence": NaN,
      "mmd": 0.05553109591552443,
      "swd": 1.5532305131523116e+18,
      "correlation_similarity": 0.5816724593520124,
      "pairwise_correlation_diff": 22.171359654385174,
      "correlation_distance": 22.171359654385174,
      "r2_score_real": 0.24135591983795165,
      "r2_score_synth": -Infinity,
      "rmse_real": 0.7807923336503031,
      "rmse_synth": Infinity,
      "ml_efficiency_gap_percent": Infinity,
      "dcr_mean": Infinity,
      "dcr_median": Infinity,
      "dcr_share": 0.388525,
      "identical_matches_fraction": 0.0,
      "authenticity": 0.999925
    },
    "metrics_std": {
      "ks_statistic_mean": 0.1902392234635156,
      "ks_statistic_per_feature_mean": 0.1902392234635156,
      "wasserstein_distance": 3.4538515398229524e+18,
      "kl_divergence": NaN,
      "js_divergence": NaN,
      "mmd": 0.0007215156742343524,
      "swd": 3.106461026304623e+18,
      "correlation_similarity": 0.3006857333370229,
      "pairwise_correlation_diff": 15.936343866892283,
      "correlation_distance": 15.936343866892283,
      "r2_score_real": 0.2443450182245889,
      "r2_score_synth": NaN,
      "rmse_real": 0.12757599478499657,
      "rmse_synth": NaN,
      "ml_efficiency_gap_percent": NaN,
      "dcr_mean": NaN,
      "dcr_median": NaN,
      "dcr_share": 0.19480752359701103,
      "identical_matches_fraction": 0.0,
      "authenticity": 0.00015000000000000568
    },
    "metrics_min": {
      "ks_statistic_mean": 0.4808372641509434,
      "ks_statistic_per_feature_mean": 0.4808372641509434,
      "wasserstein_distance": 0.7711375788697656,
      "kl_divergence": NaN,
      "js_divergence": NaN,
      "mmd": 0.05433803728468248,
      "swd": 0.5570608271287746,
      "correlation_similarity": 0.0009960654394488566,
      "pairwise_correlation_diff": 11.22492968455167,
      "correlation_distance": 11.22492968455167,
      "r2_score_real": -0.22191214561462402,
      "r2_score_synth": -Infinity,
      "rmse_real": 0.5878644411459705,
      "rmse_synth": 0.7638906180236975,
      "ml_efficiency_gap_percent": 14.925056431953433,
      "dcr_mean": 7.639021396636963,
      "dcr_median": 6.720359802246094,
      "dcr_share": 0.0,
      "identical_matches_fraction": 0.0,
      "authenticity": 0.999625
    },
    "metrics_max": {
      "ks_statistic_mean": 1.0,
      "ks_statistic_per_feature_mean": 1.0,
      "wasserstein_distance": 8.634628849557381e+18,
      "kl_divergence": NaN,
      "js_divergence": NaN,
      "mmd": 0.05639491007663234,
      "swd": 7.766152565761558e+18,
      "correlation_similarity": 0.7882088738767832,
      "pairwise_correlation_diff": 52.94720853180911,
      "correlation_distance": 52.94720853180911,
      "r2_score_real": 0.47924691438674927,
      "r2_score_synth": -0.017780303955078125,
      "rmse_real": 0.9833411282429771,
      "rmse_synth": Infinity,
      "ml_efficiency_gap_percent": Infinity,
      "dcr_mean": Infinity,
      "dcr_median": Infinity,