{
  "metadata": {
    "dataset": "king_county_housing",
    "model": "ASBM",
    "n_folds": 5,
    "timestamp": "2025-12-31T22:53:37.262076",
    "n_metrics": 20
  },
  "folds": [
    {
      "ks_statistic_mean": 0.28670425095194074,
      "ks_statistic_per_feature_mean": 0.28670425095194074,
      "wasserstein_distance": 0.26869313791394234,
      "kl_divergence": 0.18923356390852414,
      "js_divergence": 0.05252351282733846,
      "mmd": 0.06586173275383697,
      "swd": 0.25915882500082127,
      "correlation_similarity": 0.9188755282605786,
      "pairwise_correlation_diff": 1.2979915478388544,
      "correlation_distance": 1.2979915478388544,
      "r2_score_real": 0.6646990776062012,
      "r2_score_synth": 0.45502185821533203,
      "rmse_real": 0.5473268277282682,
      "rmse_synth": 0.697780600611767,
      "ml_efficiency_gap_percent": 31.544683369500888,
      "dcr_mean": 1.7270188331604004,
      "dcr_median": 1.5450055599212646,
      "dcr_share": 0.5117987275882012,
      "identical_matches_fraction": 0.0,
      "authenticity": 0.9162521688837478,
      "fold": 1,
      "test_size": 4323,
      "synth_size": 17290
    },
    {
      "ks_statistic_mean": 0.24020059222951953,
      "ks_statistic_per_feature_mean": 0.24020059222951953,
      "wasserstein_distance": 0.22406324790790677,
      "kl_divergence": 0.17026186880578456,
      "js_divergence": 0.04406590263182009,
      "mmd": 0.06273644619676957,
      "swd": 0.24942425120809503,
      "correlation_similarity": 0.9034616955496995,
      "pairwise_correlation_diff": 1.5446128712144624,
      "correlation_distance": 1.5446128712144624,
      "r2_score_real": 0.6418439149856567,
      "r2_score_synth": 0.5801233649253845,
      "rmse_real": 0.5525336558244996,
      "rmse_synth": 0.5982509720743,
      "ml_efficiency_gap_percent": 9.616130747559005,
      "dcr_mean": 1.5609666109085083,
      "dcr_median": 1.4339830875396729,
      "dcr_share": 0.486524002313476,
      "identical_matches_fraction": 0.0,
      "authenticity": 0.9323308270676691,
      "fold": 2,
      "test_size": 4323,
      "synth_size": 17290
    },
    {
      "ks_statistic_mean": 0.26476007837749505,
      "ks_statistic_per_feature_mean": 0.26476007837749505,
      "wasserstein_distance": 0.23318430734798312,
      "kl_divergence": 0.1947683481176166,
      "js_divergence": 0.05068380616085916,
      "mmd": 0.06931165658711111,
      "swd": 0.2401071725878752,
      "correlation_similarity": 0.8832860548924497,
      "pairwise_correlation_diff": 1.867423121732475,
      "correlation_distance": 1.867423121732475,
      "r2_score_real": 0.7024441361427307,
      "r2_score_synth": 0.4823049306869507,
      "rmse_real": 0.5962201735595842,
      "rmse_synth": 0.7864288341387642,
      "ml_efficiency_gap_percent": 31.33903382902603,
      "dcr_mean": 1.7205288410186768,
      "dcr_median": 1.5043082237243652,
      "dcr_share": 0.5091960670908039,
      "identical_matches_fraction": 0.0,
      "authenticity": 0.9119722382880278,
      "fold": 3,
      "test_size": 4323,
      "synth_size": 17290
    },
    {
      "ks_statistic_mean": 0.27005070836604256,
      "ks_statistic_per_feature_mean": 0.27005070836604256,
      "wasserstein_distance": 0.26546086370944977,
      "kl_divergence": 0.1986421040849061,
      "js_divergence": 0.05204427820614434,
      "mmd": 0.07012897583130251,
      "swd": 0.23402586130995678,
      "correlation_similarity": 0.893135872885151,
      "pairwise_correlation_diff": 1.7098260338482703,
      "correlation_distance": 1.7098260338482703,
      "r2_score_real": 0.5881030559539795,
      "r2_score_synth": 0.43245941400527954,
      "rmse_real": 0.5864533506038341,
      "rmse_synth": 0.6883949610190466,
      "ml_efficiency_gap_percent": 26.465368675261473,
      "dcr_mean": 1.6959285736083984,
      "dcr_median": 1.5439099073410034,
      "dcr_share": 0.49973974900237117,
      "identical_matches_fraction": 0.0,
      "authenticity": 0.9244693771326123,
      "fold": 4,
      "test_size": 4322,
      "synth_size": 17291
    },
    {
      "ks_statistic_mean": 0.27106622534838026,
      "ks_statistic_per_feature_mean": 0.27106622534838026,
      "wasserstein_distance": 0.24769469304010272,
      "kl_divergence": 0.18496539183870805,
      "js_divergence": 0.04901398068242062,
      "mmd": 0.07019083169947417,
      "swd": 0.25846106256496104,
      "correlation_similarity": 0.9099003224526746,
      "pairwise_correlation_diff": 1.441594840766216,
      "correlation_distance": 1.441594840766216,
      "r2_score_real": 0.5209095478057861,
      "r2_score_synth": 0.5238231420516968,
      "rmse_real": 0.74642765103125,
      "rmse_synth": 0.7441544819340155,
      "ml_efficiency_gap_percent": 0.5593282477127752,
      "dcr_mean": 1.7048723697662354,
      "dcr_median": 1.4588807821273804,
      "dcr_share": 0.5018217569834018,
      "identical_matches_fraction": 0.0,
      "authenticity": 0.9216933664912382,
      "fold": 5,
      "test_size": 4322,
      "synth_size": 17291
    }
  ],
  "summary": {
    "metrics_mean": {
      "ks_statistic_mean": 0.2665563710546756,
      "ks_statistic_per_feature_mean": 0.2665563710546756,
      "wasserstein_distance": 0.24781924998387694,
      "kl_divergence": 0.1875742553511079,
      "js_divergence": 0.04966629610171654,
      "mmd": 0.06764592861369886,
      "swd": 0.24823543453434188,
      "correlation_similarity": 0.9017318948081107,
      "pairwise_correlation_diff": 1.5722896830800557,
      "correlation_distance": 1.5722896830800557,
      "r2_score_real": 0.6235999464988708,
      "r2_score_synth": 0.4947465419769287,
      "rmse_real": 0.6057923317494872,
      "rmse_synth": 0.7030019699555787,
      "ml_efficiency_gap_percent": 19.904908973812034,
      "dcr_mean": 1.681863045692444,
      "dcr_median": 1.4972175121307374,
      "dcr_share": 0.5018160605956508,
      "identical_matches_fraction": 0.0,
      "authenticity": 0.9213435955726592
    },
    "metrics_std": {
      "ks_statistic_mean": 0.015075410363988875,
      "ks_statistic_per_feature_mean": 0.015075410363988875,
      "wasserstein_distance": 0.017467057148706496,
      "kl_divergence": 0.00983392544142073,
      "js_divergence": 0.0030542997708318978,
      "mmd": 0.0029224331421174414,
      "swd": 0.009932550795008207,
      "correlation_similarity": 0.012472050287237064,
      "pairwise_correlation_diff": 0.19955280459703992,
      "correlation_distance": 0.19955280459703992,
      "r2_score_real": 0.06331466564173263,
      "r2_score_synth": 0.052435066646446336,
      "rmse_real": 0.07279919938486389,
      "rmse_synth": 0.06303486317046327,
      "ml_efficiency_gap_percent": 12.564821062797034,
      "dcr_mean": 0.06144477989775053,
      "dcr_median": 0.04468210557643568,
      "dcr_share": 0.008857497219184546,
      "identical_matches_fraction": 0.0,
      "authenticity": 0.0069908092387897195
    },
    "metrics_min": {
      "ks_statistic_mean": 0.24020059222951953,
      "ks_statistic_per_feature_mean": 0.24020059222951953,
      "wasserstein_distance": 0.22406324790790677,
      "kl_divergence": 0.17026186880578456,
      "js_divergence": 0.04406590263182009,
      "mmd": 0.06273644619676957,
      "swd": 0.23402586130995678,
      "correlation_similarity": 0.8832860548924497,
      "pairwise_correlation_diff": 1.2979915478388544,
      "correlation_distance": 1.2979915478388544,
      "r2_score_real": 0.5209095478057861,
      "r2_score_synth": 0.43245941400527954,
      "rmse_real": 0.5473268277282682,
      "rmse_synth": 0.5982509720743,
      "ml_efficiency_gap_percent": 0.5593282477127752,
      "dcr_mean": 1.5609666109085083,
      "dcr_median": 1.4339830875396729,
      "dcr_share": 0.486524002313476,
      "identical_matches_fraction": 0.0,
      "authenticity": 0.9119722382880278
    },
    "metrics_max": {
      "ks_statistic_mean": 0.28670425095194074,
      "ks_statistic_per_feature_mean": 0.28670425095194074,