{
  "metadata": {
    "dataset": "online_shoppers",
    "model": "ASBM",
    "n_folds": 5,
    "timestamp": "2025-12-31T23:42:28.377548",
    "n_metrics": 20
  },
  "folds": [
    {
      "ks_statistic_mean": 0.3399446761673039,
      "ks_statistic_per_feature_mean": 0.3399446761673039,
      "wasserstein_distance": 0.224629103073052,
      "kl_divergence": 0.10428193526442023,
      "js_divergence": 0.022382420284466353,
      "mmd": 0.08593282085640865,
      "swd": 0.2762409524980841,
      "correlation_similarity": 0.9364564793832828,
      "pairwise_correlation_diff": 0.8896092886403951,
      "correlation_distance": 0.8896092886403951,
      "r2_score_real": -0.05669987201690674,
      "r2_score_synth": -0.3010202646255493,
      "rmse_real": 1.0343200184941088,
      "rmse_synth": 1.1476808507683383,
      "ml_efficiency_gap_percent": 430.9011359598682,
      "dcr_mean": 1.2556979656219482,
      "dcr_median": 1.0940501689910889,
      "dcr_share": 0.5029399837793999,
      "identical_matches_fraction": 0.0,
      "authenticity": 0.8779399837793999,
      "fold": 1,
      "test_size": 2466,
      "synth_size": 9864
    },
    {
      "ks_statistic_mean": 0.3392784729463562,
      "ks_statistic_per_feature_mean": 0.3392784729463562,
      "wasserstein_distance": 0.2197980976530484,
      "kl_divergence": 0.11848561941600987,
      "js_divergence": 0.024867538945050786,
      "mmd": 0.077207924291559,
      "swd": 0.3281825396161552,
      "correlation_similarity": 0.9254702508777726,
      "pairwise_correlation_diff": 1.0434164877186365,
      "correlation_distance": 1.0434164877186365,
      "r2_score_real": -0.187219500541687,
      "r2_score_synth": -0.25920867919921875,
      "rmse_real": 1.1544507435649332,
      "rmse_synth": 1.1889367196205287,
      "ml_efficiency_gap_percent": 38.45175232774555,
      "dcr_mean": 1.3859107494354248,
      "dcr_median": 1.2495321035385132,
      "dcr_share": 0.5113544201135442,
      "identical_matches_fraction": 0.0,
      "authenticity": 0.8958840227088403,
      "fold": 2,
      "test_size": 2466,
      "synth_size": 9864
    },
    {
      "ks_statistic_mean": 0.3323267871625536,
      "ks_statistic_per_feature_mean": 0.3323267871625536,
      "wasserstein_distance": 0.20528523411069596,
      "kl_divergence": 0.12219875978513069,
      "js_divergence": 0.025622952118503687,
      "mmd": 0.06666254106393252,
      "swd": 0.28661420022394973,
      "correlation_similarity": 0.9421546446179606,
      "pairwise_correlation_diff": 0.8098349753543366,
      "correlation_distance": 0.8098349753543366,
      "r2_score_real": -0.11917245388031006,
      "r2_score_synth": -0.20948171615600586,
      "rmse_real": 1.0614629621220752,
      "rmse_synth": 1.1034585313459158,
      "ml_efficiency_gap_percent": 75.78031611768037,
      "dcr_mean": 1.226381778717041,
      "dcr_median": 1.0910909175872803,
      "dcr_share": 0.47546634225466344,
      "identical_matches_fraction": 0.0,
      "authenticity": 0.8448905109489051,
      "fold": 3,
      "test_size": 2466,
      "synth_size": 9864
    },
    {
      "ks_statistic_mean": 0.31298516973699453,
      "ks_statistic_per_feature_mean": 0.31298516973699453,
      "wasserstein_distance": 0.18591918583427156,
      "kl_divergence": 0.08390916120568279,
      "js_divergence": 0.020274319887472136,
      "mmd": 0.06374483994570836,
      "swd": 0.1816324929646688,
      "correlation_similarity": 0.9341874814273179,
      "pairwise_correlation_diff": 0.9213752600241313,
      "correlation_distance": 0.9213752600241313,
      "r2_score_real": -0.12413513660430908,
      "r2_score_synth": -0.2662400007247925,
      "rmse_real": 1.0852511864941061,
      "rmse_synth": 1.1518051699223437,
      "ml_efficiency_gap_percent": 114.47593969582866,
      "dcr_mean": 1.4206857681274414,
      "dcr_median": 1.15511155128479,
      "dcr_share": 0.5096309813463098,
      "identical_matches_fraction": 0.0,
      "authenticity": 0.8545214922952149,
      "fold": 4,
      "test_size": 2466,
      "synth_size": 9864
    },
    {
      "ks_statistic_mean": 0.31884341327771987,
      "ks_statistic_per_feature_mean": 0.31884341327771987,
      "wasserstein_distance": 0.1807232935513769,
      "kl_divergence": 0.11566227957256982,
      "js_divergence": 0.02558340783124028,
      "mmd": 0.0667207673959414,
      "swd": 0.2429362939054416,
      "correlation_similarity": 0.9408693719805784,
      "pairwise_correlation_diff": 0.827828792277816,
      "correlation_distance": 0.827828792277816,
      "r2_score_real": -0.11795353889465332,
      "r2_score_synth": -0.1581435203552246,
      "rmse_real": 1.060884818790251,
      "rmse_synth": 1.079785657470123,
      "ml_efficiency_gap_percent": 34.07272205411808,
      "dcr_mean": 1.284407138824463,
      "dcr_median": 1.11370849609375,
      "dcr_share": 0.48722627737226276,
      "identical_matches_fraction": 0.0,
      "authenticity": 0.811536901865369,
      "fold": 5,
      "test_size": 2466,
      "synth_size": 9864
    }
  ],
  "summary": {
    "metrics_mean": {
      "ks_statistic_mean": 0.3286757038581856,
      "ks_statistic_per_feature_mean": 0.3286757038581856,
      "wasserstein_distance": 0.20327098284448897,
      "kl_divergence": 0.10890755104876267,
      "js_divergence": 0.023746127813346646,
      "mmd": 0.07205377871070998,
      "swd": 0.2631212958416599,
      "correlation_similarity": 0.9358276456573824,
      "pairwise_correlation_diff": 0.8984129608030631,
      "correlation_distance": 0.8984129608030631,
      "r2_score_real": -0.12103610038757324,
      "r2_score_synth": -0.23881883621215821,
      "rmse_real": 1.0792739458930949,
      "rmse_synth": 1.1343333858254498,
      "ml_efficiency_gap_percent": 138.73637323104816,
      "dcr_mean": 1.3146166801452637,
      "dcr_median": 1.1406986474990846,
      "dcr_share": 0.49732360097323597,
      "identical_matches_fraction": 0.0,
      "authenticity": 0.8569545823195458
    },
    "metrics_std": {
      "ks_statistic_mean": 0.010914262756624035,
      "ks_statistic_per_feature_mean": 0.010914262756624035,
      "wasserstein_distance": 0.017566190160071618,
      "kl_divergence": 0.013858844085151244,
      "js_divergence": 0.002100894036422554,
      "mmd": 0.008315502919230949,
      "swd": 0.04899972793000471,
      "correlation_similarity": 0.005929774318509383,
      "pairwise_correlation_diff": 0.08301684045972398,
      "correlation_distance": 0.08301684045972398,
      "r2_score_real": 0.0413327282575356,
      "r2_score_synth": 0.04981135785890052,
      "rmse_real": 0.04089871646026135,
      "rmse_synth": 0.03845426745973935,
      "ml_efficiency_gap_percent": 148.94547150576372,
      "dcr_mean": 0.07550221835053926,
      "dcr_median": 0.059021908874618056,
      "dcr_share": 0.013853338628751698,
      "identical_matches_fraction": 0.0,
      "authenticity": 0.028879459296860123
    },
    "metrics_min": {
      "ks_statistic_mean": 0.31298516973699453,
      "ks_statistic_per_feature_mean": 0.31298516973699453,
      "wasserstein_distance": 0.1807232935513769,
      "kl_divergence": 0.08390916120568279,
      "js_divergence": 0.020274319887472136,
      "mmd": 0.06374483994570836,
      "swd": 0.1816324929646688,
      "correlation_similarity": 0.9254702508777726,
      "pairwise_correlation_diff": 0.8098349753543366,
      "correlation_distance": 0.8098349753543366,
      "r2_score_real": -0.187219500541687,
      "r2_score_synth": -0.3010202646255493,
      "rmse_real": 1.0343200184941088,
      "rmse_synth": 1.079785657470123,
      "ml_efficiency_gap_percent": 34.07272205411808,
      "dcr_mean": 1.226381778717041,
      "dcr_median": 1.0910909175872803,
      "dcr_share": 0.47546634225466344,
      "identical_matches_fraction": 0.0,
      "authenticity": 0.811536901865369
    },
    "metrics_max": {
      "ks_statistic_mean": 0.3399446761673039,
      "ks_statistic_per_feature_mean": 0.3399446761673039,