{
  "metadata": {
    "dataset": "california_housing",
    "model": "ASBM",
    "n_folds": 5,
    "timestamp": "2025-12-31T21:52:12.258376",
    "n_metrics": 20
  },
  "folds": [
    {
      "ks_statistic_mean": 0.10516161406423033,
      "ks_statistic_per_feature_mean": 0.10516161406423033,
      "wasserstein_distance": 0.11715774983167648,
      "kl_divergence": 0.08333882471520446,
      "js_divergence": 0.014476463761292123,
      "mmd": 0.0810186431756986,
      "swd": 1.1386506504683,
      "correlation_similarity": 0.7776225521898039,
      "pairwise_correlation_diff": 1.55664213469361,
      "correlation_distance": 1.55664213469361,
      "r2_score_real": 0.9433958530426025,
      "r2_score_synth": 0.8350604176521301,
      "rmse_real": 0.23804164784335285,
      "rmse_synth": 0.406341597427784,
      "ml_efficiency_gap_percent": 11.483560696294488,
      "dcr_mean": 0.534058690071106,
      "dcr_median": 0.48450225591659546,
      "dcr_share": 0.4856468023255814,
      "identical_matches_fraction": 0.0,
      "authenticity": 0.6795058139534884,
      "fold": 1,
      "test_size": 4128,
      "synth_size": 16512
    },
    {
      "ks_statistic_mean": 0.08456187707641197,
      "ks_statistic_per_feature_mean": 0.08456187707641197,
      "wasserstein_distance": 0.10146460522498403,
      "kl_divergence": 0.16064314629931062,
      "js_divergence": 0.015658390283707174,
      "mmd": 0.0736440318242532,
      "swd": 0.3842197660048176,
      "correlation_similarity": 0.8064741258611315,
      "pairwise_correlation_diff": 1.3546811189914316,
      "correlation_distance": 1.3546811189914316,
      "r2_score_real": 0.9307651519775391,
      "r2_score_synth": 0.7852320671081543,
      "rmse_real": 0.2643221571712513,
      "rmse_synth": 0.46553889957055045,
      "ml_efficiency_gap_percent": 15.635854496720214,
      "dcr_mean": 0.5002822279930115,
      "dcr_median": 0.4510096311569214,
      "dcr_share": 0.5107800387596899,
      "identical_matches_fraction": 0.0,
      "authenticity": 0.7093023255813954,
      "fold": 2,
      "test_size": 4128,
      "synth_size": 16512
    },
    {
      "ks_statistic_mean": 0.10232385105204873,
      "ks_statistic_per_feature_mean": 0.10232385105204873,
      "wasserstein_distance": 0.11628520754831177,
      "kl_divergence": 0.08115328425629074,
      "js_divergence": 0.014372051526385947,
      "mmd": 0.0802648908483714,
      "swd": 0.5721133768593145,
      "correlation_similarity": 0.7699114662149513,
      "pairwise_correlation_diff": 1.6106197365183494,
      "correlation_distance": 1.6106197365183494,
      "r2_score_real": 0.9298421144485474,
      "r2_score_synth": 0.8876460790634155,
      "rmse_real": 0.26302968693300854,
      "rmse_synth": 0.332859285853935,
      "ml_efficiency_gap_percent": 4.53797851586413,
      "dcr_mean": 0.5164595246315002,
      "dcr_median": 0.46522408723831177,
      "dcr_share": 0.5029675387596899,
      "identical_matches_fraction": 0.0,
      "authenticity": 0.661155523255814,
      "fold": 3,
      "test_size": 4128,
      "synth_size": 16512
    },
    {
      "ks_statistic_mean": 0.07568521594684387,
      "ks_statistic_per_feature_mean": 0.07568521594684387,
      "wasserstein_distance": 0.09606497974268027,
      "kl_divergence": 0.13233485482969104,
      "js_divergence": 0.014559353300019078,
      "mmd": 0.07622911678919829,
      "swd": 0.35629375994572227,
      "correlation_similarity": 0.8039066905704962,
      "pairwise_correlation_diff": 1.3726531660261354,
      "correlation_distance": 1.3726531660261354,
      "r2_score_real": 0.9347943663597107,
      "r2_score_synth": 0.8546164631843567,
      "rmse_real": 0.2567983389482819,
      "rmse_synth": 0.3834487337924447,
      "ml_efficiency_gap_percent": 8.577063155352969,
      "dcr_mean": 0.5263734459877014,
      "dcr_median": 0.479146271944046,
      "dcr_share": 0.4897044573643411,
      "identical_matches_fraction": 0.0,
      "authenticity": 0.687015503875969,
      "fold": 4,
      "test_size": 4128,
      "synth_size": 16512
    },
    {
      "ks_statistic_mean": 0.09120639534883722,
      "ks_statistic_per_feature_mean": 0.09120639534883722,
      "wasserstein_distance": 0.10135225845234734,
      "kl_divergence": 0.1057892039607,
      "js_divergence": 0.015194133390175057,
      "mmd": 0.06777259397642235,
      "swd": 0.4044061364217281,
      "correlation_similarity": 0.8089559862898299,
      "pairwise_correlation_diff": 1.337308095990295,
      "correlation_distance": 1.337308095990295,
      "r2_score_real": 0.9396694898605347,
      "r2_score_synth": 0.8700107932090759,
      "rmse_real": 0.24693308853065143,
      "rmse_synth": 0.36246359494346453,
      "ml_efficiency_gap_percent": 7.413106140308701,
      "dcr_mean": 0.4985976219177246,
      "dcr_median": 0.45216935873031616,
      "dcr_share": 0.4755329457364341,
      "identical_matches_fraction": 0.0,
      "authenticity": 0.6815649224806202,
      "fold": 5,
      "test_size": 4128,
      "synth_size": 16512
    }
  ],
  "summary": {
    "metrics_mean": {
      "ks_statistic_mean": 0.09178779069767443,
      "ks_statistic_per_feature_mean": 0.09178779069767443,
      "wasserstein_distance": 0.10646496015999998,
      "kl_divergence": 0.11265186281223938,
      "js_divergence": 0.014852078452315875,
      "mmd": 0.07578585532278877,
      "swd": 0.5711367379399765,
      "correlation_similarity": 0.7933741642252425,
      "pairwise_correlation_diff": 1.4463808504439641,
      "correlation_distance": 1.4463808504439641,
      "r2_score_real": 0.9356933951377868,
      "r2_score_synth": 0.8465131640434265,
      "rmse_real": 0.2538249838853092,
      "rmse_synth": 0.39013042231763573,
      "ml_efficiency_gap_percent": 9.5295126009081,
      "dcr_mean": 0.5151543021202087,
      "dcr_median": 0.46641032099723817,
      "dcr_share": 0.4929263565891473,
      "identical_matches_fraction": 0.0,
      "authenticity": 0.6837088178294575
    },
    "metrics_std": {
      "ks_statistic_mean": 0.010970072753182054,
      "ks_statistic_per_feature_mean": 0.010970072753182054,
      "wasserstein_distance": 0.008603207200091861,
      "kl_divergence": 0.03029552510035633,
      "js_divergence": 0.0004948415120972021,
      "mmd": 0.004825765721305682,
      "swd": 0.29358731165030616,
      "correlation_similarity": 0.016272355481397195,
      "pairwise_correlation_diff": 0.11390648837140757,
      "correlation_distance": 0.11390648837140757,
      "r2_score_real": 0.005185952296624524,
      "r2_score_synth": 0.03520300263588036,
      "rmse_real": 0.01000369895303531,
      "rmse_synth": 0.04480919997143207,
      "ml_efficiency_gap_percent": 3.7790862409475214,
      "dcr_mean": 0.014001792220238727,
      "dcr_median": 0.013644896188847353,
      "dcr_share": 0.012533815001116477,
      "identical_matches_fraction": 0.0,
      "authenticity": 0.01547174480549893
    },
    "metrics_min": {
      "ks_statistic_mean": 0.07568521594684387,
      "ks_statistic_per_feature_mean": 0.07568521594684387,
      "wasserstein_distance": 0.09606497974268027,
      "kl_divergence": 0.08115328425629074,
      "js_divergence": 0.014372051526385947,
      "mmd": 0.06777259397642235,
      "swd": 0.35629375994572227,
      "correlation_similarity": 0.7699114662149513,
      "pairwise_correlation_diff": 1.337308095990295,
      "correlation_distance": 1.337308095990295,
      "r2_score_real": 0.9298421144485474,
      "r2_score_synth": 0.7852320671081543,
      "rmse_real": 0.23804164784335285,
      "rmse_synth": 0.332859285853935,
      "ml_efficiency_gap_percent": 4.53797851586413,
      "dcr_mean": 0.4985976219177246,
      "dcr_median": 0.4510096311569214,
      "dcr_share": 0.4755329457364341,
      "identical_matches_fraction": 0.0,
      "authenticity": 0.661155523255814
    },
    "metrics_max": {
      "ks_statistic_mean": 0.10516161406423033,
      "ks_statistic_per_feature_mean": 0.10516161406423033,