{
  "metadata": {
    "dataset": "online_news_popularity",
    "model": "ASBM",
    "n_folds": 5,
    "timestamp": "2025-12-31T22:36:49.671780",
    "n_metrics": 20
  },
  "folds": [
    {
      "ks_statistic_mean": 0.43945280823132243,
      "ks_statistic_per_feature_mean": 0.43945280823132243,
      "wasserstein_distance": 0.7781858940062851,
      "kl_divergence": 0.428529639753896,
      "js_divergence": 0.10168777191204979,
      "mmd": 0.012749315100217968,
      "swd": 10.810366474081475,
      "correlation_similarity": 0.7217380654864329,
      "pairwise_correlation_diff": 16.139192201814716,
      "correlation_distance": 16.139192201814716,
      "r2_score_real": -0.39019501209259033,
      "r2_score_synth": -5.802891731262207,
      "rmse_real": 0.4667797005658248,
      "rmse_synth": 1.0325733132923824,
      "ml_efficiency_gap_percent": 1387.1773219605443,
      "dcr_mean": 10.168874740600586,
      "dcr_median": 6.082883358001709,
      "dcr_share": 0.5007725051237585,
      "identical_matches_fraction": 0.0,
      "authenticity": 0.9978243733249251,
      "fold": 1,
      "test_size": 7929,
      "synth_size": 31715
    },
    {
      "ks_statistic_mean": 0.38902524408301514,
      "ks_statistic_per_feature_mean": 0.38902524408301514,
      "wasserstein_distance": 0.3764407131178626,
      "kl_divergence": 0.3523459954029866,
      "js_divergence": 0.08323904980852533,
      "mmd": 0.012785532686010475,
      "swd": 0.38951045870974027,
      "correlation_similarity": 0.8629852006149213,
      "pairwise_correlation_diff": 7.9468583643482615,
      "correlation_distance": 7.9468583643482615,
      "r2_score_real": -2.604874849319458,
      "r2_score_synth": -0.43312811851501465,
      "rmse_real": 1.1146039634055038,
      "rmse_synth": 0.7027777556112367,
      "ml_efficiency_gap_percent": 83.37240199358628,
      "dcr_mean": 5.294326305389404,
      "dcr_median": 5.108157157897949,
      "dcr_share": 0.43190919123443167,
      "identical_matches_fraction": 0.0,
      "authenticity": 0.9855273529875453,
      "fold": 2,
      "test_size": 7929,
      "synth_size": 31715
    },
    {
      "ks_statistic_mean": 0.427727049735012,
      "ks_statistic_per_feature_mean": 0.427727049735012,
      "wasserstein_distance": 0.43351786365282946,
      "kl_divergence": 0.41798728537679297,
      "js_divergence": 0.10224399341927183,
      "mmd": 0.012766470824237009,
      "swd": 0.43918023454910193,
      "correlation_similarity": 0.8600222470103758,
      "pairwise_correlation_diff": 8.118709673412205,
      "correlation_distance": 8.118709673412205,
      "r2_score_real": -0.2498762607574463,
      "r2_score_synth": -0.8771696090698242,
      "rmse_real": 0.8732950425368436,
      "rmse_synth": 1.0702352008611722,
      "ml_efficiency_gap_percent": 251.04159411177065,
      "dcr_mean": 5.826935291290283,
      "dcr_median": 5.478371620178223,
      "dcr_share": 0.5383572442062116,
      "identical_matches_fraction": 0.0,
      "authenticity": 0.9962478322560303,
      "fold": 3,
      "test_size": 7929,
      "synth_size": 31715
    },
    {
      "ks_statistic_mean": 0.3393115899426861,
      "ks_statistic_per_feature_mean": 0.3393115899426861,
      "wasserstein_distance": 0.34898467516076975,
      "kl_divergence": 0.39485550814977377,
      "js_divergence": 0.09350812782160661,
      "mmd": 0.012909521992702644,
      "swd": 0.26237346013495744,
      "correlation_similarity": 0.8642355216333086,
      "pairwise_correlation_diff": 7.874339745281672,
      "correlation_distance": 7.874339745281672,
      "r2_score_real": -8.275375366210938,
      "r2_score_synth": -0.3776317834854126,
      "rmse_real": 1.8801420275830965,
      "rmse_synth": 0.7245885635225237,
      "ml_efficiency_gap_percent": 95.43668091447168,
      "dcr_mean": 5.188235282897949,
      "dcr_median": 4.663698673248291,
      "dcr_share": 0.36121708970518684,
      "identical_matches_fraction": 0.0,
      "authenticity": 0.9817121236008198,
      "fold": 4,
      "test_size": 7929,
      "synth_size": 31715
    },
    {
      "ks_statistic_mean": 0.4059611956857393,
      "ks_statistic_per_feature_mean": 0.4059611956857393,
      "wasserstein_distance": 0.4434929931985921,
      "kl_divergence": 0.3228577870521454,
      "js_divergence": 0.08040345176062261,
      "mmd": 0.01277499758308716,
      "swd": 0.6776826628095087,
      "correlation_similarity": 0.8224733401169335,
      "pairwise_correlation_diff": 10.296546273235608,
      "correlation_distance": 10.296546273235608,
      "r2_score_real": -0.11293148994445801,
      "r2_score_synth": -0.20837831497192383,
      "rmse_real": 0.6271062170861386,
      "rmse_synth": 0.6534439676950762,
      "ml_efficiency_gap_percent": 84.51745839394175,
      "dcr_mean": 6.510605812072754,
      "dcr_median": 5.080667495727539,
      "dcr_share": 0.47127632740572584,
      "identical_matches_fraction": 0.0,
      "authenticity": 0.991581536133182,
      "fold": 5,
      "test_size": 7928,
      "synth_size": 31716
    }
  ],
  "summary": {
    "metrics_mean": {
      "ks_statistic_mean": 0.40029557753555506,
      "ks_statistic_per_feature_mean": 0.40029557753555506,
      "wasserstein_distance": 0.4761244278272678,
      "kl_divergence": 0.38331524314711896,
      "js_divergence": 0.09221647894441523,
      "mmd": 0.01279716763725105,
      "swd": 2.515822658056957,
      "correlation_similarity": 0.8262908749723945,
      "pairwise_correlation_diff": 10.075129251618492,
      "correlation_distance": 10.075129251618492,
      "r2_score_real": -2.326650595664978,
      "r2_score_synth": -1.5398399114608765,
      "rmse_real": 0.9923853902354814,
      "rmse_synth": 0.8367237601964781,
      "ml_efficiency_gap_percent": 380.3090914748629,
      "dcr_mean": 6.597795486450195,
      "dcr_median": 5.282755661010742,
      "dcr_share": 0.4607064715350628,
      "identical_matches_fraction": 0.0,
      "authenticity": 0.9905786436605005
    },
    "metrics_std": {
      "ks_statistic_mean": 0.0351110830669561,
      "ks_statistic_per_feature_mean": 0.0351110830669561,
      "wasserstein_distance": 0.15506296712836246,
      "kl_divergence": 0.039984667542786526,
      "js_divergence": 0.009078178660712961,
      "mmd": 5.741523179551754e-05,
      "swd": 4.149455298467488,
      "correlation_similarity": 0.05453428049938234,
      "pairwise_correlation_diff": 3.1629882689696296,
      "correlation_distance": 3.1629882689696296,
      "r2_score_real": 3.1121741363664093,
      "r2_score_synth": 2.1429452375777163,
      "rmse_real": 0.49536288779988885,
      "rmse_synth": 0.17719591258602965,
      "ml_efficiency_gap_percent": 507.40715357494724,
      "dcr_mean": 1.8460946017274884,
      "dcr_median": 0.476030619373872,
      "dcr_share": 0.06078498473584981,
      "identical_matches_fraction": 0.0,
      "authenticity": 0.006160792261467237
    },
    "metrics_min": {
      "ks_statistic_mean": 0.3393115899426861,
      "ks_statistic_per_feature_mean": 0.3393115899426861,
      "wasserstein_distance": 0.34898467516076975,
      "kl_divergence": 0.3228577870521454,
      "js_divergence": 0.08040345176062261,
      "mmd": 0.012749315100217968,
      "swd": 0.26237346013495744,
      "correlation_similarity": 0.7217380654864329,
      "pairwise_correlation_diff": 7.874339745281672,
      "correlation_distance": 7.874339745281672,
      "r2_score_real": -8.275375366210938,
      "r2_score_synth": -5.802891731262207,
      "rmse_real": 0.4667797005658248,
      "rmse_synth": 0.6534439676950762,
      "ml_efficiency_gap_percent": 83.37240199358628,
      "dcr_mean": 5.188235282897949,
      "dcr_median": 4.663698673248291,
      "dcr_share": 0.36121708970518684,
      "identical_matches_fraction": 0.0,
      "authenticity": 0.9817121236008198
    },
    "metrics_max": {
      "ks_statistic_mean": 0.43945280823132243,
      "ks_statistic_per_feature_mean": 0.43945280823132243,
      "wasserstein_distance": 0.7781858940062851,