{
  "metadata": {
    "dataset": "german_credit",
    "model": "ASBM",
    "n_folds": 5,
    "timestamp": "2026-01-01T00:18:08.060132",
    "n_metrics": 20
  },
  "folds": [
    {
      "ks_statistic_mean": 0.28770833333333334,
      "ks_statistic_per_feature_mean": 0.28770833333333334,
      "wasserstein_distance": 0.3202265401681264,
      "kl_divergence": 0.3426490268839217,
      "js_divergence": 0.09764906149361609,
      "mmd": 0.1161887197208288,
      "swd": 0.3338798884243145,
      "correlation_similarity": 0.8790185256011931,
      "pairwise_correlation_diff": 0.7258888464049398,
      "correlation_distance": 0.7258888464049398,
      "r2_score_real": -0.7498129606246948,
      "r2_score_synth": -0.1875060796737671,
      "rmse_real": 1.305138789722002,
      "rmse_synth": 1.0751741356977316,
      "ml_efficiency_gap_percent": 74.99295297355899,
      "dcr_mean": 1.0581769943237305,
      "dcr_median": 0.8725433349609375,
      "dcr_share": 0.53375,
      "identical_matches_fraction": 0.0,
      "authenticity": 0.55625,
      "fold": 1,
      "test_size": 200,
      "synth_size": 800
    },
    {
      "ks_statistic_mean": 0.28291666666666665,
      "ks_statistic_per_feature_mean": 0.28291666666666665,
      "wasserstein_distance": 0.35503776868184406,
      "kl_divergence": 0.44108317615618975,
      "js_divergence": 0.10428044269702659,
      "mmd": 0.1782374076145689,
      "swd": 0.34338418451090896,
      "correlation_similarity": 0.8744819206259394,
      "pairwise_correlation_diff": 0.753108476256915,
      "correlation_distance": 0.753108476256915,
      "r2_score_real": -0.12296724319458008,
      "r2_score_synth": -0.47928285598754883,
      "rmse_real": 1.222732492818,
      "rmse_synth": 1.4033742534594351,
      "ml_efficiency_gap_percent": 289.7646588930553,
      "dcr_mean": 1.0556154251098633,
      "dcr_median": 0.9414582252502441,
      "dcr_share": 0.48125,
      "identical_matches_fraction": 0.0,
      "authenticity": 0.64625,
      "fold": 2,
      "test_size": 200,
      "synth_size": 800
    },
    {
      "ks_statistic_mean": 0.28375,
      "ks_statistic_per_feature_mean": 0.28375,
      "wasserstein_distance": 0.4047696279982726,
      "kl_divergence": 0.5038372995955971,
      "js_divergence": 0.12126873309948409,
      "mmd": 0.19709793050109,
      "swd": 0.44853241046552766,
      "correlation_similarity": 0.8424116539813973,
      "pairwise_correlation_diff": 0.9455300761273752,
      "correlation_distance": 0.9455300761273752,
      "r2_score_real": -0.24380934238433838,
      "r2_score_synth": -0.07976984977722168,
      "rmse_real": 1.3343916755724217,
      "rmse_synth": 1.2432887156426442,
      "ml_efficiency_gap_percent": 67.28187320587848,
      "dcr_mean": 1.0923265218734741,
      "dcr_median": 1.0122090578079224,
      "dcr_share": 0.5375,
      "identical_matches_fraction": 0.0,
      "authenticity": 0.6625,
      "fold": 3,
      "test_size": 200,
      "synth_size": 800
    },
    {
      "ks_statistic_mean": 0.33874999999999994,
      "ks_statistic_per_feature_mean": 0.33874999999999994,
      "wasserstein_distance": 0.40653649469216663,
      "kl_divergence": 0.4886069643634872,
      "js_divergence": 0.1286036064032168,
      "mmd": 0.18111047930513793,
      "swd": 0.4166369644570789,
      "correlation_similarity": 0.8842290643117316,
      "pairwise_correlation_diff": 0.6946256141411868,
      "correlation_distance": 0.6946256141411868,
      "r2_score_real": -0.3433396816253662,
      "r2_score_synth": -0.34664392471313477,
      "rmse_real": 1.3373369170971587,
      "rmse_synth": 1.3389806608921673,
      "ml_efficiency_gap_percent": 0.96238310472192,
      "dcr_mean": 1.197749376296997,
      "dcr_median": 1.0617872476577759,
      "dcr_share": 0.46125,
      "identical_matches_fraction": 0.0,
      "authenticity": 0.56,
      "fold": 4,
      "test_size": 200,
      "synth_size": 800
    },
    {
      "ks_statistic_mean": 0.2977083333333333,
      "ks_statistic_per_feature_mean": 0.2977083333333333,
      "wasserstein_distance": 0.28880877544482547,
      "kl_divergence": 0.41791330469585675,
      "js_divergence": 0.10134609125011874,
      "mmd": 0.12861300919781066,
      "swd": 0.2853770729881479,
      "correlation_similarity": 0.9039521068832732,
      "pairwise_correlation_diff": 0.5762873587099655,
      "correlation_distance": 0.5762873587099655,
      "r2_score_real": -0.4181678295135498,
      "r2_score_synth": -0.8484506607055664,
      "rmse_real": 1.088249873183436,
      "rmse_synth": 1.2424209183484938,
      "ml_efficiency_gap_percent": 102.89716253222063,
      "dcr_mean": 1.0535427331924438,
      "dcr_median": 0.950201153755188,
      "dcr_share": 0.54375,
      "identical_matches_fraction": 0.0,
      "authenticity": 0.565,
      "fold": 5,
      "test_size": 200,
      "synth_size": 800
    }
  ],
  "summary": {
    "metrics_mean": {
      "ks_statistic_mean": 0.2981666666666666,
      "ks_statistic_per_feature_mean": 0.2981666666666666,
      "wasserstein_distance": 0.355075841397047,
      "kl_divergence": 0.43881795433901055,
      "js_divergence": 0.11062958698869245,
      "mmd": 0.16024950926788722,
      "swd": 0.3655621041691956,
      "correlation_similarity": 0.8768186542807068,
      "pairwise_correlation_diff": 0.7390880743280764,
      "correlation_distance": 0.7390880743280764,
      "r2_score_real": -0.37561941146850586,
      "r2_score_synth": -0.38833067417144773,
      "rmse_real": 1.2575699496786037,
      "rmse_synth": 1.2606477368080946,
      "ml_efficiency_gap_percent": 107.17980614188707,
      "dcr_mean": 1.0914822101593018,
      "dcr_median": 0.9676398038864136,
      "dcr_share": 0.5115000000000001,
      "identical_matches_fraction": 0.0,
      "authenticity": 0.5980000000000001
    },
    "metrics_std": {
      "ks_statistic_mean": 0.020961853581101902,
      "ks_statistic_per_feature_mean": 0.020961853581101902,
      "wasserstein_distance": 0.04631084222926726,
      "kl_divergence": 0.057266148798847685,
      "js_divergence": 0.012093351664226986,
      "mmd": 0.03180808707671464,
      "swd": 0.059021987802367615,
      "correlation_similarity": 0.019926263345446067,
      "pairwise_correlation_diff": 0.11955758007466906,
      "correlation_distance": 0.11955758007466906,
      "r2_score_real": 0.21169797992067674,
      "r2_score_synth": 0.2673053634223111,
      "rmse_real": 0.09424444589298192,
      "rmse_synth": 0.11094225055118932,
      "ml_efficiency_gap_percent": 97.22710426270554,
      "dcr_mean": 0.055006346988984066,
      "dcr_median": 0.06462674298489289,
      "dcr_share": 0.03361919094802846,
      "identical_matches_fraction": 0.0,
      "authenticity": 0.04639908404268341
    },
    "metrics_min": {
      "ks_statistic_mean": 0.28291666666666665,
      "ks_statistic_per_feature_mean": 0.28291666666666665,
      "wasserstein_distance": 0.28880877544482547,
      "kl_divergence": 0.3426490268839217,
      "js_divergence": 0.09764906149361609,
      "mmd": 0.1161887197208288,
      "swd": 0.2853770729881479,
      "correlation_similarity": 0.8424116539813973,
      "pairwise_correlation_diff": 0.5762873587099655,
      "correlation_distance": 0.5762873587099655,
      "r2_score_real": -0.7498129606246948,
      "r2_score_synth": -0.8484506607055664,
      "rmse_real": 1.088249873183436,
      "rmse_synth": 1.0751741356977316,
      "ml_efficiency_gap_percent": 0.96238310472192,
      "dcr_mean": 1.0535427331924438,
      "dcr_median": 0.8725433349609375,
      "dcr_share": 0.46125,
      "identical_matches_fraction": 0.0,
      "authenticity": 0.55625
    },
    "metrics_max": {
      "ks_statistic_mean": 0.33874999999999994,
      "ks_statistic_per_feature_mean": 0.33874999999999994,
      "wasserstein_distance": 0.40653649469216663,
      "kl_divergence": 0.5038372995955971,
      "js_divergence": 0.1286036064032168,
      "mmd": 0.19709793050109,
      "swd": 0.44853241046552766,