{
  "metadata": {
    "dataset": "adult_numeric",
    "model": "ASBM",
    "n_folds": 5,
    "timestamp": "2025-12-31T23:09:04.997498",
    "n_metrics": 20
  },
  "folds": [
    {
      "ks_statistic_mean": 0.25859999999999994,
      "ks_statistic_per_feature_mean": 0.25859999999999994,
      "wasserstein_distance": 0.299475833773613,
      "kl_divergence": 0.5495376387441956,
      "js_divergence": 0.13953374942258515,
      "mmd": 0.07785714162950379,
      "swd": 0.2060034942303047,
      "correlation_similarity": 0.8741945533958037,
      "pairwise_correlation_diff": 1.258054466054544,
      "correlation_distance": 1.258054466054544,
      "r2_score_real": -0.25832855701446533,
      "r2_score_synth": -0.9290528297424316,
      "rmse_real": 1.1283158074900328,
      "rmse_synth": 1.3970299568678002,
      "ml_efficiency_gap_percent": 259.6400028241587,
      "dcr_mean": 1.6158912181854248,
      "dcr_median": 1.4226229190826416,
      "dcr_share": 0.4985,
      "identical_matches_fraction": 0.0,
      "authenticity": 0.90475,
      "fold": 1,
      "test_size": 1000,
      "synth_size": 4000
    },
    {
      "ks_statistic_mean": 0.244975,
      "ks_statistic_per_feature_mean": 0.244975,
      "wasserstein_distance": 0.2741804592311382,
      "kl_divergence": 0.6333188457664856,
      "js_divergence": 0.1393871784796333,
      "mmd": 0.07249625848875246,
      "swd": 0.16685087875449528,
      "correlation_similarity": 0.9059736605167065,
      "pairwise_correlation_diff": 0.9402633948423377,
      "correlation_distance": 0.9402633948423377,
      "r2_score_real": -0.322262167930603,
      "r2_score_synth": -0.3220006227493286,
      "rmse_real": 1.139352742122632,
      "rmse_synth": 1.1392400511624705,
      "ml_efficiency_gap_percent": 0.08115913293636629,
      "dcr_mean": 1.5018608570098877,
      "dcr_median": 1.3844506740570068,
      "dcr_share": 0.53325,
      "identical_matches_fraction": 0.0,
      "authenticity": 0.89925,
      "fold": 2,
      "test_size": 1000,
      "synth_size": 4000
    },
    {
      "ks_statistic_mean": 0.25315,
      "ks_statistic_per_feature_mean": 0.25315,
      "wasserstein_distance": 0.3050195395946503,
      "kl_divergence": 0.6884498627046638,
      "js_divergence": 0.15444236147315643,
      "mmd": 0.08280095991328257,
      "swd": 0.21768674643440947,
      "correlation_similarity": 0.9288720541381319,
      "pairwise_correlation_diff": 0.711279458625794,
      "correlation_distance": 0.711279458625794,
      "r2_score_real": -0.055242300033569336,
      "r2_score_synth": -0.15179049968719482,
      "rmse_real": 1.0010214595495133,
      "rmse_synth": 1.0458130075878311,
      "ml_efficiency_gap_percent": 174.77222996681095,
      "dcr_mean": 1.4749433994293213,
      "dcr_median": 1.4184188842773438,
      "dcr_share": 0.455,
      "identical_matches_fraction": 0.0,
      "authenticity": 0.916,
      "fold": 3,
      "test_size": 1000,
      "synth_size": 4000
    },
    {
      "ks_statistic_mean": 0.250625,
      "ks_statistic_per_feature_mean": 0.250625,
      "wasserstein_distance": 0.28754047229886054,
      "kl_divergence": 0.7138293072394652,
      "js_divergence": 0.15415434277932588,
      "mmd": 0.07679924329222594,
      "swd": 0.1796214530067736,
      "correlation_similarity": 0.9281682186178398,
      "pairwise_correlation_diff": 0.7183178138287852,
      "correlation_distance": 0.7183178138287852,
      "r2_score_real": -0.2935398817062378,
      "r2_score_synth": -0.02117025852203369,
      "rmse_real": 1.0880831919553127,
      "rmse_synth": 0.9667657712306468,
      "ml_efficiency_gap_percent": 92.78794472526906,
      "dcr_mean": 1.58359694480896,
      "dcr_median": 1.5447452068328857,
      "dcr_share": 0.50525,
      "identical_matches_fraction": 0.0,
      "authenticity": 0.922,
      "fold": 4,
      "test_size": 1000,
      "synth_size": 4000
    },
    {
      "ks_statistic_mean": 0.25917500000000004,
      "ks_statistic_per_feature_mean": 0.25917500000000004,
      "wasserstein_distance": 0.29712644666433335,
      "kl_divergence": 0.6804381194880684,
      "js_divergence": 0.15369333007835503,
      "mmd": 0.08857080807359759,
      "swd": 0.17978609202570717,
      "correlation_similarity": 0.8935044685344125,
      "pairwise_correlation_diff": 1.0649553146665252,
      "correlation_distance": 1.0649553146665252,
      "r2_score_real": -0.32112574577331543,
      "r2_score_synth": -0.34564459323883057,
      "rmse_real": 1.1066201619829201,
      "rmse_synth": 1.11684182961534,
      "ml_efficiency_gap_percent": 7.635279259989056,
      "dcr_mean": 1.5136229991912842,
      "dcr_median": 1.44072687625885,
      "dcr_share": 0.5005,
      "identical_matches_fraction": 0.0,
      "authenticity": 0.9125,
      "fold": 5,
      "test_size": 1000,
      "synth_size": 4000
    }
  ],
  "summary": {
    "metrics_mean": {
      "ks_statistic_mean": 0.25330499999999995,
      "ks_statistic_per_feature_mean": 0.25330499999999995,
      "wasserstein_distance": 0.2926685503125191,
      "kl_divergence": 0.6531147547885757,
      "js_divergence": 0.14824219244661116,
      "mmd": 0.07970488227947246,
      "swd": 0.18998973289033802,
      "correlation_similarity": 0.9061425910405788,
      "pairwise_correlation_diff": 0.9385740896035972,
      "correlation_distance": 0.9385740896035972,
      "r2_score_real": -0.2500997304916382,
      "r2_score_synth": -0.35393176078796384,
      "rmse_real": 1.0926786726200821,
      "rmse_synth": 1.1331381232928177,
      "ml_efficiency_gap_percent": 106.98332318183284,
      "dcr_mean": 1.5379830837249755,
      "dcr_median": 1.4421929121017456,
      "dcr_share": 0.49849999999999994,
      "identical_matches_fraction": 0.0,
      "authenticity": 0.9109
    },
    "metrics_std": {
      "ks_statistic_mean": 0.005274262981687584,
      "ks_statistic_per_feature_mean": 0.005274262981687584,
      "wasserstein_distance": 0.010833887392788653,
      "kl_divergence": 0.05796807737252763,
      "js_divergence": 0.007174381802673239,
      "mmd": 0.005513827659464891,
      "swd": 0.01881800837959207,
      "correlation_similarity": 0.020891072496307908,
      "pairwise_correlation_diff": 0.2089107249651681,
      "correlation_distance": 0.2089107249651681,
      "r2_score_real": 0.10017613563333012,
      "r2_score_synth": 0.31094817108561595,
      "rmse_real": 0.04912230129325368,
      "rmse_synth": 0.14508420858418986,
      "ml_efficiency_gap_percent": 99.39719613900688,
      "dcr_mean": 0.052957591553123004,
      "dcr_median": 0.054408597658630715,
      "dcr_share": 0.025097310612892363,
      "identical_matches_fraction": 0.0,
      "authenticity": 0.008066287869894065
    },
    "metrics_min": {
      "ks_statistic_mean": 0.244975,
      "ks_statistic_per_feature_mean": 0.244975,
      "wasserstein_distance": 0.2741804592311382,
      "kl_divergence": 0.5495376387441956,
      "js_divergence": 0.1393871784796333,
      "mmd": 0.07249625848875246,
      "swd": 0.16685087875449528,
      "correlation_similarity": 0.8741945533958037,
      "pairwise_correlation_diff": 0.711279458625794,
      "correlation_distance": 0.711279458625794,
      "r2_score_real": -0.322262167930603,
      "r2_score_synth": -0.9290528297424316,
      "rmse_real": 1.0010214595495133,
      "rmse_synth": 0.9667657712306468,
      "ml_efficiency_gap_percent": 0.08115913293636629,
      "dcr_mean": 1.4749433994293213,
      "dcr_median": 1.3844506740570068,
      "dcr_share": 0.455,
      "identical_matches_fraction": 0.0,
      "authenticity": 0.89925
    },
    "metrics_max": {
      "ks_statistic_mean": 0.25917500000000004,
      "ks_statistic_per_feature_mean": 0.25917500000000004,
      "wasserstein_distance": 0.3050195395946503,
      "kl_divergence": 0.7138293072394652,
      "js_divergence": 0.15444236147315643,
      "mmd": 0.08857080807359759,
      "swd": 0.21768674643440947,
      "correlation_similarity": 0.9288720541381319,