{
  "metadata": {
    "dataset": "bank_marketing",
    "model": "ASBM",
    "n_folds": 5,
    "timestamp": "2025-12-31T23:25:32.829019",
    "n_metrics": 20
  },
  "folds": [
    {
      "ks_statistic_mean": 0.2694375,
      "ks_statistic_per_feature_mean": 0.2694375,
      "wasserstein_distance": 0.2396052839855353,
      "kl_divergence": 0.0908685639076689,
      "js_divergence": 0.012337543188734408,
      "mmd": 0.1794185509973466,
      "swd": 0.3831288474394543,
      "correlation_similarity": 0.8763950519998033,
      "pairwise_correlation_diff": 0.7416296880135409,
      "correlation_distance": 0.7416296880135409,
      "r2_score_real": 0.44628196954727173,
      "r2_score_synth": 0.26837974786758423,
      "rmse_real": 0.7132920480602305,
      "rmse_synth": 0.8199094963138864,
      "ml_efficiency_gap_percent": 39.86318825745065,
      "dcr_mean": 0.5356274247169495,
      "dcr_median": 0.4461190104484558,
      "dcr_share": 0.490875,
      "identical_matches_fraction": 0.0,
      "authenticity": 0.71225,
      "fold": 1,
      "test_size": 2000,
      "synth_size": 8000
    },
    {
      "ks_statistic_mean": 0.20529166666666665,
      "ks_statistic_per_feature_mean": 0.20529166666666665,
      "wasserstein_distance": 0.16554625084002814,
      "kl_divergence": 0.06464623545094232,
      "js_divergence": 0.010274149366979745,
      "mmd": 0.11621065569204882,
      "swd": 0.26408312932486894,
      "correlation_similarity": 0.8984496909586138,
      "pairwise_correlation_diff": 0.6093018542584719,
      "correlation_distance": 0.6093018542584719,
      "r2_score_real": 0.3392180800437927,
      "r2_score_synth": 0.3008841872215271,
      "rmse_real": 0.6839330866400318,
      "rmse_synth": 0.7034918781616923,
      "ml_efficiency_gap_percent": 11.300663224471041,
      "dcr_mean": 0.55370032787323,
      "dcr_median": 0.46451428532600403,
      "dcr_share": 0.487375,
      "identical_matches_fraction": 0.0,
      "authenticity": 0.66425,
      "fold": 2,
      "test_size": 2000,
      "synth_size": 8000
    },
    {
      "ks_statistic_mean": 0.17575,
      "ks_statistic_per_feature_mean": 0.17575,
      "wasserstein_distance": 0.13086394344766936,
      "kl_divergence": 0.03413641533295495,
      "js_divergence": 0.007383450345528363,
      "mmd": 0.07495379494548594,
      "swd": 0.1641109659646016,
      "correlation_similarity": 0.9410630790104219,
      "pairwise_correlation_diff": 0.3536215259433623,
      "correlation_distance": 0.3536215259433623,
      "r2_score_real": 0.354042649269104,
      "r2_score_synth": 0.12497782707214355,
      "rmse_real": 0.5849756866276934,
      "rmse_synth": 0.6808405555667317,
      "ml_efficiency_gap_percent": 64.69978198102646,
      "dcr_mean": 0.564539909362793,
      "dcr_median": 0.4686248302459717,
      "dcr_share": 0.494875,
      "identical_matches_fraction": 0.0,
      "authenticity": 0.622625,
      "fold": 3,
      "test_size": 2000,
      "synth_size": 8000
    },
    {
      "ks_statistic_mean": 0.17714583333333334,
      "ks_statistic_per_feature_mean": 0.17714583333333334,
      "wasserstein_distance": 0.1504892259836197,
      "kl_divergence": 0.07222446322847677,
      "js_divergence": 0.015211730849123202,
      "mmd": 0.08535320019279348,
      "swd": 0.20756035987260563,
      "correlation_similarity": 0.8751231940256935,
      "pairwise_correlation_diff": 0.7492608358583268,
      "correlation_distance": 0.7492608358583268,
      "r2_score_real": 0.3614271879196167,
      "r2_score_synth": 0.3451322317123413,
      "rmse_real": 0.70357998855894,
      "rmse_synth": 0.7125003111989195,
      "ml_efficiency_gap_percent": 4.508503165207227,
      "dcr_mean": 0.6110256910324097,
      "dcr_median": 0.4655267298221588,
      "dcr_share": 0.51075,
      "identical_matches_fraction": 0.0,
      "authenticity": 0.64425,
      "fold": 4,
      "test_size": 2000,
      "synth_size": 8000
    },
    {
      "ks_statistic_mean": 0.229,
      "ks_statistic_per_feature_mean": 0.229,
      "wasserstein_distance": 0.18016400436560312,
      "kl_divergence": 0.06501517087167401,
      "js_divergence": 0.008212901721586225,
      "mmd": 0.08100997454105824,
      "swd": 0.3597149664484366,
      "correlation_similarity": 0.9235374993073804,
      "pairwise_correlation_diff": 0.4587750041633637,
      "correlation_distance": 0.4587750041633637,
      "r2_score_real": -4.984502792358398,
      "r2_score_synth": 0.40486592054367065,
      "rmse_real": 2.1496868038495225,
      "rmse_synth": 0.6779045968562896,
      "ml_efficiency_gap_percent": 108.12249360486585,
      "dcr_mean": 0.5640016794204712,
      "dcr_median": 0.46668171882629395,
      "dcr_share": 0.46725,
      "identical_matches_fraction": 0.0,
      "authenticity": 0.68525,
      "fold": 5,
      "test_size": 2000,
      "synth_size": 8000
    }
  ],
  "summary": {
    "metrics_mean": {
      "ks_statistic_mean": 0.21132499999999999,
      "ks_statistic_per_feature_mean": 0.21132499999999999,
      "wasserstein_distance": 0.17333374172449112,
      "kl_divergence": 0.0653781697583434,
      "js_divergence": 0.010683955094390388,
      "mmd": 0.10738923527374662,
      "swd": 0.2757196538099934,
      "correlation_similarity": 0.9029137030603825,
      "pairwise_correlation_diff": 0.5825177816474131,
      "correlation_distance": 0.5825177816474131,
      "r2_score_real": -0.6967065811157227,
      "r2_score_synth": 0.28884798288345337,
      "rmse_real": 0.9670935227472836,
      "rmse_synth": 0.7189293676195039,
      "ml_efficiency_gap_percent": 45.69892604660425,
      "dcr_mean": 0.5657790064811706,
      "dcr_median": 0.46229331493377684,
      "dcr_share": 0.490225,
      "identical_matches_fraction": 0.0,
      "authenticity": 0.6657249999999999
    },
    "metrics_std": {
      "ks_statistic_mean": 0.0350989044028126,
      "ks_statistic_per_feature_mean": 0.0350989044028126,
      "wasserstein_distance": 0.03694528516817371,
      "kl_divergence": 0.018293969737405335,
      "js_divergence": 0.00284262146525452,
      "mmd": 0.03872867105901466,
      "swd": 0.08465169186267582,
      "correlation_similarity": 0.02598535936845882,
      "pairwise_correlation_diff": 0.15591215621335158,
      "correlation_distance": 0.15591215621335158,
      "r2_score_real": 2.144223873480539,
      "r2_score_synth": 0.093856619745565,
      "rmse_real": 0.5930556994109543,
      "rmse_synth": 0.05217360378221701,
      "ml_efficiency_gap_percent": 37.8726327862591,
      "dcr_mean": 0.02492777196552968,
      "dcr_median": 0.008201731302351387,
      "dcr_share": 0.013994954447943027,
      "identical_matches_fraction": 0.0,
      "authenticity": 0.03119859772489785
    },
    "metrics_min": {
      "ks_statistic_mean": 0.17575,
      "ks_statistic_per_feature_mean": 0.17575,
      "wasserstein_distance": 0.13086394344766936,
      "kl_divergence": 0.03413641533295495,
      "js_divergence": 0.007383450345528363,
      "mmd": 0.07495379494548594,
      "swd": 0.1641109659646016,
      "correlation_similarity": 0.8751231940256935,
      "pairwise_correlation_diff": 0.3536215259433623,
      "correlation_distance": 0.3536215259433623,
      "r2_score_real": -4.984502792358398,
      "r2_score_synth": 0.12497782707214355,
      "rmse_real": 0.5849756866276934,
      "rmse_synth": 0.6779045968562896,
      "ml_efficiency_gap_percent": 4.508503165207227,
      "dcr_mean": 0.5356274247169495,
      "dcr_median": 0.4461190104484558,
      "dcr_share": 0.46725,
      "identical_matches_fraction": 0.0,
      "authenticity": 0.622625
    },
    "metrics_max": {
      "ks_statistic_mean": 0.2694375,
      "ks_statistic_per_feature_mean": 0.2694375,
      "wasserstein_distance": 0.2396052839855353,
      "kl_divergence": 0.0908685639076689,
      "js_divergence": 0.015211730849123202,
      "mmd": 0.1794185509973466,
      "swd": 0.3831288474394543,
      "correlation_similarity": 0.9410630790104219,