{
  "metadata": {
    "dataset": "diabetes",
    "model": "ASBM",
    "n_folds": 5,
    "timestamp": "2025-12-31T22:07:27.357182",
    "n_metrics": 20
  },
  "folds": [
    {
      "ks_statistic_mean": 0.14915491612821083,
      "ks_statistic_per_feature_mean": 0.14915491612821083,
      "wasserstein_distance": 0.19374484568834305,
      "kl_divergence": 0.27215847600796633,
      "js_divergence": 0.07007960499963564,
      "mmd": 0.1373309285880082,
      "swd": 0.22657981021195897,
      "correlation_similarity": 0.9034613623752875,
      "pairwise_correlation_diff": 0.868847738632066,
      "correlation_distance": 0.868847738632066,
      "r2_score_real": -0.43945062160491943,
      "r2_score_synth": 0.05876338481903076,
      "rmse_real": 1.3601389525056957,
      "rmse_synth": 1.0998521336960658,
      "ml_efficiency_gap_percent": 113.37201085401148,
      "dcr_mean": 1.8045854568481445,
      "dcr_median": 1.7771718502044678,
      "dcr_share": 0.5722379603399433,
      "identical_matches_fraction": 0.0,
      "authenticity": 0.5920679886685553,
      "fold": 1,
      "test_size": 89,
      "synth_size": 353
    },
    {
      "ks_statistic_mean": 0.16347837158226436,
      "ks_statistic_per_feature_mean": 0.16347837158226436,
      "wasserstein_distance": 0.27152495168977314,
      "kl_divergence": 0.3170653151176492,
      "js_divergence": 0.07634442495115437,
      "mmd": 0.13945428370441582,
      "swd": 0.23923521174127785,
      "correlation_similarity": 0.9207313625397973,
      "pairwise_correlation_diff": 0.7134177371497515,
      "correlation_distance": 0.7134177371497515,
      "r2_score_real": -0.1261805295944214,
      "r2_score_synth": 0.18782639503479004,
      "rmse_real": 1.2846187406682332,
      "rmse_synth": 1.0909245098895575,
      "ml_efficiency_gap_percent": 248.85529141343378,
      "dcr_mean": 1.7779110670089722,
      "dcr_median": 1.7894924879074097,
      "dcr_share": 0.46742209631728043,
      "identical_matches_fraction": 0.0,
      "authenticity": 0.5637393767705382,
      "fold": 2,
      "test_size": 89,
      "synth_size": 353
    },
    {
      "ks_statistic_mean": 0.1534483250584945,
      "ks_statistic_per_feature_mean": 0.1534483250584945,
      "wasserstein_distance": 0.2629585895273421,
      "kl_divergence": 0.3054668413700014,
      "js_divergence": 0.06644195740763795,
      "mmd": 0.13237658575044023,
      "swd": 0.2683180331316997,
      "correlation_similarity": 0.8675490240316533,
      "pairwise_correlation_diff": 1.192058783728365,
      "correlation_distance": 1.192058783728365,
      "r2_score_real": -0.3252300024032593,
      "r2_score_synth": -0.6572291851043701,
      "rmse_real": 1.0772626994339003,
      "rmse_synth": 1.2046677247637219,
      "ml_efficiency_gap_percent": 102.08135173502791,
      "dcr_mean": 1.8141310214996338,
      "dcr_median": 1.7639504671096802,
      "dcr_share": 0.480225988700565,
      "identical_matches_fraction": 0.0,
      "authenticity": 0.5932203389830508,
      "fold": 3,
      "test_size": 88,
      "synth_size": 354
    },
    {
      "ks_statistic_mean": 0.1339525195457399,
      "ks_statistic_per_feature_mean": 0.1339525195457399,
      "wasserstein_distance": 0.20798218746980032,
      "kl_divergence": 0.25029760076141333,
      "js_divergence": 0.053860106879535075,
      "mmd": 0.13517399300199082,
      "swd": 0.2522041069555588,
      "correlation_similarity": 0.8787084857921413,
      "pairwise_correlation_diff": 1.0916236278828573,
      "correlation_distance": 1.0916236278828573,
      "r2_score_real": -1.583270788192749,
      "r2_score_synth": -0.49948084354400635,
      "rmse_real": 0.9659495021403925,
      "rmse_synth": 0.7359357441032828,
      "ml_efficiency_gap_percent": 68.45259526867497,
      "dcr_mean": 1.8636343479156494,
      "dcr_median": 1.8546569347381592,
      "dcr_share": 0.4661016949152542,
      "identical_matches_fraction": 0.0,
      "authenticity": 0.6242937853107344,
      "fold": 4,
      "test_size": 88,
      "synth_size": 354
    },
    {
      "ks_statistic_mean": 0.16695913941676654,
      "ks_statistic_per_feature_mean": 0.16695913941676654,
      "wasserstein_distance": 0.19991843981875312,
      "kl_divergence": 0.2800077611680562,
      "js_divergence": 0.07287792348386496,
      "mmd": 0.13338678375615565,
      "swd": 0.18596776113112193,
      "correlation_similarity": 0.8831951969753762,
      "pairwise_correlation_diff": 1.0512432272332952,
      "correlation_distance": 1.0512432272332952,
      "r2_score_real": 0.007782101631164551,
      "r2_score_synth": 0.028980612754821777,
      "rmse_real": 1.2998526067806893,
      "rmse_synth": 1.2858921251600084,
      "ml_efficiency_gap_percent": 272.4008517026394,
      "dcr_mean": 1.777050256729126,
      "dcr_median": 1.7200894355773926,
      "dcr_share": 0.5847457627118644,
      "identical_matches_fraction": 0.0,
      "authenticity": 0.6638418079096046,
      "fold": 5,
      "test_size": 88,
      "synth_size": 354
    }
  ],
  "summary": {
    "metrics_mean": {
      "ks_statistic_mean": 0.15339865434629524,
      "ks_statistic_per_feature_mean": 0.15339865434629524,
      "wasserstein_distance": 0.22722580283880234,
      "kl_divergence": 0.2849991988850173,
      "js_divergence": 0.0679208035443656,
      "mmd": 0.13554451496020214,
      "swd": 0.23446098463432344,
      "correlation_similarity": 0.8907290863428511,
      "pairwise_correlation_diff": 0.9834382229252668,
      "correlation_distance": 0.9834382229252668,
      "r2_score_real": -0.4932699680328369,
      "r2_score_synth": -0.17622792720794678,
      "rmse_real": 1.1975645003057822,
      "rmse_synth": 1.0834544475225272,
      "ml_efficiency_gap_percent": 161.03242019475752,
      "dcr_mean": 1.8074624300003053,
      "dcr_median": 1.781072235107422,
      "dcr_share": 0.5141467005969815,
      "identical_matches_fraction": 0.0,
      "authenticity": 0.6074326595284967
    },
    "metrics_std": {
      "ks_statistic_mean": 0.011676055796614014,
      "ks_statistic_per_feature_mean": 0.011676055796614014,
      "wasserstein_distance": 0.03309450085056091,
      "kl_divergence": 0.02383761618097506,
      "js_divergence": 0.00774701279228657,
      "mmd": 0.002580946773234069,
      "swd": 0.027919946286251968,
      "correlation_similarity": 0.018977971679376503,
      "pairwise_correlation_diff": 0.17080174511628637,
      "correlation_distance": 0.17080174511628637,
      "r2_score_real": 0.5665763094898355,
      "r2_score_synth": 0.3363693413981539,
      "rmse_real": 0.1500598418415658,
      "rmse_synth": 0.18802532120787,
      "ml_efficiency_gap_percent": 82.98620526332466,
      "dcr_mean": 0.03164242338100258,
      "dcr_median": 0.04361852463630782,
      "dcr_share": 0.052916817632274356,
      "identical_matches_fraction": 0.0,
      "authenticity": 0.034098257163127955
    },
    "metrics_min": {
      "ks_statistic_mean": 0.1339525195457399,
      "ks_statistic_per_feature_mean": 0.1339525195457399,
      "wasserstein_distance": 0.19374484568834305,
      "kl_divergence": 0.25029760076141333,
      "js_divergence": 0.053860106879535075,
      "mmd": 0.13237658575044023,
      "swd": 0.18596776113112193,
      "correlation_similarity": 0.8675490240316533,
      "pairwise_correlation_diff": 0.7134177371497515,
      "correlation_distance": 0.7134177371497515,
      "r2_score_real": -1.583270788192749,
      "r2_score_synth": -0.6572291851043701,
      "rmse_real": 0.9659495021403925,
      "rmse_synth": 0.7359357441032828,
      "ml_efficiency_gap_percent": 68.45259526867497,
      "dcr_mean": 1.777050256729126,
      "dcr_median": 1.7200894355773926,
      "dcr_share": 0.4661016949152542,
      "identical_matches_fraction": 0.0,
      "authenticity": 0.5637393767705382
    },
    "metrics_max": {
      "ks_statistic_mean": 0.16695913941676654,
      "ks_statistic_per_feature_mean": 0.16695913941676654,
      "wasserstein_distance": 0.27152495168977314,