{
  "dataset": "adult_numeric",
  "n_trials": 20,
  "n_samples": 4000,
  "n_features": 11,
  "best_trial": 12,
  "best_value": 0.13231665139077015,
  "best_params": {
    "n_timesteps": 20,
    "sig": 0.1493536894348029,
    "eps": 0.05,
    "n_iterations": 10,
    "max_depth": 5,
    "learning_rate": 0.19401963994094865,
    "n_estimators": 300,
    "subsample": 0.6386502760604652,
    "colsample_bytree": 0.8530097454715656
  }
}