{
  "dataset": "king_county_housing",
  "n_trials": 20,
  "n_samples": 17290,
  "n_features": 17,
  "best_trial": 3,
  "best_value": 0.23483946116846577,
  "best_params": {
    "n_timesteps": 20,
    "sig": 0.42336633915053523,
    "eps": 0.05,
    "n_iterations": 10,
    "max_depth": 8,
    "learning_rate": 0.10693112152264957,
    "n_estimators": 300,
    "subsample": 0.8232052812016968,
    "colsample_bytree": 0.6069124060653043
  }
}