{
  "dataset": "online_news_popularity",
  "n_trials": 20,
  "n_samples": 4000,
  "n_features": 11,
  "best_trial": 12,
  "best_value": 0.3938888426468781,
  "best_params": {
    "n_timesteps": 20,
    "sig": 0.04688222712581944,
    "eps": 0.05,
    "n_iterations": 10,
    "max_depth": 8,
    "learning_rate": 0.003849733286091486,
    "n_estimators": 300,
    "subsample": 0.528442468325576,
    "colsample_bytree": 0.9333243204496001
  }
}