{
  "bank_marketing": {
    "dataset": "bank_marketing",
    "n_samples": 10000,
    "n_features": 6,
    "n_folds": 5,
    "best_params": {
      "sig": 0.09212748555987632,
      "max_depth": 5,
      "learning_rate": 0.19215618238229173
    },
    "fixed_params": {
      "n_timesteps": 20,
      "eps": 0.05,
      "n_iterations": 20,
      "n_estimators": 300,
      "subsample": 0.8,
      "colsample_bytree": 0.8,
      "reg_alpha": 0.1,
      "reg_lambda": 0.1,
      "objective": "reg:squarederror",
      "random_state": 42,
      "n_jobs": -1
    },
    "metrics": {
      "mmd": {
        "mean": 0.09700145797989954,
        "std": 0.005409948865520692,
        "values": [
          0.08896797895079192,
          0.10563071766616286,
          0.09888076592018949,
          0.09515481784445554,
          0.09637300951789778
        ]
      },
      "swd": {
        "mean": 0.23256766697146775,
        "std": 0.00909887870754124,
        "values": [
          0.22840663261580546,
          0.23474830126739804,
          0.24811065665443555,
          0.2311864716451441,
          0.22038627267455552
        ]
      },
      "kl_divergence": {
        "mean": 0.03180555471341342,
        "std": 0.004510554129703501,
        "values": [
          0.026880643701805543,
          0.028010487024026975,
          0.03621041402437764,
          0.029818522008617,
          0.03810770680823994
        ]
      },
      "correlation_distance": {
        "mean": 0.17116995310592326,
        "std": 0.016294038594612675,
        "values": [
          0.14882527409584986,
          0.1579907670224563,
          0.17939231146829673,
          0.17447156325111146,
          0.19516984969190193
        ]
      },
      "r2_score_real": {
        "mean": 0.3304114829121002,
        "std": 0.01797429415996669,
        "values": [
          0.3271699929026587,
          0.34827441067376064,
          0.33178830180088803,
          0.34645312276793827,
          0.2983715864152555
        ]
      },
      "r2_score_synth": {
        "mean": 0.08891691675736813,
        "std": 0.07778986557421338,
        "values": [
          0.0616403531999733,
          -0.04659473596351593,
          0.14846912974295556,
          0.17425134413524557,
          0.10681849267218213
        ]
      },
      "rmse_real": {
        "mean": 0.817857882299035,
        "std": 0.14162555816288683,
        "values": [
          0.8861754936509183,
          0.7092589270997458,
          0.6702452579458077,
          0.7628310330895974,
          1.0607786997091055
        ]
      },
      "rmse_synth": {
        "mean": 0.9512518973419096,
        "std": 0.15416145543443557,
        "values": [
          1.0465300939541535,
          0.898797171549226,
          0.7566184220322948,
          0.8574600960549957,
          1.1968537031188784
        ]
      },
      "mse_real": {
        "mean": 0.6889493143636114,
        "std": 0.24622213713422078,
        "values": [
          0.7853070055474487,
          0.5030482256706825,
          0.4492287057988422,
          0.5819111850445425,
          1.125251449756541
        ]
      },
      "mse_synth": {
        "mean": 0.9286459265382465,
        "std": 0.3034593817080006,
        "values": [
          1.0952252375516895,
          0.8078363555848889,
          0.5724714365586397,
          0.7352378163266425,
          1.4324587866693723
        ]
      },
      "mae_real": {
        "mean": 0.21337539647482195,
        "std": 0.016769589086830093,
        "values": [
          0.21399990675829278,
          0.2177114717355328,
          0.20560603681836542,
          0.1890640638884268,
          0.24049550317349208
        ]
      },
      "mae_synth": {
        "mean": 0.2679116516600805,
        "std": 0.029549203472831024,
        "values": [
          0.28713466286170497,
          0.2841140495328035,
          0.2241121557981705,
          0.24226350802252455,
          0.3019338820851992
        ]
      },
      "r2_difference_percent": {
        "mean": 72.73876825198298,
        "std": 22.94261997691972,
        "values": [
          81.15953338683099,
          113.37874228542846,
          55.251849148284215,
          49.70420737074232,
          64.1995090686289
        ]
      },
      "rmse_difference_percent": {
        "mean": -16.587634697908406,
        "std": 5.483310888049818,
        "values": [
          -18.095129174076085,
          -26.7234203449231,
          -12.886799727359497,
          -12.404983390585103,
          -12.827840852598237
        ]
      }
    }
  },
  "california_housing": {
    "dataset": "california_housing",
    "n_samples": 20640,
    "n_features": 7,
    "n_folds": 5,
    "best_params": {
      "sig": 0.027055393905544022,
      "max_depth": 5,
      "learning_rate": 0.09866986145778811
    },
    "fixed_params": {
      "n_timesteps": 20,
      "eps": 0.05,
      "n_iterations": 20,
      "n_estimators": 300,
      "subsample": 0.8,
      "colsample_bytree": 0.8,
      "reg_alpha": 0.1,
      "reg_lambda": 0.1,
      "objective": "reg:squarederror",
      "random_state": 42,
      "n_jobs": -1
    },
    "metrics": {
      "mmd": {
        "mean": 0.08480236334544423,
        "std": 0.001512988807506868,
        "values": [
          0.08719530155900924,
          0.08395841715580306,
          0.08297453463950663,
          0.08403971614909032,
          0.08584384722381187
        ]
      },
      "swd": {
        "mean": 0.4060040480275958,
        "std": 0.032901448956088486,
        "values": [
          0.3413162536094131,
          0.42383074517111313,
          0.41093581581083966,
          0.4251155843310815,
          0.428821841215532
        ]
      },
      "kl_divergence": {
        "mean": 0.03771964333453608,
        "std": 0.003663572074193097,
        "values": [
          0.03690902422365905,
          0.04481204963987704,
          0.036513740357262084,
          0.036133795992054546,
          0.0342296064598277
        ]
      },
      "correlation_distance": {
        "mean": 0.4265454133680041,
        "std": 0.09836503261411787,
        "values": [
          0.27913084949112843,
          0.5204948558019111,
          0.3681668935847764,
          0.5463354389652065,
          0.41859902899699813
        ]
      },
      "r2_score_real": {
        "mean": 0.9450610677897799,
        "std": 0.001186570651145867,
        "values": [
          0.9462788870570416,
          0.9465903862965724,
          0.9435203647991548,
          0.944699037606698,
          0.9442166631894322
        ]
      },
      "r2_score_synth": {
        "mean": 0.9156374687496939,
        "std": 0.00230003732490039,
        "values": [
          0.9178274472575005,
          0.9137028725516019,
          0.9143065998941233,
          0.9133857100420293,
          0.9189647140032147
        ]
      },
      "rmse_real": {
        "mean": 0.2343768924290392,
        "std": 0.002586668651439764,
        "values": [
          0.23131945189002903,
          0.23146164087054324,
          0.23749343171523302,
          0.23485207385107,
          0.23675786381832079
        ]
      },
      "rmse_synth": {
        "mean": 0.29042325470497976,
        "std": 0.0038855976119496387,
        "values": [
          0.28609024081298967,
          0.2942168077018242,
          0.29253602033887094,
          0.2939157300362993,
          0.2853574746349145
        ]
      },
      "mse_real": {
        "mean": 0.054939218559405756,
        "std": 0.0012117825623785066,
        "values": [
          0.05350868882270345,
          0.05357449119448433,
          0.05640313010787805,
          0.055155496592148426,
          0.05605428607981453
        ]
      },
      "mse_synth": {
        "mean": 0.08436076474223551,
        "std": 0.0022515497639798146,