{
  "metadata": {
    "dataset": "bank_marketing",
    "model": "XGBoost-DSBM",
    "n_folds": 5,
    "timestamp": "2025-12-29T00:27:45.201527",
    "evaluator_version": "2.0",
    "n_metrics": 20,
    "metrics_list": [
      "ks_statistic_mean",
      "ks_statistic_per_feature_mean",
      "wasserstein_distance",
      "kl_divergence",
      "js_divergence",
      "mmd",
      "swd",
      "correlation_similarity",
      "pairwise_correlation_diff",
      "correlation_distance",
      "r2_score_real",
      "r2_score_synth",
      "rmse_real",
      "rmse_synth",
      "ml_efficiency_gap_percent",
      "dcr_mean",
      "dcr_median",
      "dcr_share",
      "identical_matches_fraction",
      "authenticity"
    ]
  },
  "folds": [
    {
      "ks_statistic_mean": 0.16541666666666666,
      "ks_statistic_per_feature_mean": 0.16541666666666666,
      "wasserstein_distance": 0.10773702089985211,
      "kl_divergence": 0.02727831752471398,
      "js_divergence": 0.004240350211391455,
      "mmd": 0.07962308267325237,
      "swd": 0.20064269755074027,
      "correlation_similarity": 0.9714377516310628,
      "pairwise_correlation_diff": 0.17137349021647919,
      "correlation_distance": 0.17137349021647919,
      "r2_score_real": 0.44628196954727173,
      "r2_score_synth": 0.08040308952331543,
      "rmse_real": 0.7132920480602305,
      "rmse_synth": 0.919224954960572,
      "ml_efficiency_gap_percent": 81.98379163628773,
      "dcr_mean": 0.45191049575805664,
      "dcr_median": 0.35375094413757324,
      "dcr_share": 0.506625,
      "identical_matches_fraction": 0.0,
      "authenticity": 0.506875,
      "fold": 1,
      "test_size": 2000,
      "synth_size": 8000
    },
    {
      "ks_statistic_mean": 0.16108333333333333,
      "ks_statistic_per_feature_mean": 0.16108333333333333,
      "wasserstein_distance": 0.11118951936562856,
      "kl_divergence": 0.02847643551888442,
      "js_divergence": 0.003762208660203225,
      "mmd": 0.08207683065925737,
      "swd": 0.21348966379815082,
      "correlation_similarity": 0.9782201053009102,
      "pairwise_correlation_diff": 0.13067936819671713,
      "correlation_distance": 0.13067936819671713,
      "r2_score_real": 0.3392180800437927,
      "r2_score_synth": 0.32080966234207153,
      "rmse_real": 0.6839330866400318,
      "rmse_synth": 0.6933943188955279,
      "ml_efficiency_gap_percent": 5.426720680496948,
      "dcr_mean": 0.4478902816772461,
      "dcr_median": 0.3549734354019165,
      "dcr_share": 0.510625,
      "identical_matches_fraction": 0.0,
      "authenticity": 0.5205,
      "fold": 2,
      "test_size": 2000,
      "synth_size": 8000
    },
    {
      "ks_statistic_mean": 0.16474999999999998,
      "ks_statistic_per_feature_mean": 0.16474999999999998,
      "wasserstein_distance": 0.10258609553178151,
      "kl_divergence": 0.03288668804156056,
      "js_divergence": 0.005073162184155578,
      "mmd": 0.07840649451449365,
      "swd": 0.167779157083274,
      "correlation_similarity": 0.9717200093014977,
      "pairwise_correlation_diff": 0.1696799441938416,
      "correlation_distance": 0.1696799441938416,
      "r2_score_real": 0.354042649269104,
      "r2_score_synth": 0.1621115803718567,
      "rmse_real": 0.5849756866276934,
      "rmse_synth": 0.6662373551247689,
      "ml_efficiency_gap_percent": 54.21128479675412,
      "dcr_mean": 0.45108693838119507,
      "dcr_median": 0.3584776520729065,
      "dcr_share": 0.495625,
      "identical_matches_fraction": 0.0,
      "authenticity": 0.501625,
      "fold": 3,
      "test_size": 2000,
      "synth_size": 8000
    },
    {
      "ks_statistic_mean": 0.16397916666666668,
      "ks_statistic_per_feature_mean": 0.16397916666666668,
      "wasserstein_distance": 0.09919922053813934,
      "kl_divergence": 0.039994233568005376,
      "js_divergence": 0.005407471195651033,
      "mmd": 0.06675011868230178,
      "swd": 0.20712985430024097,
      "correlation_similarity": 0.968009912395268,
      "pairwise_correlation_diff": 0.19194052563159086,
      "correlation_distance": 0.19194052563159086,
      "r2_score_real": 0.3614271879196167,
      "r2_score_synth": 0.17999255657196045,
      "rmse_real": 0.70357998855894,
      "rmse_synth": 0.7972915533055913,
      "ml_efficiency_gap_percent": 50.19949727412545,
      "dcr_mean": 0.4474116563796997,
      "dcr_median": 0.35583147406578064,
      "dcr_share": 0.49425,
      "identical_matches_fraction": 0.0,
      "authenticity": 0.496125,
      "fold": 4,
      "test_size": 2000,
      "synth_size": 8000
    },
    {
      "ks_statistic_mean": 0.1618125,
      "ks_statistic_per_feature_mean": 0.1618125,
      "wasserstein_distance": 0.10892844572663307,
      "kl_divergence": 0.03155521565670615,
      "js_divergence": 0.003876973126672395,
      "mmd": 0.07196449686369168,
      "swd": 0.28794586492125807,
      "correlation_similarity": 0.9666329226895644,
      "pairwise_correlation_diff": 0.20020246386595056,
      "correlation_distance": 0.20020246386595056,
      "r2_score_real": -4.984502792358398,
      "r2_score_synth": 0.23608404397964478,
      "rmse_real": 2.1496868038495225,
      "rmse_synth": 0.7680402146206712,
      "ml_efficiency_gap_percent": 104.73636095342505,
      "dcr_mean": 0.45919445157051086,
      "dcr_median": 0.35953694581985474,
      "dcr_share": 0.48825,
      "identical_matches_fraction": 0.0,
      "authenticity": 0.51725,
      "fold": 5,
      "test_size": 2000,
      "synth_size": 8000
    }
  ],
  "summary": {
    "metrics_mean": {
      "ks_statistic_mean": 0.16340833333333332,
      "ks_statistic_per_feature_mean": 0.16340833333333332,
      "wasserstein_distance": 0.10592806041240692,
      "kl_divergence": 0.0320381780619741,
      "js_divergence": 0.004472033075614737,
      "mmd": 0.07576420467859937,
      "swd": 0.21539744753073284,
      "correlation_similarity": 0.9712041402636606,
      "pairwise_correlation_diff": 0.17277515842091584,
      "correlation_distance": 0.17277515842091584,
      "r2_score_real": -0.6967065811157227,
      "r2_score_synth": 0.1958801865577698,
      "rmse_real": 0.9670935227472836,
      "rmse_synth": 0.7688376793814263,
      "ml_efficiency_gap_percent": 59.31153106821786,
      "dcr_mean": 0.45149876475334166,
      "dcr_median": 0.35651409029960635,
      "dcr_share": 0.49907499999999994,
      "identical_matches_fraction": 0.0,
      "authenticity": 0.508475
    },
    "metrics_std": {
      "ks_statistic_mean": 0.0016799780917883653,
      "ks_statistic_per_feature_mean": 0.0016799780917883653,
      "wasserstein_distance": 0.004390982024838292,
      "kl_divergence": 0.004463055530974979,
      "js_divergence": 0.000655442548920408,
      "mmd": 0.00561094301438688,
      "swd": 0.039548627876515974,
      "correlation_similarity": 0.004016057328376412,
      "pairwise_correlation_diff": 0.02409634397065996,
      "correlation_distance": 0.02409634397065996,
      "r2_score_real": 2.144223873480539,
      "r2_score_synth": 0.07993925138647341,
      "rmse_real": 0.5930556994109543,
      "rmse_synth": 0.08904506581100527,
      "ml_efficiency_gap_percent": 33.436689524477046,
      "dcr_mean": 0.0042258330288205475,
      "dcr_median": 0.002166462069046128,
      "dcr_share": 0.008279719198137088,
      "identical_matches_fraction": 0.0,
      "authenticity": 0.009204414701652675
    },
    "metrics_min": {
      "ks_statistic_mean": 0.16108333333333333,
      "ks_statistic_per_feature_mean": 0.16108333333333333,
      "wasserstein_distance": 0.09919922053813934,
      "kl_divergence": 0.02727831752471398,
      "js_divergence": 0.003762208660203225,
      "mmd": 0.06675011868230178,
      "swd": 0.167779157083274,
      "correlation_similarity": 0.9666329226895644,
      "pairwise_correlation_diff": 0.13067936819671713,
      "correlation_distance": 0.13067936819671713,
      "r2_score_real": -4.984502792358398,
      "r2_score_synth": 0.08040308952331543,
      "rmse_real": 0.5849756866276934,