{
  "metadata": {
    "dataset": "california_housing",
    "model": "XGBoost-DSBM",
    "n_folds": 5,
    "timestamp": "2025-12-29T00:16:24.374242",
    "evaluator_version": "2.0",
    "n_metrics": 20,
    "metrics_list": [
      "ks_statistic_mean",
      "ks_statistic_per_feature_mean",
      "wasserstein_distance",
      "kl_divergence",
      "js_divergence",
      "mmd",
      "swd",
      "correlation_similarity",
      "pairwise_correlation_diff",
      "correlation_distance",
      "r2_score_real",
      "r2_score_synth",
      "rmse_real",
      "rmse_synth",
      "ml_efficiency_gap_percent",
      "dcr_mean",
      "dcr_median",
      "dcr_share",
      "identical_matches_fraction",
      "authenticity"
    ]
  },
  "folds": [
    {
      "ks_statistic_mean": 0.04823331949058691,
      "ks_statistic_per_feature_mean": 0.04823331949058691,
      "wasserstein_distance": 0.09261117982012886,
      "kl_divergence": 0.029982987767793817,
      "js_divergence": 0.0046716798674086915,
      "mmd": 0.08092517521897201,
      "swd": 1.0586663028653864,
      "correlation_similarity": 0.9267513174352155,
      "pairwise_correlation_diff": 0.5127407779608161,
      "correlation_distance": 0.5127407779608161,
      "r2_score_real": 0.9433958530426025,
      "r2_score_synth": 0.93061363697052,
      "rmse_real": 0.23804164784335285,
      "rmse_synth": 0.26355174118256397,
      "ml_efficiency_gap_percent": 1.3549154398821903,
      "dcr_mean": 0.48196616768836975,
      "dcr_median": 0.4016776978969574,
      "dcr_share": 0.5421511627906976,
      "identical_matches_fraction": 0.0,
      "authenticity": 0.6156128875968992,
      "fold": 1,
      "test_size": 4128,
      "synth_size": 16512
    },
    {
      "ks_statistic_mean": 0.052489964008859365,
      "ks_statistic_per_feature_mean": 0.052489964008859365,
      "wasserstein_distance": 0.07653223776391574,
      "kl_divergence": 0.0265339870144633,
      "js_divergence": 0.00509644128087555,
      "mmd": 0.07728057739115266,
      "swd": 0.20894615639283162,
      "correlation_similarity": 0.9447714489308872,
      "pairwise_correlation_diff": 0.3865998574893129,
      "correlation_distance": 0.3865998574893129,
      "r2_score_real": 0.9307651519775391,
      "r2_score_synth": 0.9162009954452515,
      "rmse_real": 0.2643221571712513,
      "rmse_synth": 0.29079751667683446,
      "ml_efficiency_gap_percent": 1.5647509472549586,
      "dcr_mean": 0.4527260661125183,
      "dcr_median": 0.385282963514328,
      "dcr_share": 0.529312015503876,
      "identical_matches_fraction": 0.0,
      "authenticity": 0.6082848837209303,
      "fold": 2,
      "test_size": 4128,
      "synth_size": 16512
    },
    {
      "ks_statistic_mean": 0.05535368217054264,
      "ks_statistic_per_feature_mean": 0.05535368217054264,
      "wasserstein_distance": 0.08735063991376332,
      "kl_divergence": 0.0362400529957706,
      "js_divergence": 0.00520977753099968,
      "mmd": 0.0707121220024968,
      "swd": 0.48167313267140954,
      "correlation_similarity": 0.9264839588140519,
      "pairwise_correlation_diff": 0.5146122883089883,
      "correlation_distance": 0.5146122883089883,
      "r2_score_real": 0.9298421144485474,
      "r2_score_synth": 0.9161133170127869,
      "rmse_real": 0.26302968693300854,
      "rmse_synth": 0.2876160361564706,
      "ml_efficiency_gap_percent": 1.4764654367050802,
      "dcr_mean": 0.4859955310821533,
      "dcr_median": 0.39118900895118713,
      "dcr_share": 0.5348837209302325,
      "identical_matches_fraction": 0.0,
      "authenticity": 0.6051962209302325,
      "fold": 3,
      "test_size": 4128,
      "synth_size": 16512
    },
    {
      "ks_statistic_mean": 0.05352816998892578,
      "ks_statistic_per_feature_mean": 0.05352816998892578,
      "wasserstein_distance": 0.09265426705990519,
      "kl_divergence": 0.029157146390252048,
      "js_divergence": 0.005430047175094987,
      "mmd": 0.07924197033158047,
      "swd": 0.26645220419125076,
      "correlation_similarity": 0.940143894892191,
      "pairwise_correlation_diff": 0.4189927357606485,
      "correlation_distance": 0.4189927357606485,
      "r2_score_real": 0.9347943663597107,
      "r2_score_synth": 0.9132702350616455,
      "rmse_real": 0.2567983389482819,
      "rmse_synth": 0.2961649685766098,
      "ml_efficiency_gap_percent": 2.3025525262721427,
      "dcr_mean": 0.5072434544563293,
      "dcr_median": 0.38771533966064453,
      "dcr_share": 0.5245276162790697,
      "identical_matches_fraction": 0.0,
      "authenticity": 0.611312984496124,
      "fold": 4,
      "test_size": 4128,
      "synth_size": 16512
    },
    {
      "ks_statistic_mean": 0.05345895625692138,
      "ks_statistic_per_feature_mean": 0.05345895625692138,
      "wasserstein_distance": 0.08848613234502929,
      "kl_divergence": 0.02351416463559445,
      "js_divergence": 0.004479680544860203,
      "mmd": 0.07022549059566159,
      "swd": 0.3256867731213846,
      "correlation_similarity": 0.9208634750479996,
      "pairwise_correlation_diff": 0.5539556746719163,
      "correlation_distance": 0.5539556746719163,
      "r2_score_real": 0.9396694898605347,
      "r2_score_synth": 0.9251829385757446,
      "rmse_real": 0.24693308853065143,
      "rmse_synth": 0.27498632201944684,
      "ml_efficiency_gap_percent": 1.541664536425475,
      "dcr_mean": 0.501751720905304,
      "dcr_median": 0.3875899910926819,
      "dcr_share": 0.5218628875968992,
      "identical_matches_fraction": 0.0,
      "authenticity": 0.6179142441860465,
      "fold": 5,
      "test_size": 4128,
      "synth_size": 16512
    }
  ],
  "summary": {
    "metrics_mean": {
      "ks_statistic_mean": 0.05261281838316721,
      "ks_statistic_per_feature_mean": 0.05261281838316721,
      "wasserstein_distance": 0.08752689138054849,
      "kl_divergence": 0.02908566776077484,
      "js_divergence": 0.004977525279847822,
      "mmd": 0.0756770671079727,
      "swd": 0.4682849138484526,
      "correlation_similarity": 0.931802819024069,
      "pairwise_correlation_diff": 0.47738026683833645,
      "correlation_distance": 0.47738026683833645,
      "r2_score_real": 0.9356933951377868,
      "r2_score_synth": 0.9202762246131897,
      "rmse_real": 0.2538249838853092,
      "rmse_synth": 0.2826233169223851,
      "ml_efficiency_gap_percent": 1.6480697773079693,
      "dcr_mean": 0.4859365880489349,
      "dcr_median": 0.3906910002231598,
      "dcr_share": 0.5305474806201549,
      "identical_matches_fraction": 0.0,
      "authenticity": 0.6116642441860465
    },
    "metrics_std": {
      "ks_statistic_mean": 0.0023774463574142177,
      "ks_statistic_per_feature_mean": 0.0023774463574142177,
      "wasserstein_distance": 0.005898704709532877,
      "kl_divergence": 0.004231979257633139,
      "js_divergence": 0.00035049935395334834,
      "mmd": 0.004408917902085747,
      "swd": 0.30888725854130855,
      "correlation_similarity": 0.00906902527464163,
      "pairwise_correlation_diff": 0.06348317692339826,
      "correlation_distance": 0.06348317692339826,
      "r2_score_real": 0.005185952296624524,
      "r2_score_synth": 0.006541545967321024,
      "rmse_real": 0.01000369895303531,
      "rmse_synth": 0.011808215858864133,
      "ml_efficiency_gap_percent": 0.33526087952090833,
      "dcr_mean": 0.019093493461266434,
      "dcr_median": 0.005808153113052535,
      "dcr_share": 0.007302543620683205,
      "identical_matches_fraction": 0.0,
      "authenticity": 0.0046482915172518175
    },
    "metrics_min": {
      "ks_statistic_mean": 0.04823331949058691,
      "ks_statistic_per_feature_mean": 0.04823331949058691,
      "wasserstein_distance": 0.07653223776391574,
      "kl_divergence": 0.02351416463559445,
      "js_divergence": 0.004479680544860203,
      "mmd": 0.07022549059566159,
      "swd": 0.20894615639283162,
      "correlation_similarity": 0.9208634750479996,
      "pairwise_correlation_diff": 0.3865998574893129,