{
  "metadata": {
    "dataset": "diabetes",
    "model": "XGBoost-DSBM",
    "n_folds": 5,
    "timestamp": "2025-12-29T00:21:58.798195",
    "evaluator_version": "2.0",
    "n_metrics": 20,
    "metrics_list": [
      "ks_statistic_mean",
      "ks_statistic_per_feature_mean",
      "wasserstein_distance",
      "kl_divergence",
      "js_divergence",
      "mmd",
      "swd",
      "correlation_similarity",
      "pairwise_correlation_diff",
      "correlation_distance",
      "r2_score_real",
      "r2_score_synth",
      "rmse_real",
      "rmse_synth",
      "ml_efficiency_gap_percent",
      "dcr_mean",
      "dcr_median",
      "dcr_share",
      "identical_matches_fraction",
      "authenticity"
    ]
  },
  "folds": [
    {
      "ks_statistic_mean": 0.16943409972661652,
      "ks_statistic_per_feature_mean": 0.16943409972661652,
      "wasserstein_distance": 0.20026716589927673,
      "kl_divergence": 0.13720432559692944,
      "js_divergence": 0.039187903769242693,
      "mmd": 0.1307942186148168,
      "swd": 0.22191745138237062,
      "correlation_similarity": 0.9099053371227747,
      "pairwise_correlation_diff": 0.8108519659040379,
      "correlation_distance": 0.8108519659040379,
      "r2_score_real": -0.43945062160491943,
      "r2_score_synth": 0.028194844722747803,
      "rmse_real": 1.3601389525056957,
      "rmse_synth": 1.1175693846290458,
      "ml_efficiency_gap_percent": 106.41593010376849,
      "dcr_mean": 1.9301167726516724,
      "dcr_median": 1.7893540859222412,
      "dcr_share": 0.5892351274787535,
      "identical_matches_fraction": 0.0,
      "authenticity": 0.6118980169971672,
      "fold": 1,
      "test_size": 89,
      "synth_size": 353
    },
    {
      "ks_statistic_mean": 0.17864708774089044,
      "ks_statistic_per_feature_mean": 0.17864708774089044,
      "wasserstein_distance": 0.23560406847132576,
      "kl_divergence": 0.17746732524559286,
      "js_divergence": 0.04224815725492514,
      "mmd": 0.13009992141569365,
      "swd": 0.2443597645292867,
      "correlation_similarity": 0.8943928106743672,
      "pairwise_correlation_diff": 0.9504647039412562,
      "correlation_distance": 0.9504647039412562,
      "r2_score_real": -0.1261805295944214,
      "r2_score_synth": 0.26918357610702515,
      "rmse_real": 1.2846187406682332,
      "rmse_synth": 1.034842850369237,
      "ml_efficiency_gap_percent": 313.33210200674745,
      "dcr_mean": 1.8893214464187622,
      "dcr_median": 1.8327070474624634,
      "dcr_share": 0.49008498583569404,
      "identical_matches_fraction": 0.0,
      "authenticity": 0.6005665722379604,
      "fold": 2,
      "test_size": 89,
      "synth_size": 353
    },
    {
      "ks_statistic_mean": 0.1353007475888832,
      "ks_statistic_per_feature_mean": 0.1353007475888832,
      "wasserstein_distance": 0.17172312405374315,
      "kl_divergence": 0.13218530323302802,
      "js_divergence": 0.03107872545724189,
      "mmd": 0.12684309823381773,
      "swd": 0.20890838232251446,
      "correlation_similarity": 0.8727458874353592,
      "pairwise_correlation_diff": 1.1452870130944923,
      "correlation_distance": 1.1452870130944923,
      "r2_score_real": -0.3252300024032593,
      "r2_score_synth": 0.437175452709198,
      "rmse_real": 1.0772626994339003,
      "rmse_synth": 0.7020410447633455,
      "ml_efficiency_gap_percent": 234.42039463724976,
      "dcr_mean": 1.9447731971740723,
      "dcr_median": 1.8708748817443848,
      "dcr_share": 0.5084745762711864,
      "identical_matches_fraction": 0.0,
      "authenticity": 0.6610169491525424,
      "fold": 3,
      "test_size": 88,
      "synth_size": 354
    },
    {
      "ks_statistic_mean": 0.13221195000856018,
      "ks_statistic_per_feature_mean": 0.13221195000856018,
      "wasserstein_distance": 0.20077237486839294,
      "kl_divergence": 0.12337165163371402,
      "js_divergence": 0.02725127563597176,
      "mmd": 0.12261767197128803,
      "swd": 0.24772370481053307,
      "correlation_similarity": 0.8956567721841793,
      "pairwise_correlation_diff": 0.9390890503528209,
      "correlation_distance": 0.9390890503528209,
      "r2_score_real": -1.583270788192749,
      "r2_score_synth": -0.09364533424377441,
      "rmse_real": 0.9659495021403925,
      "rmse_synth": 0.6285035164794631,
      "ml_efficiency_gap_percent": 94.08532419456387,
      "dcr_mean": 2.0299811363220215,
      "dcr_median": 1.9785412549972534,
      "dcr_share": 0.5451977401129944,
      "identical_matches_fraction": 0.0,
      "authenticity": 0.6581920903954802,
      "fold": 4,
      "test_size": 88,
      "synth_size": 354
    },
    {
      "ks_statistic_mean": 0.1514580836614735,
      "ks_statistic_per_feature_mean": 0.1514580836614735,
      "wasserstein_distance": 0.17679717308945125,
      "kl_divergence": 0.14508842314231737,
      "js_divergence": 0.040504317423418014,
      "mmd": 0.1333310129023459,
      "swd": 0.22921216385273385,
      "correlation_similarity": 0.8273420659435092,
      "pairwise_correlation_diff": 1.5539214065256826,
      "correlation_distance": 1.5539214065256826,
      "r2_score_real": 0.007782101631164551,
      "r2_score_synth": -0.12371909618377686,
      "rmse_real": 1.2998526067806893,
      "rmse_synth": 1.3833098729377145,
      "ml_efficiency_gap_percent": 1689.790291202647,
      "dcr_mean": 2.019833564758301,
      "dcr_median": 1.9053733348846436,
      "dcr_share": 0.5112994350282486,
      "identical_matches_fraction": 0.0,
      "authenticity": 0.7203389830508474,
      "fold": 5,
      "test_size": 88,
      "synth_size": 354
    }
  ],
  "summary": {
    "metrics_mean": {
      "ks_statistic_mean": 0.15341039374528476,
      "ks_statistic_per_feature_mean": 0.15341039374528476,
      "wasserstein_distance": 0.19703278127643795,
      "kl_divergence": 0.14306340577031634,
      "js_divergence": 0.0360540759081599,
      "mmd": 0.12873718462759243,
      "swd": 0.23042429337948772,
      "correlation_similarity": 0.8800085746720379,
      "pairwise_correlation_diff": 1.079922827963658,
      "correlation_distance": 1.079922827963658,
      "r2_score_real": -0.4932699680328369,
      "r2_score_synth": 0.10343788862228394,
      "rmse_real": 1.1975645003057822,
      "rmse_synth": 0.9732533338357612,
      "ml_efficiency_gap_percent": 487.6088084289953,
      "dcr_mean": 1.9628052234649658,
      "dcr_median": 1.8753701210021974,
      "dcr_share": 0.5288583729453754,
      "identical_matches_fraction": 0.0,
      "authenticity": 0.6504025223667995
    },
    "metrics_std": {
      "ks_statistic_mean": 0.018301883469394653,
      "ks_statistic_per_feature_mean": 0.018301883469394653,
      "wasserstein_distance": 0.022637352263104944,
      "kl_divergence": 0.018591167187051734,
      "js_divergence": 0.005834990575465504,
      "mmd": 0.0036939869250964363,
      "swd": 0.01435435153110436,
      "correlation_similarity": 0.02888631684149254,
      "pairwise_correlation_diff": 0.2599768515763214,
      "correlation_distance": 0.2599768515763214,
      "r2_score_real": 0.5665763094898355,
      "r2_score_synth": 0.2167745385137182,
      "rmse_real": 0.1500598418415658,
      "rmse_synth": 0.27755190456372997,
      "ml_efficiency_gap_percent": 606.6112105679388,
      "dcr_mean": 0.05395996526417075,
      "dcr_median": 0.06447259734774084,
      "dcr_share": 0.03504145665639902,
      "identical_matches_fraction": 0.0,
      "authenticity": 0.042498637197159406
    },
    "metrics_min": {
      "ks_statistic_mean": 0.13221195000856018,
      "ks_statistic_per_feature_mean": 0.13221195000856018,
      "wasserstein_distance": 0.17172312405374315,
      "kl_divergence": 0.12337165163371402,
      "js_divergence": 0.02725127563597176,
      "mmd": 0.12261767197128803,
      "swd": 0.20890838232251446,
      "correlation_similarity": 0.8273420659435092,
      "pairwise_correlation_diff": 0.8108519659040379,
      "correlation_distance": 0.8108519659040379,
      "r2_score_real": -1.583270788192749,