{
  "metadata": {
    "dataset": "online_shoppers",
    "model": "XGBoost-DSBM",
    "n_folds": 5,
    "timestamp": "2025-12-29T00:58:07.530910",
    "evaluator_version": "2.0",
    "n_metrics": 20,
    "metrics_list": [
      "ks_statistic_mean",
      "ks_statistic_per_feature_mean",
      "wasserstein_distance",
      "kl_divergence",
      "js_divergence",
      "mmd",
      "swd",
      "correlation_similarity",
      "pairwise_correlation_diff",
      "correlation_distance",
      "r2_score_real",
      "r2_score_synth",
      "rmse_real",
      "rmse_synth",
      "ml_efficiency_gap_percent",
      "dcr_mean",
      "dcr_median",
      "dcr_share",
      "identical_matches_fraction",
      "authenticity"
    ]
  },
  "folds": [
    {
      "ks_statistic_mean": 0.2711302282470166,
      "ks_statistic_per_feature_mean": 0.2711302282470166,
      "wasserstein_distance": 0.15375683030911855,
      "kl_divergence": 0.06527880983485265,
      "js_divergence": 0.010293544095999715,
      "mmd": 0.11938965223059136,
      "swd": 0.2791571288064513,
      "correlation_similarity": 0.936204366358499,
      "pairwise_correlation_diff": 0.8931388709873933,
      "correlation_distance": 0.8931388709873933,
      "r2_score_real": -0.05669987201690674,
      "r2_score_synth": -0.029645681381225586,
      "rmse_real": 1.0343200184941088,
      "rmse_synth": 1.0209935250744828,
      "ml_efficiency_gap_percent": 47.71472963398251,
      "dcr_mean": 0.8678450584411621,
      "dcr_median": 0.7058911919593811,
      "dcr_share": 0.49482968369829683,
      "identical_matches_fraction": 0.0,
      "authenticity": 0.5798864557988646,
      "fold": 1,
      "test_size": 2466,
      "synth_size": 9864
    },
    {
      "ks_statistic_mean": 0.2771839879504113,
      "ks_statistic_per_feature_mean": 0.2771839879504113,
      "wasserstein_distance": 0.16300760369215692,
      "kl_divergence": 0.06825780280816283,
      "js_divergence": 0.011122480475869622,
      "mmd": 0.10464962899175563,
      "swd": 0.37738939705188124,
      "correlation_similarity": 0.9185641030065176,
      "pairwise_correlation_diff": 1.1401025579168969,
      "correlation_distance": 1.1401025579168969,
      "r2_score_real": -0.187219500541687,
      "r2_score_synth": -0.07306051254272461,
      "rmse_real": 1.1544507435649332,
      "rmse_synth": 1.0975441111778332,
      "ml_efficiency_gap_percent": 60.97601353954223,
      "dcr_mean": 0.8851265907287598,
      "dcr_median": 0.7328481674194336,
      "dcr_share": 0.49655312246553124,
      "identical_matches_fraction": 0.0,
      "authenticity": 0.5929643146796432,
      "fold": 2,
      "test_size": 2466,
      "synth_size": 9864
    },
    {
      "ks_statistic_mean": 0.2737877997914494,
      "ks_statistic_per_feature_mean": 0.2737877997914494,
      "wasserstein_distance": 0.1542826768543039,
      "kl_divergence": 0.07215677376406084,
      "js_divergence": 0.011438301816999735,
      "mmd": 0.1084065672770945,
      "swd": 0.30064628426395584,
      "correlation_similarity": 0.9554940186793359,
      "pairwise_correlation_diff": 0.623083738493748,
      "correlation_distance": 0.623083738493748,
      "r2_score_real": -0.11917245388031006,
      "r2_score_synth": 0.01159733533859253,
      "rmse_real": 1.0614629621220752,
      "rmse_synth": 0.9975239079700763,
      "ml_efficiency_gap_percent": 109.7315570511288,
      "dcr_mean": 0.8524854183197021,
      "dcr_median": 0.7143793106079102,
      "dcr_share": 0.49422141119221413,
      "identical_matches_fraction": 0.0,
      "authenticity": 0.57441200324412,
      "fold": 3,
      "test_size": 2466,
      "synth_size": 9864
    },
    {
      "ks_statistic_mean": 0.27267263353029775,
      "ks_statistic_per_feature_mean": 0.27267263353029775,
      "wasserstein_distance": 0.1484019405075482,
      "kl_divergence": 0.0699714520048044,
      "js_divergence": 0.01064544591127379,
      "mmd": 0.11476559875726404,
      "swd": 0.27114909996035935,
      "correlation_similarity": 0.9494271489752444,
      "pairwise_correlation_diff": 0.7080199143516357,
      "correlation_distance": 0.7080199143516357,
      "r2_score_real": -0.12413513660430908,
      "r2_score_synth": -0.09959983825683594,
      "rmse_real": 1.0852511864941061,
      "rmse_synth": 1.0733425381563908,
      "ml_efficiency_gap_percent": 19.7649908145519,
      "dcr_mean": 0.8489629030227661,
      "dcr_median": 0.7018841505050659,
      "dcr_share": 0.5141930251419302,
      "identical_matches_fraction": 0.0,
      "authenticity": 0.5970194647201946,
      "fold": 4,
      "test_size": 2466,
      "synth_size": 9864
    },
    {
      "ks_statistic_mean": 0.27330987139381296,
      "ks_statistic_per_feature_mean": 0.27330987139381296,
      "wasserstein_distance": 0.14783643931150436,
      "kl_divergence": 0.05979099500174112,
      "js_divergence": 0.011187673561315007,
      "mmd": 0.10867822122453515,
      "swd": 0.2768801621572874,
      "correlation_similarity": 0.9446109717053226,
      "pairwise_correlation_diff": 0.7754463961310232,
      "correlation_distance": 0.7754463961310232,
      "r2_score_real": -0.11795353889465332,
      "r2_score_synth": 0.0009052157402038574,
      "rmse_real": 1.060884818790251,
      "rmse_synth": 1.002904785797997,
      "ml_efficiency_gap_percent": 100.76743415135032,
      "dcr_mean": 0.8722699284553528,
      "dcr_median": 0.7242869138717651,
      "dcr_share": 0.49148418491484186,
      "identical_matches_fraction": 0.0,
      "authenticity": 0.5850567721005677,
      "fold": 5,
      "test_size": 2466,
      "synth_size": 9864
    }
  ],
  "summary": {
    "metrics_mean": {
      "ks_statistic_mean": 0.2736169041825976,
      "ks_statistic_per_feature_mean": 0.2736169041825976,
      "wasserstein_distance": 0.1534570981349264,
      "kl_divergence": 0.06709116668272437,
      "js_divergence": 0.010937489172291573,
      "mmd": 0.11117793369624814,
      "swd": 0.301044414447987,
      "correlation_similarity": 0.9408601217449839,
      "pairwise_correlation_diff": 0.8279582955761395,
      "correlation_distance": 0.8279582955761395,
      "r2_score_real": -0.12103610038757324,
      "r2_score_synth": -0.03796069622039795,
      "rmse_real": 1.0792739458930949,
      "rmse_synth": 1.0384617736353559,
      "ml_efficiency_gap_percent": 67.79094503811116,
      "dcr_mean": 0.8653379797935485,
      "dcr_median": 0.7158579468727112,
      "dcr_share": 0.49825628548256284,
      "identical_matches_fraction": 0.0,
      "authenticity": 0.585867802108678
    },
    "metrics_std": {
      "ks_statistic_mean": 0.001996134530662013,
      "ks_statistic_per_feature_mean": 0.001996134530662013,
      "wasserstein_distance": 0.00546131852657905,
      "kl_divergence": 0.004287064319650713,
      "js_divergence": 0.000411723655768416,
      "mmd": 0.005231662421495853,
      "swd": 0.03945987599136435,
      "correlation_similarity": 0.012809389370918967,
      "pairwise_correlation_diff": 0.1793314511941462,
      "correlation_distance": 0.1793314511941462,
      "r2_score_real": 0.0413327282575356,
      "r2_score_synth": 0.042584217764697875,
      "rmse_real": 0.04089871646026135,
      "rmse_synth": 0.03988167067747823,
      "ml_efficiency_gap_percent": 33.47373228556574,
      "dcr_mean": 0.013260904599825683,
      "dcr_median": 0.011458661636751466,
      "dcr_share": 0.008133432137286399,
      "identical_matches_fraction": 0.0,
      "authenticity": 0.008275139523272669
    },
    "metrics_min": {
      "ks_statistic_mean": 0.2711302282470166,
      "ks_statistic_per_feature_mean": 0.2711302282470166,
      "wasserstein_distance": 0.14783643931150436,
      "kl_divergence": 0.05979099500174112,
      "js_divergence": 0.010293544095999715,
      "mmd": 0.10464962899175563,
      "swd": 0.27114909996035935,
      "correlation_similarity": 0.9185641030065176,
      "pairwise_correlation_diff": 0.623083738493748,
      "correlation_distance": 0.623083738493748,