{
  "dataset": "online_shoppers",
  "n_trials": 20,
  "n_samples": 9864,
  "n_features": 15,
  "best_trial": 16,
  "best_value": 0.3141572798080396,
  "best_params": {
    "lr_g": 2.1236211266395326e-05,
    "lr_d": 0.0003210533600765207,
    "num_timesteps": 8,
    "layers_G": [
      512,
      512,
      512
    ],
    "layers_D": [
      256,
      128,
      256
    ]
  }
}