{
  "california_housing": {
    "dataset": "california_housing",
    "n_trials": 20,
    "n_features": 8,
    "best_trial": 2,
    "best_value": 0.5462270420483615,
    "best_params": {
      "lr_g": 1.6981971198864144e-06,
      "lr_d": 0.000338589965139837,
      "num_timesteps": 8,
      "layers_G": [
        512,
        384,
        512
      ],
      "layers_D": [
        256,
        384,
        128
      ]
    }
  },
  "diabetes": {
    "dataset": "diabetes",
    "n_trials": 20,
    "n_features": 10,
    "best_trial": 19,
    "best_value": 0.18846428250156383,
    "best_params": {
      "lr_g": 4.818070044132933e-06,
      "lr_d": 0.0005170005821215873,
      "num_timesteps": 6,
      "layers_G": [
        384,
        512,
        384
      ],
      "layers_D": [
        128,
        384,
        256
      ]
    }
  },
  "online_news_popularity": {
    "dataset": "online_news_popularity",
    "n_trials": 20,
    "n_features": 59,
    "best_trial": 10,
    "best_value": 0.3618067928853607,
    "best_params": {
      "lr_g": 0.00010154192087587338,
      "lr_d": 0.00011158608543219417,
      "num_timesteps": 8,
      "layers_G": [
        384,
        256,
        256
      ],
      "layers_D": [
        256,
        256,
        256
      ]
    }
  },
  "king_county_housing": {
    "dataset": "king_county_housing",
    "n_trials": 20,
    "n_features": 17,
    "best_trial": 19,
    "best_value": 0.2685291137648937,
    "best_params": {
      "lr_g": 1.0913372612887385e-05,
      "lr_d": 7.0576137347327615e-06,
      "num_timesteps": 8,
      "layers_G": [
        256,
        256,
        384
      ],
      "layers_D": [
        384,
        256,
        384
      ]
    }
  },
  "adult_numeric": {
    "dataset": "adult_numeric",
    "n_trials": 20,
    "n_features": 11,
    "best_trial": 0,
    "best_value": 0.22375481740134207,
    "best_params": {
      "lr_g": 2.190107415561041e-06,
      "lr_d": 0.000838396165423304,
      "num_timesteps": 8,
      "layers_G": [
        384,
        512,
        512
      ],
      "layers_D": [
        256,
        256,
        384
      ]
    }
  },
  "bank_marketing": {
    "dataset": "bank_marketing",
    "n_trials": 20,
    "n_features": 7,
    "best_trial": 9,
    "best_value": 0.30960426152586373,
    "best_params": {
      "lr_g": 1.1233404548048253e-05,
      "lr_d": 2.844723235980858e-05,
      "num_timesteps": 6,
      "layers_G": [
        256,
        256,
        512
      ],
      "layers_D": [
        256,
        128,
        256
      ]
    }
  },
  "online_shoppers": {
    "dataset": "online_shoppers",
    "n_trials": 20,
    "n_features": 15,
    "best_trial": 16,
    "best_value": 0.3141572798080396,
    "best_params": {
      "lr_g": 2.1236211266395326e-05,
      "lr_d": 0.0003210533600765207,
      "num_timesteps": 8,
      "layers_G": [
        512,
        512,
        512
      ],
      "layers_D": [
        256,
        128,
        256
      ]
    }
  },
  "covertype": {
    "dataset": "covertype",
    "n_trials": 20,
    "n_features": 54,
    "best_trial": 19,
    "best_value": 0.3794652780577306,
    "best_params": {
      "lr_g": 0.00021280185979340562,
      "lr_d": 8.946059797623339e-06,
      "num_timesteps": 6,
      "layers_G": [
        256,
        384,
        256
      ],
      "layers_D": [
        384,
        128,
        128
      ]
    }
  },
  "german_credit": {
    "dataset": "german_credit",
    "n_trials": 20,
    "n_features": 7,
    "best_trial": 19,
    "best_value": 0.259559697603617,
    "best_params": {
      "lr_g": 6.708803901933638e-05,
      "lr_d": 4.949311308131061e-05,
      "num_timesteps": 6,
      "layers_G": [
        512,
        384,
        256
      ],
      "layers_D": [
        384,
        384,
        128
      ]
    }
  }
}