{
  "metadata": {
    "dataset": "bank_marketing",
    "model": "DSBM",
    "n_folds": 5,
    "timestamp": "2025-12-31T06:41:56.251066",
    "evaluator_version": "2.0",
    "n_metrics": 20,
    "metrics_list": [
      "ks_statistic_mean",
      "ks_statistic_per_feature_mean",
      "wasserstein_distance",
      "kl_divergence",
      "js_divergence",
      "mmd",
      "swd",
      "correlation_similarity",
      "pairwise_correlation_diff",
      "correlation_distance",
      "r2_score_real",
      "r2_score_synth",
      "rmse_real",
      "rmse_synth",
      "ml_efficiency_gap_percent",
      "dcr_mean",
      "dcr_median",
      "dcr_share",
      "identical_matches_fraction",
      "authenticity"
    ]
  },
  "folds": [
    {
      "ks_statistic_mean": 0.15714583333333335,
      "ks_statistic_per_feature_mean": 0.15714583333333335,
      "wasserstein_distance": 0.1094766886283954,
      "kl_divergence": 0.0665634152404923,
      "js_divergence": 0.010244162782668147,
      "mmd": 0.047260524223234755,
      "swd": 0.22327014132163225,
      "correlation_similarity": 0.9786546104276475,
      "pairwise_correlation_diff": 0.12807233743624952,
      "correlation_distance": 0.12807233743624952,
      "r2_score_real": 0.44628196954727173,
      "r2_score_synth": 0.35487496852874756,
      "rmse_real": 0.7132920480602305,
      "rmse_synth": 0.7699189347163106,
      "ml_efficiency_gap_percent": 20.481894240820775,
      "dcr_mean": 0.5790660977363586,
      "dcr_median": 0.4697091579437256,
      "dcr_share": 0.519125,
      "identical_matches_fraction": 0.0,
      "authenticity": 0.645375,
      "fold": 1,
      "test_size": 2000,
      "synth_size": 8000
    },
    {
      "ks_statistic_mean": 0.16427083333333334,
      "ks_statistic_per_feature_mean": 0.16427083333333334,
      "wasserstein_distance": 0.12297337378064792,
      "kl_divergence": 0.06122045859612573,
      "js_divergence": 0.010202096277282956,
      "mmd": 0.05030953826730019,
      "swd": 0.209174585709,
      "correlation_similarity": 0.9750257634431321,
      "pairwise_correlation_diff": 0.14984541934370513,
      "correlation_distance": 0.14984541934370513,
      "r2_score_real": 0.3392180800437927,
      "r2_score_synth": 0.3428712487220764,
      "rmse_real": 0.6839330866400318,
      "rmse_synth": 0.6820398598877994,
      "ml_efficiency_gap_percent": 1.0769380800139163,
      "dcr_mean": 0.5941568613052368,
      "dcr_median": 0.48352134227752686,
      "dcr_share": 0.495,
      "identical_matches_fraction": 0.0,
      "authenticity": 0.646125,
      "fold": 2,
      "test_size": 2000,
      "synth_size": 8000
    },
    {
      "ks_statistic_mean": 0.159125,
      "ks_statistic_per_feature_mean": 0.159125,
      "wasserstein_distance": 0.12663054342071214,
      "kl_divergence": 0.06358303254846545,
      "js_divergence": 0.00953812970034616,
      "mmd": 0.05136659269232555,
      "swd": 0.20614808486747532,
      "correlation_similarity": 0.9708706562564181,
      "pairwise_correlation_diff": 0.17477606246440422,
      "correlation_distance": 0.17477606246440422,
      "r2_score_real": 0.354042649269104,
      "r2_score_synth": 0.3956393003463745,
      "rmse_real": 0.5849756866276934,
      "rmse_synth": 0.565827435681372,
      "ml_efficiency_gap_percent": 11.749050901958803,
      "dcr_mean": 0.5651288032531738,
      "dcr_median": 0.45898008346557617,
      "dcr_share": 0.498875,
      "identical_matches_fraction": 0.0,
      "authenticity": 0.62175,
      "fold": 3,
      "test_size": 2000,
      "synth_size": 8000
    },
    {
      "ks_statistic_mean": 0.15533333333333335,
      "ks_statistic_per_feature_mean": 0.15533333333333335,
      "wasserstein_distance": 0.11378094429771106,
      "kl_divergence": 0.07548096656024843,
      "js_divergence": 0.013316537595752494,
      "mmd": 0.046618987884651776,
      "swd": 0.17723406713856424,
      "correlation_similarity": 0.9620099605527649,
      "pairwise_correlation_diff": 0.22794023668720975,
      "correlation_distance": 0.22794023668720975,
      "r2_score_real": 0.3614271879196167,
      "r2_score_synth": 0.3631647825241089,
      "rmse_real": 0.70357998855894,
      "rmse_synth": 0.7026220854295139,
      "ml_efficiency_gap_percent": 0.4807592407460608,
      "dcr_mean": 0.6063233017921448,
      "dcr_median": 0.4901691675186157,
      "dcr_share": 0.504375,
      "identical_matches_fraction": 0.0,
      "authenticity": 0.636,
      "fold": 4,
      "test_size": 2000,
      "synth_size": 8000
    },
    {
      "ks_statistic_mean": 0.163,
      "ks_statistic_per_feature_mean": 0.163,
      "wasserstein_distance": 0.12754721442858377,
      "kl_divergence": 0.03988836359412106,
      "js_divergence": 0.006315177457702516,
      "mmd": 0.05602692617162985,
      "swd": 0.3122107442030102,
      "correlation_similarity": 0.9769754914759291,
      "pairwise_correlation_diff": 0.13814705114672796,
      "correlation_distance": 0.13814705114672796,
      "r2_score_real": -4.984502792358398,
      "r2_score_synth": 0.3103213310241699,
      "rmse_real": 2.1496868038495225,
      "rmse_synth": 0.7297675699416978,
      "ml_efficiency_gap_percent": 106.22572288453553,
      "dcr_mean": 0.5663781762123108,
      "dcr_median": 0.46629205346107483,
      "dcr_share": 0.486625,
      "identical_matches_fraction": 0.0,
      "authenticity": 0.63525,
      "fold": 5,
      "test_size": 2000,
      "synth_size": 8000
    }
  ],
  "summary": {
    "metrics_mean": {
      "ks_statistic_mean": 0.159775,
      "ks_statistic_per_feature_mean": 0.159775,
      "wasserstein_distance": 0.12008175291121007,
      "kl_divergence": 0.061347247307890596,
      "js_divergence": 0.009923220762750453,
      "mmd": 0.05031651384782841,
      "swd": 0.2256075246479364,
      "correlation_similarity": 0.9727072964311784,
      "pairwise_correlation_diff": 0.16375622141565932,
      "correlation_distance": 0.16375622141565932,
      "r2_score_real": -0.6967065811157227,
      "r2_score_synth": 0.3533743262290955,
      "rmse_real": 0.9670935227472836,
      "rmse_synth": 0.6900351771313387,
      "ml_efficiency_gap_percent": 28.002873069615013,
      "dcr_mean": 0.582210648059845,
      "dcr_median": 0.47373436093330384,
      "dcr_share": 0.5008,
      "identical_matches_fraction": 0.0,
      "authenticity": 0.6369
    },
    "metrics_std": {
      "ks_statistic_mean": 0.0033963675448926275,
      "ks_statistic_per_feature_mean": 0.0033963675448926275,
      "wasserstein_distance": 0.007199289154963502,
      "kl_divergence": 0.011768338277480465,
      "js_divergence": 0.002229872017822302,
      "mmd": 0.003368153618236461,
      "swd": 0.04581328119283674,
      "correlation_similarity": 0.005945915640593719,
      "pairwise_correlation_diff": 0.035675493844156955,
      "correlation_distance": 0.035675493844156955,
      "r2_score_real": 2.144223873480539,
      "r2_score_synth": 0.02774277575205528,
      "rmse_real": 0.5930556994109543,
      "rmse_synth": 0.06871680458048747,
      "ml_efficiency_gap_percent": 39.804619871170786,
      "dcr_mean": 0.015977965230011396,
      "dcr_median": 0.011446980165458328,
      "dcr_share": 0.010833858961607346,
      "identical_matches_fraction": 0.0,
      "authenticity": 0.008831548561832164
    },
    "metrics_min": {
      "ks_statistic_mean": 0.15533333333333335,
      "ks_statistic_per_feature_mean": 0.15533333333333335,
      "wasserstein_distance": 0.1094766886283954,
      "kl_divergence": 0.03988836359412106,
      "js_divergence": 0.006315177457702516,
      "mmd": 0.046618987884651776,
      "swd": 0.17723406713856424,
      "correlation_similarity": 0.9620099605527649,
      "pairwise_correlation_diff": 0.12807233743624952,
      "correlation_distance": 0.12807233743624952,
      "r2_score_real": -4.984502792358398,
      "r2_score_synth": 0.3103213310241699,
      "rmse_real": 0.5849756866276934,
      "rmse_synth": 0.565827435681372,