{
  "metadata": {
    "dataset": "california_housing",
    "model": "DSBM",
    "n_folds": 5,
    "timestamp": "2025-12-31T00:16:48.448154",
    "evaluator_version": "2.0",
    "n_metrics": 20,
    "metrics_list": [
      "ks_statistic_mean",
      "ks_statistic_per_feature_mean",
      "wasserstein_distance",
      "kl_divergence",
      "js_divergence",
      "mmd",
      "swd",
      "correlation_similarity",
      "pairwise_correlation_diff",
      "correlation_distance",
      "r2_score_real",
      "r2_score_synth",
      "rmse_real",
      "rmse_synth",
      "ml_efficiency_gap_percent",
      "dcr_mean",
      "dcr_median",
      "dcr_share",
      "identical_matches_fraction",
      "authenticity"
    ]
  },
  "folds": [
    {
      "ks_statistic_mean": 0.055466154485049816,
      "ks_statistic_per_feature_mean": 0.055466154485049816,
      "wasserstein_distance": 0.0845193878880569,
      "kl_divergence": 0.0449661322516577,
      "js_divergence": 0.006213963979231165,
      "mmd": 0.03916707090050342,
      "swd": 1.1219819848688544,
      "correlation_similarity": 0.8498056985414219,
      "pairwise_correlation_diff": 1.0513601102250667,
      "correlation_distance": 1.0513601102250667,
      "r2_score_real": 0.9433958530426025,
      "r2_score_synth": 0.9168000221252441,
      "rmse_real": 0.23804164784335285,
      "rmse_synth": 0.2885960475456347,
      "ml_efficiency_gap_percent": 2.8191591929922724,
      "dcr_mean": 0.5366661548614502,
      "dcr_median": 0.49062296748161316,
      "dcr_share": 0.5054505813953488,
      "identical_matches_fraction": 0.0,
      "authenticity": 0.7608406007751938,
      "fold": 1,
      "test_size": 4128,
      "synth_size": 16512
    },
    {
      "ks_statistic_mean": 0.06612506921373199,
      "ks_statistic_per_feature_mean": 0.06612506921373199,
      "wasserstein_distance": 0.0749377038862024,
      "kl_divergence": 0.05276190444589145,
      "js_divergence": 0.00580701707064698,
      "mmd": 0.042308173072238824,
      "swd": 0.362472997258305,
      "correlation_similarity": 0.8939029875233041,
      "pairwise_correlation_diff": 0.7426790873474812,
      "correlation_distance": 0.7426790873474812,
      "r2_score_real": 0.9307651519775391,
      "r2_score_synth": 0.9165105223655701,
      "rmse_real": 0.2643221571712513,
      "rmse_synth": 0.29025997392963016,
      "ml_efficiency_gap_percent": 1.531495843144005,
      "dcr_mean": 0.5092323422431946,
      "dcr_median": 0.46484827995300293,
      "dcr_share": 0.4969718992248062,
      "identical_matches_fraction": 0.0,
      "authenticity": 0.7430353682170543,
      "fold": 2,
      "test_size": 4128,
      "synth_size": 16512
    },
    {
      "ks_statistic_mean": 0.07021733111849389,
      "ks_statistic_per_feature_mean": 0.07021733111849389,
      "wasserstein_distance": 0.09346336392419678,
      "kl_divergence": 0.0499902800322083,
      "js_divergence": 0.006025174474958684,
      "mmd": 0.04501196417410615,
      "swd": 0.5549971915336748,
      "correlation_similarity": 0.862411049588156,
      "pairwise_correlation_diff": 0.963122652896667,
      "correlation_distance": 0.963122652896667,
      "r2_score_real": 0.9298421144485474,
      "r2_score_synth": 0.9092855453491211,
      "rmse_real": 0.26302968693300854,
      "rmse_synth": 0.29909198306734247,
      "ml_efficiency_gap_percent": 2.210759093399158,
      "dcr_mean": 0.5240892767906189,
      "dcr_median": 0.4809619188308716,
      "dcr_share": 0.48879602713178294,
      "identical_matches_fraction": 0.0,
      "authenticity": 0.7478197674418605,
      "fold": 3,
      "test_size": 4128,
      "synth_size": 16512
    },
    {
      "ks_statistic_mean": 0.06790732281284606,
      "ks_statistic_per_feature_mean": 0.06790732281284606,
      "wasserstein_distance": 0.07590309264404434,
      "kl_divergence": 0.05392680100320398,
      "js_divergence": 0.008178239087233313,
      "mmd": 0.037830704562969844,
      "swd": 0.34427129776093557,
      "correlation_similarity": 0.8706480331962397,
      "pairwise_correlation_diff": 0.9054637676392571,
      "correlation_distance": 0.9054637676392571,
      "r2_score_real": 0.9347943663597107,
      "r2_score_synth": 0.9170224666595459,
      "rmse_real": 0.2567983389482819,
      "rmse_synth": 0.28968758913304216,
      "ml_efficiency_gap_percent": 1.9011560552479982,
      "dcr_mean": 0.5127635598182678,
      "dcr_median": 0.468855619430542,
      "dcr_share": 0.5138687015503876,
      "identical_matches_fraction": 0.0,
      "authenticity": 0.7392199612403101,
      "fold": 4,
      "test_size": 4128,
      "synth_size": 16512
    },
    {
      "ks_statistic_mean": 0.07516611295681065,
      "ks_statistic_per_feature_mean": 0.07516611295681065,
      "wasserstein_distance": 0.08983642235398293,
      "kl_divergence": 0.05026842875823322,
      "js_divergence": 0.006226326679906279,
      "mmd": 0.04129834846693466,
      "swd": 0.37933153976266754,
      "correlation_similarity": 0.8854227633459707,
      "pairwise_correlation_diff": 0.8020406565896625,
      "correlation_distance": 0.8020406565896625,
      "r2_score_real": 0.9396694898605347,
      "r2_score_synth": 0.919001579284668,
      "rmse_real": 0.24693308853065143,
      "rmse_synth": 0.2861205609403464,
      "ml_efficiency_gap_percent": 2.199487245130649,
      "dcr_mean": 0.514959990978241,
      "dcr_median": 0.4705756902694702,
      "dcr_share": 0.5018168604651163,
      "identical_matches_fraction": 0.0,
      "authenticity": 0.7511506782945736,
      "fold": 5,
      "test_size": 4128,
      "synth_size": 16512
    }
  ],
  "summary": {
    "metrics_mean": {
      "ks_statistic_mean": 0.06697639811738648,
      "ks_statistic_per_feature_mean": 0.06697639811738648,
      "wasserstein_distance": 0.08373199413929666,
      "kl_divergence": 0.050382709298238924,
      "js_divergence": 0.006490144258395285,
      "mmd": 0.04112325223535058,
      "swd": 0.5526110022368874,
      "correlation_similarity": 0.8724381064390185,
      "pairwise_correlation_diff": 0.8929332549396269,
      "correlation_distance": 0.8929332549396269,
      "r2_score_real": 0.9356933951377868,
      "r2_score_synth": 0.9157240271568299,
      "rmse_real": 0.2538249838853092,
      "rmse_synth": 0.29075123092319916,
      "ml_efficiency_gap_percent": 2.132411485982817,
      "dcr_mean": 0.5195422649383545,
      "dcr_median": 0.47517289519309996,
      "dcr_share": 0.5013808139534883,
      "identical_matches_fraction": 0.0,
      "authenticity": 0.7484132751937984
    },
    "metrics_std": {
      "ks_statistic_mean": 0.006506184227876004,
      "ks_statistic_per_feature_mean": 0.006506184227876004,
      "wasserstein_distance": 0.0073649824210563365,
      "kl_divergence": 0.003089580011458753,
      "js_divergence": 0.0008577177935216982,
      "mmd": 0.0024989714769213032,
      "swd": 0.29454122810783845,
      "correlation_similarity": 0.015781727113988002,
      "pairwise_correlation_diff": 0.11047208979949422,
      "correlation_distance": 0.11047208979949422,
      "r2_score_real": 0.005185952296624524,
      "r2_score_synth": 0.0033364256612887534,
      "rmse_real": 0.01000369895303531,
      "rmse_synth": 0.004405195421375853,
      "ml_efficiency_gap_percent": 0.42351826458574293,
      "dcr_mean": 0.009870618082103357,
      "dcr_median": 0.009379312068857223,
      "dcr_share": 0.008372763804819525,
      "identical_matches_fraction": 0.0,
      "authenticity": 0.007425940387475028
    },
    "metrics_min": {
      "ks_statistic_mean": 0.055466154485049816,
      "ks_statistic_per_feature_mean": 0.055466154485049816,
      "wasserstein_distance": 0.0749377038862024,
      "kl_divergence": 0.0449661322516577,
      "js_divergence": 0.00580701707064698,
      "mmd": 0.037830704562969844,
      "swd": 0.34427129776093557,
      "correlation_similarity": 0.8498056985414219,
      "pairwise_correlation_diff": 0.7426790873474812,
      "correlation_distance": 0.7426790873474812,