{
  "metadata": {
    "dataset": "king_county_housing",
    "model": "DSBM",
    "n_folds": 5,
    "timestamp": "2025-12-31T05:30:11.003871",
    "evaluator_version": "2.0",
    "n_metrics": 20,
    "metrics_list": [
      "ks_statistic_mean",
      "ks_statistic_per_feature_mean",
      "wasserstein_distance",
      "kl_divergence",
      "js_divergence",
      "mmd",
      "swd",
      "correlation_similarity",
      "pairwise_correlation_diff",
      "correlation_distance",
      "r2_score_real",
      "r2_score_synth",
      "rmse_real",
      "rmse_synth",
      "ml_efficiency_gap_percent",
      "dcr_mean",
      "dcr_median",
      "dcr_share",
      "identical_matches_fraction",
      "authenticity"
    ]
  },
  "folds": [
    {
      "ks_statistic_mean": 0.27204133167622524,
      "ks_statistic_per_feature_mean": 0.27204133167622524,
      "wasserstein_distance": 0.32064429204910994,
      "kl_divergence": 0.32525412804856296,
      "js_divergence": 0.08493965064984484,
      "mmd": 0.08081980047756951,
      "swd": 0.2626273305256089,
      "correlation_similarity": 0.9254150690333383,
      "pairwise_correlation_diff": 1.1933588954740464,
      "correlation_distance": 1.1933588954740464,
      "r2_score_real": 0.6646990776062012,
      "r2_score_synth": 0.3842209577560425,
      "rmse_real": 0.5473268277282682,
      "rmse_synth": 0.7417230859649422,
      "ml_efficiency_gap_percent": 42.196255313043636,
      "dcr_mean": 2.363950490951538,
      "dcr_median": 2.279623031616211,
      "dcr_share": 0.5172353961827646,
      "identical_matches_fraction": 0.0,
      "authenticity": 0.9731636784268364,
      "fold": 1,
      "test_size": 4323,
      "synth_size": 17290
    },
    {
      "ks_statistic_mean": 0.2718613982776297,
      "ks_statistic_per_feature_mean": 0.2718613982776297,
      "wasserstein_distance": 0.3199026472866535,
      "kl_divergence": 0.31179892097531425,
      "js_divergence": 0.0753373536866652,
      "mmd": 0.08132958957277846,
      "swd": 0.25786614330667795,
      "correlation_similarity": 0.9106549354068649,
      "pairwise_correlation_diff": 1.4295210334990949,
      "correlation_distance": 1.4295210334990949,
      "r2_score_real": 0.6418439149856567,
      "r2_score_synth": 0.4837251901626587,
      "rmse_real": 0.5525336558244996,
      "rmse_synth": 0.6633810024489483,
      "ml_efficiency_gap_percent": 24.63507421839958,
      "dcr_mean": 2.3501644134521484,
      "dcr_median": 2.2806077003479004,
      "dcr_share": 0.5213418160786581,
      "identical_matches_fraction": 0.0,
      "authenticity": 0.9715442452284557,
      "fold": 2,
      "test_size": 4323,
      "synth_size": 17290
    },
    {
      "ks_statistic_mean": 0.28680711949092824,
      "ks_statistic_per_feature_mean": 0.28680711949092824,
      "wasserstein_distance": 0.3371762284077704,
      "kl_divergence": 0.35740585741412767,
      "js_divergence": 0.0802889903319837,
      "mmd": 0.08284314318996129,
      "swd": 0.2604614203679054,
      "correlation_similarity": 0.9221320409805115,
      "pairwise_correlation_diff": 1.2458873443196021,
      "correlation_distance": 1.2458873443196021,
      "r2_score_real": 0.7024441361427307,
      "r2_score_synth": 0.44763892889022827,
      "rmse_real": 0.5962201735595842,
      "rmse_synth": 0.8123327229773674,
      "ml_efficiency_gap_percent": 36.274088449466134,
      "dcr_mean": 2.3412606716156006,
      "dcr_median": 2.2709903717041016,
      "dcr_share": 0.5114517061885483,
      "identical_matches_fraction": 0.0,
      "authenticity": 0.9717755928282245,
      "fold": 3,
      "test_size": 4323,
      "synth_size": 17290
    },
    {
      "ks_statistic_mean": 0.2774456774382042,
      "ks_statistic_per_feature_mean": 0.2774456774382042,
      "wasserstein_distance": 0.33252211567014456,
      "kl_divergence": 0.3030644132541433,
      "js_divergence": 0.07911753232537355,
      "mmd": 0.0832874117893181,
      "swd": 0.22099179099539287,
      "correlation_similarity": 0.9310443034437844,
      "pairwise_correlation_diff": 1.103291144906344,
      "correlation_distance": 1.103291144906344,
      "r2_score_real": 0.5881030559539795,
      "r2_score_synth": 0.32860511541366577,
      "rmse_real": 0.5864533506038341,
      "rmse_synth": 0.7487351560315326,
      "ml_efficiency_gap_percent": 44.12456931028429,
      "dcr_mean": 2.3261663913726807,
      "dcr_median": 2.258960723876953,
      "dcr_share": 0.5082991151466081,
      "identical_matches_fraction": 0.0,
      "authenticity": 0.9726447284714591,
      "fold": 4,
      "test_size": 4322,
      "synth_size": 17291
    },
    {
      "ks_statistic_mean": 0.27172868851561816,
      "ks_statistic_per_feature_mean": 0.27172868851561816,
      "wasserstein_distance": 0.3123423233628273,
      "kl_divergence": 0.2926022332285805,
      "js_divergence": 0.07229554829186127,
      "mmd": 0.07641433359102093,
      "swd": 0.2527847187638934,
      "correlation_similarity": 0.9276064698488188,
      "pairwise_correlation_diff": 1.158296482426139,
      "correlation_distance": 1.158296482426139,
      "r2_score_real": 0.5209095478057861,
      "r2_score_synth": 0.35789310932159424,
      "rmse_real": 0.74642765103125,
      "rmse_synth": 0.8641370785968662,
      "ml_efficiency_gap_percent": 31.294576797615214,
      "dcr_mean": 2.218066453933716,
      "dcr_median": 2.1523077487945557,
      "dcr_share": 0.5224683361286219,
      "identical_matches_fraction": 0.0,
      "authenticity": 0.9731652304667168,
      "fold": 5,
      "test_size": 4322,
      "synth_size": 17291
    }
  ],
  "summary": {
    "metrics_mean": {
      "ks_statistic_mean": 0.27597684307972103,
      "ks_statistic_per_feature_mean": 0.27597684307972103,
      "wasserstein_distance": 0.32451752135530115,
      "kl_divergence": 0.31802511058414573,
      "js_divergence": 0.0783958150571457,
      "mmd": 0.08093885572412965,
      "swd": 0.25094628079189574,
      "correlation_similarity": 0.9233705637426635,
      "pairwise_correlation_diff": 1.2260709801250453,
      "correlation_distance": 1.2260709801250453,
      "r2_score_real": 0.6235999464988708,
      "r2_score_synth": 0.4004166603088379,
      "rmse_real": 0.6057923317494872,
      "rmse_synth": 0.7660618092039313,
      "ml_efficiency_gap_percent": 35.70491281776177,
      "dcr_mean": 2.319921684265137,
      "dcr_median": 2.2484979152679445,
      "dcr_share": 0.5161592739450402,
      "identical_matches_fraction": 0.0,
      "authenticity": 0.9724586950843385
    },
    "metrics_std": {
      "ks_statistic_mean": 0.005829653757169911,
      "ks_statistic_per_feature_mean": 0.005829653757169911,
      "wasserstein_distance": 0.009042685535494553,
      "kl_divergence": 0.0224143369702035,
      "js_divergence": 0.004324215842511736,
      "mmd": 0.0024404988821575425,
      "swd": 0.015333105454548931,
      "correlation_similarity": 0.00698899600845289,
      "pairwise_correlation_diff": 0.111823936135945,
      "correlation_distance": 0.111823936135945,
      "r2_score_real": 0.06331466564173263,
      "r2_score_synth": 0.057267276775402165,
      "rmse_real": 0.07279919938486389,
      "rmse_synth": 0.06811121840466572,
      "ml_efficiency_gap_percent": 7.14625068367163,
      "dcr_mean": 0.052387012094175595,
      "dcr_median": 0.0487190727585686,
      "dcr_share": 0.00550934366675528,
      "identical_matches_fraction": 0.0,
      "authenticity": 0.0006831763186919716
    },
    "metrics_min": {
      "ks_statistic_mean": 0.27172868851561816,
      "ks_statistic_per_feature_mean": 0.27172868851561816,
      "wasserstein_distance": 0.3123423233628273,
      "kl_divergence": 0.2926022332285805,
      "js_divergence": 0.07229554829186127,
      "mmd": 0.07641433359102093,
      "swd": 0.22099179099539287,
      "correlation_similarity": 0.9106549354068649,
      "pairwise_correlation_diff": 1.103291144906344,
      "correlation_distance": 1.103291144906344,
      "r2_score_real": 0.5209095478057861,