{
  "metadata": {
    "dataset": "online_news_popularity",
    "model": "DSBM",
    "n_folds": 5,
    "timestamp": "2025-12-31T04:34:43.005775",
    "evaluator_version": "2.0",
    "n_metrics": 20,
    "metrics_list": [
      "ks_statistic_mean",
      "ks_statistic_per_feature_mean",
      "wasserstein_distance",
      "kl_divergence",
      "js_divergence",
      "mmd",
      "swd",
      "correlation_similarity",
      "pairwise_correlation_diff",
      "correlation_distance",
      "r2_score_real",
      "r2_score_synth",
      "rmse_real",
      "rmse_synth",
      "ml_efficiency_gap_percent",
      "dcr_mean",
      "dcr_median",
      "dcr_share",
      "identical_matches_fraction",
      "authenticity"
    ]
  },
  "folds": [
    {
      "ks_statistic_mean": 0.31647742438557386,
      "ks_statistic_per_feature_mean": 0.31647742438557386,
      "wasserstein_distance": 0.5382220107933571,
      "kl_divergence": 0.6375532234577961,
      "js_divergence": 0.1539695169937541,
      "mmd": 0.012731127577606624,
      "swd": 10.652723578950447,
      "correlation_similarity": 0.9020962794157649,
      "pairwise_correlation_diff": 5.678415793895426,
      "correlation_distance": 5.678415793895426,
      "r2_score_real": -0.39019501209259033,
      "r2_score_synth": -1.0406503677368164,
      "rmse_real": 0.4667797005658248,
      "rmse_synth": 0.5655336169193169,
      "ml_efficiency_gap_percent": 166.70006932069083,
      "dcr_mean": 7.450755596160889,
      "dcr_median": 7.410717487335205,
      "dcr_share": 0.44931420463503075,
      "identical_matches_fraction": 0.0,
      "authenticity": 1.0,
      "fold": 1,
      "test_size": 7929,
      "synth_size": 31715
    },
    {
      "ks_statistic_mean": 0.3332595244635694,
      "ks_statistic_per_feature_mean": 0.3332595244635694,
      "wasserstein_distance": 0.5227349201409981,
      "kl_divergence": 0.6827449793883942,
      "js_divergence": 0.16557371067859486,
      "mmd": 0.01275346564177536,
      "swd": 0.31428544906139194,
      "correlation_similarity": 0.8817386293251133,
      "pairwise_correlation_diff": 6.85915949915526,
      "correlation_distance": 6.85915949915526,
      "r2_score_real": -2.604874849319458,
      "r2_score_synth": -0.1595214605331421,
      "rmse_real": 1.1146039634055038,
      "rmse_synth": 0.6321423832496732,
      "ml_efficiency_gap_percent": 93.87604127795936,
      "dcr_mean": 7.50429630279541,
      "dcr_median": 7.488343238830566,
      "dcr_share": 0.5393662304903043,
      "identical_matches_fraction": 0.0,
      "authenticity": 0.9999684691786221,
      "fold": 2,
      "test_size": 7929,
      "synth_size": 31715
    },
    {
      "ks_statistic_mean": 0.32733133340842757,
      "ks_statistic_per_feature_mean": 0.32733133340842757,
      "wasserstein_distance": 0.5165171693882038,
      "kl_divergence": 0.6943469757429684,
      "js_divergence": 0.1688371340949948,
      "mmd": 0.01274725674497384,
      "swd": 0.23707428121902524,
      "correlation_similarity": 0.883641193147442,
      "pairwise_correlation_diff": 6.748810797459996,
      "correlation_distance": 6.748810797459996,
      "r2_score_real": -0.2498762607574463,
      "r2_score_synth": -0.10501301288604736,
      "rmse_real": 0.8732950425368436,
      "rmse_synth": 0.8211285845974016,
      "ml_efficiency_gap_percent": 57.973993780872604,
      "dcr_mean": 7.4705634117126465,
      "dcr_median": 7.450364589691162,
      "dcr_share": 0.4973987072363235,
      "identical_matches_fraction": 0.0,
      "authenticity": 1.0,
      "fold": 3,
      "test_size": 7929,
      "synth_size": 31715
    },
    {
      "ks_statistic_mean": 0.3272114217801566,
      "ks_statistic_per_feature_mean": 0.3272114217801566,
      "wasserstein_distance": 0.5270347719819382,
      "kl_divergence": 0.6845526605991165,
      "js_divergence": 0.1665283306242996,
      "mmd": 0.012779072096770724,
      "swd": 0.24672403457655803,
      "correlation_similarity": 0.8864034461735,
      "pairwise_correlation_diff": 6.588600121948361,
      "correlation_distance": 6.588600121948361,
      "r2_score_real": -8.275375366210938,
      "r2_score_synth": -0.3482435941696167,
      "rmse_real": 1.8801420275830965,
      "rmse_synth": 0.7168182868773821,
      "ml_efficiency_gap_percent": 95.79180908709561,
      "dcr_mean": 7.5446953773498535,
      "dcr_median": 7.519819259643555,
      "dcr_share": 0.45833201954910924,
      "identical_matches_fraction": 0.0,
      "authenticity": 1.0,
      "fold": 4,
      "test_size": 7929,
      "synth_size": 31715
    },
    {
      "ks_statistic_mean": 0.3236566882174501,
      "ks_statistic_per_feature_mean": 0.3236566882174501,
      "wasserstein_distance": 0.5296668190637539,
      "kl_divergence": 0.6816388750510854,
      "js_divergence": 0.1658474188770833,
      "mmd": 0.012754961315456604,
      "swd": 0.2556990784382485,
      "correlation_similarity": 0.889270500216397,
      "pairwise_correlation_diff": 6.4223109874600475,
      "correlation_distance": 6.4223109874600475,
      "r2_score_real": -0.11293148994445801,
      "r2_score_synth": -0.4101247787475586,
      "rmse_real": 0.6271062170861386,
      "rmse_synth": 0.7058877708072868,
      "ml_efficiency_gap_percent": 263.1624615501542,
      "dcr_mean": 7.5779829025268555,
      "dcr_median": 7.553356170654297,
      "dcr_share": 0.507724807668054,
      "identical_matches_fraction": 0.0,
      "authenticity": 1.0,
      "fold": 5,
      "test_size": 7928,
      "synth_size": 31716
    }
  ],
  "summary": {
    "metrics_mean": {
      "ks_statistic_mean": 0.3255872784510355,
      "ks_statistic_per_feature_mean": 0.3255872784510355,
      "wasserstein_distance": 0.5268351382736502,
      "kl_divergence": 0.676167342847872,
      "js_divergence": 0.16415122225374534,
      "mmd": 0.01275317667531663,
      "swd": 2.341301284449134,
      "correlation_similarity": 0.8886300096556434,
      "pairwise_correlation_diff": 6.459459439983817,
      "correlation_distance": 6.459459439983817,
      "r2_score_real": -2.326650595664978,
      "r2_score_synth": -0.4127106428146362,
      "rmse_real": 0.9923853902354814,
      "rmse_synth": 0.6883021284902121,
      "ml_efficiency_gap_percent": 135.50087500335454,
      "dcr_mean": 7.509658718109131,
      "dcr_median": 7.484520149230957,
      "dcr_share": 0.4904271939157644,
      "identical_matches_fraction": 0.0,
      "authenticity": 0.9999936938357245
    },
    "metrics_std": {
      "ks_statistic_mean": 0.005500173594874945,
      "ks_statistic_per_feature_mean": 0.005500173594874945,
      "wasserstein_distance": 0.007224837799576567,
      "kl_divergence": 0.019824559462297563,
      "js_divergence": 0.005218737247543852,
      "mmd": 1.5459945533005678e-05,
      "swd": 4.155798249505627,
      "correlation_similarity": 0.007198439377577767,
      "pairwise_correlation_diff": 0.4175094839002315,
      "correlation_distance": 0.4175094839002315,
      "r2_score_real": 3.1121741363664093,
      "r2_score_synth": 0.33384235162044934,
      "rmse_real": 0.49536288779988885,
      "rmse_synth": 0.08601315941840136,
      "ml_efficiency_gap_percent": 72.92561198425467,
      "dcr_mean": 0.046738716119677635,
      "dcr_median": 0.050224448639635766,
      "dcr_share": 0.03305515646784932,
      "identical_matches_fraction": 0.0,
      "authenticity": 1.2612328551142581e-05
    },
    "metrics_min": {
      "ks_statistic_mean": 0.31647742438557386,
      "ks_statistic_per_feature_mean": 0.31647742438557386,
      "wasserstein_distance": 0.5165171693882038,
      "kl_divergence": 0.6375532234577961,
      "js_divergence": 0.1539695169937541,
      "mmd": 0.012731127577606624,
      "swd": 0.23707428121902524,
      "correlation_similarity": 0.8817386293251133,
      "pairwise_correlation_diff": 5.678415793895426,
      "correlation_distance": 5.678415793895426,
      "r2_score_real": -8.275375366210938,
      "r2_score_synth": -1.0406503677368164,