{
  "metadata": {
    "dataset": "online_shoppers",
    "model": "DSBM",
    "n_folds": 5,
    "timestamp": "2025-12-31T07:21:23.934908",
    "evaluator_version": "2.0",
    "n_metrics": 20,
    "metrics_list": [
      "ks_statistic_mean",
      "ks_statistic_per_feature_mean",
      "wasserstein_distance",
      "kl_divergence",
      "js_divergence",
      "mmd",
      "swd",
      "correlation_similarity",
      "pairwise_correlation_diff",
      "correlation_distance",
      "r2_score_real",
      "r2_score_synth",
      "rmse_real",
      "rmse_synth",
      "ml_efficiency_gap_percent",
      "dcr_mean",
      "dcr_median",
      "dcr_share",
      "identical_matches_fraction",
      "authenticity"
    ]
  },
  "folds": [
    {
      "ks_statistic_mean": 0.2886687521724018,
      "ks_statistic_per_feature_mean": 0.2886687521724018,
      "wasserstein_distance": 0.23721506340163095,
      "kl_divergence": 0.13008591406144057,
      "js_divergence": 0.03391976861576238,
      "mmd": 0.07013913877233553,
      "swd": 0.14934704192352688,
      "correlation_similarity": 0.9436248093904337,
      "pairwise_correlation_diff": 0.7892526685395653,
      "correlation_distance": 0.7892526685395653,
      "r2_score_real": -0.05669987201690674,
      "r2_score_synth": -0.10747754573822021,
      "rmse_real": 1.0343200184941088,
      "rmse_synth": 1.058879574409721,
      "ml_efficiency_gap_percent": 89.55518225186225,
      "dcr_mean": 1.784905195236206,
      "dcr_median": 1.6386263370513916,
      "dcr_share": 0.48935523114355234,
      "identical_matches_fraction": 0.0,
      "authenticity": 0.9448499594484996,
      "fold": 1,
      "test_size": 2466,
      "synth_size": 9864
    },
    {
      "ks_statistic_mean": 0.2895739195921677,
      "ks_statistic_per_feature_mean": 0.2895739195921677,
      "wasserstein_distance": 0.261951955301421,
      "kl_divergence": 0.1413908447186135,
      "js_divergence": 0.036511193661376014,
      "mmd": 0.0774311220822542,
      "swd": 0.25508794660387146,
      "correlation_similarity": 0.9288548286801729,
      "pairwise_correlation_diff": 0.996032398484694,
      "correlation_distance": 0.996032398484694,
      "r2_score_real": -0.187219500541687,
      "r2_score_synth": -0.09158587455749512,
      "rmse_real": 1.1544507435649332,
      "rmse_synth": 1.1069776394178623,
      "ml_efficiency_gap_percent": 51.08101757962854,
      "dcr_mean": 1.807409644126892,
      "dcr_median": 1.6847128868103027,
      "dcr_share": 0.4912814274128143,
      "identical_matches_fraction": 0.0,
      "authenticity": 0.9427210056772101,
      "fold": 2,
      "test_size": 2466,
      "synth_size": 9864
    },
    {
      "ks_statistic_mean": 0.28615600741513153,
      "ks_statistic_per_feature_mean": 0.28615600741513153,
      "wasserstein_distance": 0.24304554079260146,
      "kl_divergence": 0.14444732507586316,
      "js_divergence": 0.037171342067802475,
      "mmd": 0.07839106177342096,
      "swd": 0.13445857515398169,
      "correlation_similarity": 0.964959505142496,
      "pairwise_correlation_diff": 0.4905669280085599,
      "correlation_distance": 0.4905669280085599,
      "r2_score_real": -0.11917245388031006,
      "r2_score_synth": -0.10930204391479492,
      "rmse_real": 1.0614629621220752,
      "rmse_synth": 1.0567719383227703,
      "ml_efficiency_gap_percent": 8.282459279917495,
      "dcr_mean": 1.8321421146392822,
      "dcr_median": 1.6927411556243896,
      "dcr_share": 0.4957420924574209,
      "identical_matches_fraction": 0.0,
      "authenticity": 0.9448499594484996,
      "fold": 3,
      "test_size": 2466,
      "synth_size": 9864
    },
    {
      "ks_statistic_mean": 0.29350596686363106,
      "ks_statistic_per_feature_mean": 0.29350596686363106,
      "wasserstein_distance": 0.2353919276169368,
      "kl_divergence": 0.12924591107306452,
      "js_divergence": 0.0352888940755583,
      "mmd": 0.07217432612824048,
      "swd": 0.13035120271316458,
      "correlation_similarity": 0.9583977966781028,
      "pairwise_correlation_diff": 0.582430846510721,
      "correlation_distance": 0.582430846510721,
      "r2_score_real": -0.12413513660430908,
      "r2_score_synth": -0.07654798030853271,
      "rmse_real": 1.0852511864941061,
      "rmse_synth": 1.062032203915218,
      "ml_efficiency_gap_percent": 38.334961073482624,
      "dcr_mean": 1.7886379957199097,
      "dcr_median": 1.6527326107025146,
      "dcr_share": 0.5111516626115167,
      "identical_matches_fraction": 0.0,
      "authenticity": 0.9498175182481752,
      "fold": 4,
      "test_size": 2466,
      "synth_size": 9864
    },
    {
      "ks_statistic_mean": 0.29462113312478283,
      "ks_statistic_per_feature_mean": 0.29462113312478283,
      "wasserstein_distance": 0.2382153868675232,
      "kl_divergence": 0.14214397320527766,
      "js_divergence": 0.038492206123016896,
      "mmd": 0.07027862456010384,
      "swd": 0.14195014002301407,
      "correlation_similarity": 0.9493046126237222,
      "pairwise_correlation_diff": 0.709735423272958,
      "correlation_distance": 0.709735423272958,
      "r2_score_real": -0.11795353889465332,
      "r2_score_synth": -0.10357522964477539,
      "rmse_real": 1.060884818790251,
      "rmse_synth": 1.0540406115306566,
      "ml_efficiency_gap_percent": 12.189807431483244,
      "dcr_mean": 1.7846192121505737,
      "dcr_median": 1.6443108320236206,
      "dcr_share": 0.4976682887266829,
      "identical_matches_fraction": 0.0,
      "authenticity": 0.9483982157339822,
      "fold": 5,
      "test_size": 2466,
      "synth_size": 9864
    }
  ],
  "summary": {
    "metrics_mean": {
      "ks_statistic_mean": 0.29050515583362296,
      "ks_statistic_per_feature_mean": 0.29050515583362296,
      "wasserstein_distance": 0.24316397479602267,
      "kl_divergence": 0.1374627936268519,
      "js_divergence": 0.036276680908703215,
      "mmd": 0.073682854663271,
      "swd": 0.16223898128351175,
      "correlation_similarity": 0.9490283105029855,
      "pairwise_correlation_diff": 0.7136036529632998,
      "correlation_distance": 0.7136036529632998,
      "r2_score_real": -0.12103610038757324,
      "r2_score_synth": -0.09769773483276367,
      "rmse_real": 1.0792739458930949,
      "rmse_synth": 1.0677403935192458,
      "ml_efficiency_gap_percent": 39.88868552327483,
      "dcr_mean": 1.7995428323745728,
      "dcr_median": 1.662624764442444,
      "dcr_share": 0.49703974047039745,
      "identical_matches_fraction": 0.0,
      "authenticity": 0.9461273317112733
    },
    "metrics_std": {
      "ks_statistic_mean": 0.003133713682185236,
      "ks_statistic_per_feature_mean": 0.003133713682185236,
      "wasserstein_distance": 0.009729183158957851,
      "kl_divergence": 0.006450770778945813,
      "js_divergence": 0.0015681023678559237,
      "mmd": 0.003539465668381514,
      "swd": 0.046877181929142635,
      "correlation_similarity": 0.012472640216235722,
      "pairwise_correlation_diff": 0.1746169630285476,
      "correlation_distance": 0.1746169630285476,
      "r2_score_real": 0.0413327282575356,
      "r2_score_synth": 0.01224350103804184,
      "rmse_real": 0.04089871646026135,
      "rmse_synth": 0.01979217039886082,
      "ml_efficiency_gap_percent": 29.53176133828313,
      "dcr_mean": 0.018332977147043846,
      "dcr_median": 0.02192743264069334,
      "dcr_share": 0.00766074621243355,
      "identical_matches_fraction": 0.0,
      "authenticity": 0.0025938699954882326
    },
    "metrics_min": {
      "ks_statistic_mean": 0.28615600741513153,
      "ks_statistic_per_feature_mean": 0.28615600741513153,
      "wasserstein_distance": 0.2353919276169368,
      "kl_divergence": 0.12924591107306452,
      "js_divergence": 0.03391976861576238,
      "mmd": 0.07013913877233553,
      "swd": 0.13035120271316458,
      "correlation_similarity": 0.9288548286801729,
      "pairwise_correlation_diff": 0.4905669280085599,
      "correlation_distance": 0.4905669280085599,