{
  "metadata": {
    "dataset": "german_credit",
    "model": "DSBM",
    "n_folds": 5,
    "timestamp": "2025-12-31T10:18:13.856336",
    "evaluator_version": "2.0",
    "n_metrics": 20,
    "metrics_list": [
      "ks_statistic_mean",
      "ks_statistic_per_feature_mean",
      "wasserstein_distance",
      "kl_divergence",
      "js_divergence",
      "mmd",
      "swd",
      "correlation_similarity",
      "pairwise_correlation_diff",
      "correlation_distance",
      "r2_score_real",
      "r2_score_synth",
      "rmse_real",
      "rmse_synth",
      "ml_efficiency_gap_percent",
      "dcr_mean",
      "dcr_median",
      "dcr_share",
      "identical_matches_fraction",
      "authenticity"
    ]
  },
  "folds": [
    {
      "ks_statistic_mean": 0.191875,
      "ks_statistic_per_feature_mean": 0.191875,
      "wasserstein_distance": 0.18940566355983415,
      "kl_divergence": 0.39391842297699525,
      "js_divergence": 0.09006974898067738,
      "mmd": 0.08303660147808677,
      "swd": 0.20244165909778272,
      "correlation_similarity": 0.8933668493844628,
      "pairwise_correlation_diff": 0.639798903703887,
      "correlation_distance": 0.639798903703887,
      "r2_score_real": -0.7498129606246948,
      "r2_score_synth": -0.2688091993331909,
      "rmse_real": 1.305138789722002,
      "rmse_synth": 1.1113709238724383,
      "ml_efficiency_gap_percent": 64.14983289842885,
      "dcr_mean": 0.9578390717506409,
      "dcr_median": 0.802270233631134,
      "dcr_share": 0.51625,
      "identical_matches_fraction": 0.0,
      "authenticity": 0.58875,
      "fold": 1,
      "test_size": 200,
      "synth_size": 800
    },
    {
      "ks_statistic_mean": 0.1847916666666667,
      "ks_statistic_per_feature_mean": 0.1847916666666667,
      "wasserstein_distance": 0.1664242253949245,
      "kl_divergence": 0.32086388065495103,
      "js_divergence": 0.08853385865724078,
      "mmd": 0.08851307838192997,
      "swd": 0.2014317333901575,
      "correlation_similarity": 0.9280842627904512,
      "pairwise_correlation_diff": 0.43149442326448445,
      "correlation_distance": 0.43149442326448445,
      "r2_score_real": -0.12296724319458008,
      "r2_score_synth": 0.020325958728790283,
      "rmse_real": 1.222732492818,
      "rmse_synth": 1.1420594170975042,
      "ml_efficiency_gap_percent": 116.52957177923152,
      "dcr_mean": 0.9303596615791321,
      "dcr_median": 0.8322571516036987,
      "dcr_share": 0.49875,
      "identical_matches_fraction": 0.0,
      "authenticity": 0.56,
      "fold": 2,
      "test_size": 200,
      "synth_size": 800
    },
    {
      "ks_statistic_mean": 0.19541666666666666,
      "ks_statistic_per_feature_mean": 0.19541666666666666,
      "wasserstein_distance": 0.17362082252899805,
      "kl_divergence": 0.30132137544641996,
      "js_divergence": 0.08470789578065863,
      "mmd": 0.0832925203733441,
      "swd": 0.18911445708481764,
      "correlation_similarity": 0.910330661357901,
      "pairwise_correlation_diff": 0.5380160318615611,
      "correlation_distance": 0.5380160318615611,
      "r2_score_real": -0.24380934238433838,
      "r2_score_synth": -0.17141616344451904,
      "rmse_real": 1.3343916755724217,
      "rmse_synth": 1.2949768791196732,
      "ml_efficiency_gap_percent": 29.692536894545867,
      "dcr_mean": 0.9901858568191528,
      "dcr_median": 0.8728313446044922,
      "dcr_share": 0.47375,
      "identical_matches_fraction": 0.0,
      "authenticity": 0.57375,
      "fold": 3,
      "test_size": 200,
      "synth_size": 800
    },
    {
      "ks_statistic_mean": 0.21354166666666666,
      "ks_statistic_per_feature_mean": 0.21354166666666666,
      "wasserstein_distance": 0.20444860061009726,
      "kl_divergence": 0.321337928188055,
      "js_divergence": 0.0959078502383186,
      "mmd": 0.08119043039576702,
      "swd": 0.18410515931492735,
      "correlation_similarity": 0.9194765482376558,
      "pairwise_correlation_diff": 0.48314071058211755,
      "correlation_distance": 0.48314071058211755,
      "r2_score_real": -0.3433396816253662,
      "r2_score_synth": 0.012247204780578613,
      "rmse_real": 1.3373369170971587,
      "rmse_synth": 1.1467587404286002,
      "ml_efficiency_gap_percent": 103.5670810675307,
      "dcr_mean": 0.9777727723121643,
      "dcr_median": 0.8949754238128662,
      "dcr_share": 0.46125,
      "identical_matches_fraction": 0.0,
      "authenticity": 0.51125,
      "fold": 4,
      "test_size": 200,
      "synth_size": 800
    },
    {
      "ks_statistic_mean": 0.1920833333333333,
      "ks_statistic_per_feature_mean": 0.1920833333333333,
      "wasserstein_distance": 0.18756074458360672,
      "kl_divergence": 0.3065273844489344,
      "js_divergence": 0.08668689552490037,
      "mmd": 0.075987596653717,
      "swd": 0.19146714488689043,
      "correlation_similarity": 0.9562177153925533,
      "pairwise_correlation_diff": 0.2626937076490587,
      "correlation_distance": 0.2626937076490587,
      "r2_score_real": -0.4181678295135498,
      "r2_score_synth": -0.10523498058319092,
      "rmse_real": 1.088249873183436,
      "rmse_synth": 0.9607096145980247,
      "ml_efficiency_gap_percent": 74.83427151591033,
      "dcr_mean": 0.9442956447601318,
      "dcr_median": 0.8357139825820923,
      "dcr_share": 0.56125,
      "identical_matches_fraction": 0.0,
      "authenticity": 0.46625,
      "fold": 5,
      "test_size": 200,
      "synth_size": 800
    }
  ],
  "summary": {
    "metrics_mean": {
      "ks_statistic_mean": 0.19554166666666667,
      "ks_statistic_per_feature_mean": 0.19554166666666667,
      "wasserstein_distance": 0.18429201133549214,
      "kl_divergence": 0.32879379834307115,
      "js_divergence": 0.08918124983635915,
      "mmd": 0.08240404545656897,
      "swd": 0.1937120307549151,
      "correlation_similarity": 0.9214952074326048,
      "pairwise_correlation_diff": 0.4710287554122218,
      "correlation_distance": 0.4710287554122218,
      "r2_score_real": -0.37561941146850586,
      "r2_score_synth": -0.1025774359703064,
      "rmse_real": 1.2575699496786037,
      "rmse_synth": 1.131175115023248,
      "ml_efficiency_gap_percent": 77.75465883112945,
      "dcr_mean": 0.9600906014442444,
      "dcr_median": 0.8476096272468567,
      "dcr_share": 0.50225,
      "identical_matches_fraction": 0.0,
      "authenticity": 0.54
    },
    "metrics_std": {
      "ks_statistic_mean": 0.009643470732976675,
      "ks_statistic_per_feature_mean": 0.009643470732976675,
      "wasserstein_distance": 0.013238233962774383,
      "kl_divergence": 0.03349691787474121,
      "js_divergence": 0.0038128309423482412,
      "mmd": 0.0040287336679574026,
      "swd": 0.007131190571819668,
      "correlation_similarity": 0.020827841030800407,
      "pairwise_correlation_diff": 0.12496704618688523,
      "correlation_distance": 0.12496704618688523,
      "r2_score_real": 0.21169797992067674,
      "r2_score_synth": 0.1101533246402524,
      "rmse_real": 0.09424444589298192,
      "rmse_synth": 0.10643592265384702,
      "ml_efficiency_gap_percent": 30.57241413961337,
      "dcr_mean": 0.021711114161002267,
      "dcr_median": 0.032596070912324936,
      "dcr_share": 0.03516390194503449,
      "identical_matches_fraction": 0.0,
      "authenticity": 0.04512482686947398
    },
    "metrics_min": {
      "ks_statistic_mean": 0.1847916666666667,
      "ks_statistic_per_feature_mean": 0.1847916666666667,
      "wasserstein_distance": 0.1664242253949245,
      "kl_divergence": 0.30132137544641996,
      "js_divergence": 0.08470789578065863,
      "mmd": 0.075987596653717,
      "swd": 0.18410515931492735,
      "correlation_similarity": 0.8933668493844628,
      "pairwise_correlation_diff": 0.2626937076490587,
      "correlation_distance": 0.2626937076490587,
      "r2_score_real": -0.7498129606246948,
      "r2_score_synth": -0.2688091993331909,
      "rmse_real": 1.088249873183436,
      "rmse_synth": 0.9607096145980247,