{
  "metadata": {
    "dataset": "adult_numeric",
    "model": "DSBM",
    "n_folds": 5,
    "timestamp": "2025-12-31T06:20:52.711703",
    "evaluator_version": "2.0",
    "n_metrics": 20,
    "metrics_list": [
      "ks_statistic_mean",
      "ks_statistic_per_feature_mean",
      "wasserstein_distance",
      "kl_divergence",
      "js_divergence",
      "mmd",
      "swd",
      "correlation_similarity",
      "pairwise_correlation_diff",
      "correlation_distance",
      "r2_score_real",
      "r2_score_synth",
      "rmse_real",
      "rmse_synth",
      "ml_efficiency_gap_percent",
      "dcr_mean",
      "dcr_median",
      "dcr_share",
      "identical_matches_fraction",
      "authenticity"
    ]
  },
  "folds": [
    {
      "ks_statistic_mean": 0.289825,
      "ks_statistic_per_feature_mean": 0.289825,
      "wasserstein_distance": 0.3033317729830742,
      "kl_divergence": 0.5725092384151798,
      "js_divergence": 0.15458478133426662,
      "mmd": 0.08072667298891585,
      "swd": 0.16131085948744311,
      "correlation_similarity": 0.932107751942016,
      "pairwise_correlation_diff": 0.6789224805866287,
      "correlation_distance": 0.6789224805866287,
      "r2_score_real": -0.25832855701446533,
      "r2_score_synth": -0.07343482971191406,
      "rmse_real": 1.1283158074900328,
      "rmse_synth": 1.0421290642914294,
      "ml_efficiency_gap_percent": 71.57308872057764,
      "dcr_mean": 1.7563432455062866,
      "dcr_median": 1.667417049407959,
      "dcr_share": 0.496,
      "identical_matches_fraction": 0.0,
      "authenticity": 0.87975,
      "fold": 1,
      "test_size": 1000,
      "synth_size": 4000
    },
    {
      "ks_statistic_mean": 0.263475,
      "ks_statistic_per_feature_mean": 0.263475,
      "wasserstein_distance": 0.27077754959464073,
      "kl_divergence": 0.5487846762464776,
      "js_divergence": 0.1483096403872106,
      "mmd": 0.07421711932244565,
      "swd": 0.13917408595524777,
      "correlation_similarity": 0.9370838424053227,
      "pairwise_correlation_diff": 0.6291615759530644,
      "correlation_distance": 0.6291615759530644,
      "r2_score_real": -0.322262167930603,
      "r2_score_synth": -0.1806422472000122,
      "rmse_real": 1.139352742122632,
      "rmse_synth": 1.076610385842979,
      "ml_efficiency_gap_percent": 43.945561975207625,
      "dcr_mean": 1.6760179996490479,
      "dcr_median": 1.6117312908172607,
      "dcr_share": 0.5045,
      "identical_matches_fraction": 0.0,
      "authenticity": 0.91075,
      "fold": 2,
      "test_size": 1000,
      "synth_size": 4000
    },
    {
      "ks_statistic_mean": 0.271175,
      "ks_statistic_per_feature_mean": 0.271175,
      "wasserstein_distance": 0.27917420119047165,
      "kl_divergence": 0.5626035318406304,
      "js_divergence": 0.15145981935788544,
      "mmd": 0.0720415089740709,
      "swd": 0.14067677028408543,
      "correlation_similarity": 0.9474263697655124,
      "pairwise_correlation_diff": 0.5257363023501328,
      "correlation_distance": 0.5257363023501328,
      "r2_score_real": -0.055242300033569336,
      "r2_score_synth": -0.018795371055603027,
      "rmse_real": 1.0010214595495133,
      "rmse_synth": 0.9835824349186587,
      "ml_efficiency_gap_percent": 65.97648714086569,
      "dcr_mean": 1.6829633712768555,
      "dcr_median": 1.5764485597610474,
      "dcr_share": 0.488,
      "identical_matches_fraction": 0.0,
      "authenticity": 0.882,
      "fold": 3,
      "test_size": 1000,
      "synth_size": 4000
    },
    {
      "ks_statistic_mean": 0.270575,
      "ks_statistic_per_feature_mean": 0.270575,
      "wasserstein_distance": 0.2738705940544605,
      "kl_divergence": 0.562776280665141,
      "js_divergence": 0.15258282917299879,
      "mmd": 0.07450133674892084,
      "swd": 0.12974449808366256,
      "correlation_similarity": 0.9473844295950162,
      "pairwise_correlation_diff": 0.5261557040550998,
      "correlation_distance": 0.5261557040550998,
      "r2_score_real": -0.2935398817062378,
      "r2_score_synth": 0.011359930038452148,
      "rmse_real": 1.0880831919553127,
      "rmse_synth": 0.9512426205122005,
      "ml_efficiency_gap_percent": 103.86997840716606,
      "dcr_mean": 1.719188928604126,
      "dcr_median": 1.6208851337432861,
      "dcr_share": 0.519,
      "identical_matches_fraction": 0.0,
      "authenticity": 0.90575,
      "fold": 4,
      "test_size": 1000,
      "synth_size": 4000
    },
    {
      "ks_statistic_mean": 0.31087499999999996,
      "ks_statistic_per_feature_mean": 0.31087499999999996,
      "wasserstein_distance": 0.3183415099978447,
      "kl_divergence": 0.6026812453192865,
      "js_divergence": 0.16212172356897456,
      "mmd": 0.0863482076055157,
      "swd": 0.17803533149348946,
      "correlation_similarity": 0.944219369746164,
      "pairwise_correlation_diff": 0.5578063025439374,
      "correlation_distance": 0.5578063025439374,
      "r2_score_real": -0.32112574577331543,
      "r2_score_synth": -0.1186370849609375,
      "rmse_real": 1.1066201619829201,
      "rmse_synth": 1.0182890943500482,
      "ml_efficiency_gap_percent": 63.055878725873285,
      "dcr_mean": 1.7884132862091064,
      "dcr_median": 1.7065917253494263,
      "dcr_share": 0.4885,
      "identical_matches_fraction": 0.0,
      "authenticity": 0.895,
      "fold": 5,
      "test_size": 1000,
      "synth_size": 4000
    }
  ],
  "summary": {
    "metrics_mean": {
      "ks_statistic_mean": 0.281185,
      "ks_statistic_per_feature_mean": 0.281185,
      "wasserstein_distance": 0.28909912556409834,
      "kl_divergence": 0.569870994497343,
      "js_divergence": 0.1538117587642672,
      "mmd": 0.0775669691279738,
      "swd": 0.14978830906078566,
      "correlation_similarity": 0.9416443526908063,
      "pairwise_correlation_diff": 0.5835564730977726,
      "correlation_distance": 0.5835564730977726,
      "r2_score_real": -0.2500997304916382,
      "r2_score_synth": -0.07602992057800292,
      "rmse_real": 1.0926786726200821,
      "rmse_synth": 1.0143707199830632,
      "ml_efficiency_gap_percent": 69.68419899393805,
      "dcr_mean": 1.7245853662490844,
      "dcr_median": 1.6366147518157959,
      "dcr_share": 0.4992,
      "identical_matches_fraction": 0.0,
      "authenticity": 0.8946500000000001
    },
    "metrics_std": {
      "ks_statistic_mean": 0.017219535417658614,
      "ks_statistic_per_feature_mean": 0.017219535417658614,
      "wasserstein_distance": 0.018567594037412278,
      "kl_divergence": 0.018062428879711462,
      "js_divergence": 0.004625327501830203,
      "mmd": 0.005258216108221078,
      "swd": 0.01748198886939711,
      "correlation_similarity": 0.006078748638653351,
      "pairwise_correlation_diff": 0.06078748638714123,
      "correlation_distance": 0.06078748638714123,
      "r2_score_real": 0.10017613563333012,
      "r2_score_synth": 0.06881660189870756,
      "rmse_real": 0.04912230129325368,
      "rmse_synth": 0.04380121181608056,
      "ml_efficiency_gap_percent": 19.454534745568704,
      "dcr_mean": 0.042901905236305146,
      "dcr_median": 0.04545797299533738,
      "dcr_share": 0.011578428218026838,
      "identical_matches_fraction": 0.0,
      "authenticity": 0.012365880478154383
    },
    "metrics_min": {
      "ks_statistic_mean": 0.263475,
      "ks_statistic_per_feature_mean": 0.263475,
      "wasserstein_distance": 0.27077754959464073,
      "kl_divergence": 0.5487846762464776,
      "js_divergence": 0.1483096403872106,
      "mmd": 0.0720415089740709,
      "swd": 0.12974449808366256,
      "correlation_similarity": 0.932107751942016,
      "pairwise_correlation_diff": 0.5257363023501328,
      "correlation_distance": 0.5257363023501328,
      "r2_score_real": -0.322262167930603,
      "r2_score_synth": -0.1806422472000122,
      "rmse_real": 1.0010214595495133,
      "rmse_synth": 0.9512426205122005,
      "ml_efficiency_gap_percent": 43.945561975207625,
      "dcr_mean": 1.6760179996490479,
      "dcr_median": 1.5764485597610474,