{
  "metadata": {
    "dataset": "covertype",
    "model": "DSBM",
    "n_folds": 5,
    "timestamp": "2025-12-31T09:22:49.599488",
    "evaluator_version": "2.0",
    "n_metrics": 20,
    "metrics_list": [
      "ks_statistic_mean",
      "ks_statistic_per_feature_mean",
      "wasserstein_distance",
      "kl_divergence",
      "js_divergence",
      "mmd",
      "swd",
      "correlation_similarity",
      "pairwise_correlation_diff",
      "correlation_distance",
      "r2_score_real",
      "r2_score_synth",
      "rmse_real",
      "rmse_synth",
      "ml_efficiency_gap_percent",
      "dcr_mean",
      "dcr_median",
      "dcr_share",
      "identical_matches_fraction",
      "authenticity"
    ]
  },
  "folds": [
    {
      "ks_statistic_mean": 0.5363915094339623,
      "ks_statistic_per_feature_mean": 0.5363915094339623,
      "wasserstein_distance": 0.25415009878716377,
      "kl_divergence": 0.639530216700042,
      "js_divergence": 0.08220201662048605,
      "mmd": 0.06588220918477766,
      "swd": 0.6656392529677558,
      "correlation_similarity": 0.8999795881132655,
      "pairwise_correlation_diff": 5.301081830006931,
      "correlation_distance": 5.301081830006931,
      "r2_score_real": 0.37606239318847656,
      "r2_score_synth": -0.008047103881835938,
      "rmse_real": 0.5878644411459705,
      "rmse_synth": 0.7472175004361641,
      "ml_efficiency_gap_percent": 102.13983212030533,
      "dcr_mean": 2.915902853012085,
      "dcr_median": 2.907668113708496,
      "dcr_share": 0.558375,
      "identical_matches_fraction": 0.0,
      "authenticity": 0.9995,
      "fold": 1,
      "test_size": 2000,
      "synth_size": 8000
    },
    {
      "ks_statistic_mean": 0.5141816037735849,
      "ks_statistic_per_feature_mean": 0.5141816037735849,
      "wasserstein_distance": 0.2510851929491421,
      "kl_divergence": 0.6741566531505482,
      "js_divergence": 0.08797594392909325,
      "mmd": 0.06427069221044067,
      "swd": 0.5544817792524103,
      "correlation_similarity": 0.8939413218578709,
      "pairwise_correlation_diff": 5.6211099415434465,
      "correlation_distance": 5.6211099415434465,
      "r2_score_real": -0.22191214561462402,
      "r2_score_synth": -0.01011049747467041,
      "rmse_real": 0.8226719303212594,
      "rmse_synth": 0.7479819725307064,
      "ml_efficiency_gap_percent": 95.44391883253273,
      "dcr_mean": 2.7644057273864746,
      "dcr_median": 2.742401599884033,
      "dcr_share": 0.4875,
      "identical_matches_fraction": 0.0,
      "authenticity": 0.99825,
      "fold": 2,
      "test_size": 2000,
      "synth_size": 8000
    },
    {
      "ks_statistic_mean": 0.561625,
      "ks_statistic_per_feature_mean": 0.561625,
      "wasserstein_distance": 0.25411888015157774,
      "kl_divergence": 0.6155801844567933,
      "js_divergence": 0.06963794100323188,
      "mmd": 0.06985941594265517,
      "swd": 0.7208189870023596,
      "correlation_similarity": 0.8913564275405774,
      "pairwise_correlation_diff": 5.758109340360264,
      "correlation_distance": 5.758109340360264,
      "r2_score_real": 0.3369734287261963,
      "r2_score_synth": -0.016163349151611328,
      "rmse_real": 0.9833411282429771,
      "rmse_synth": 1.2173641346000925,
      "ml_efficiency_gap_percent": 104.79662423613367,
      "dcr_mean": 2.867539167404175,
      "dcr_median": 2.8524932861328125,
      "dcr_share": 0.513625,
      "identical_matches_fraction": 0.0,
      "authenticity": 0.999125,
      "fold": 3,
      "test_size": 2000,
      "synth_size": 8000
    },
    {
      "ks_statistic_mean": 0.5420518867924529,
      "ks_statistic_per_feature_mean": 0.5420518867924529,
      "wasserstein_distance": 0.251232588628553,
      "kl_divergence": 0.6649456222017918,
      "js_divergence": 0.07859659965313967,
      "mmd": 0.06931573476818395,
      "swd": 0.6099993639778599,
      "correlation_similarity": 0.902761522748734,
      "pairwise_correlation_diff": 5.15363929432682,
      "correlation_distance": 5.15363929432682,
      "r2_score_real": 0.2364090085029602,
      "r2_score_synth": 0.0009806156158447266,
      "rmse_real": 0.7499955495066521,
      "rmse_synth": 0.8578576651045579,
      "ml_efficiency_gap_percent": 99.58520378641474,
      "dcr_mean": 2.7780354022979736,
      "dcr_median": 2.7487635612487793,
      "dcr_share": 0.54,
      "identical_matches_fraction": 0.0,
      "authenticity": 0.999125,
      "fold": 4,
      "test_size": 2000,
      "synth_size": 8000
    },
    {
      "ks_statistic_mean": 0.5218372641509434,
      "ks_statistic_per_feature_mean": 0.5218372641509434,
      "wasserstein_distance": 0.2580375799311782,
      "kl_divergence": 0.6794436223522207,
      "js_divergence": 0.07145396887640451,
      "mmd": 0.06497380556516676,
      "swd": 0.6129778531755937,
      "correlation_similarity": 0.8943063608320211,
      "pairwise_correlation_diff": 5.601762875913451,
      "correlation_distance": 5.601762875913451,
      "r2_score_real": 0.47924691438674927,
      "r2_score_synth": -0.013926148414611816,
      "rmse_real": 0.7600886190346562,
      "rmse_synth": 1.0605995909794914,
      "ml_efficiency_gap_percent": 102.90583997445908,
      "dcr_mean": 2.6230826377868652,
      "dcr_median": 2.5922691822052,
      "dcr_share": 0.477125,
      "identical_matches_fraction": 0.0,
      "authenticity": 0.998125,
      "fold": 5,
      "test_size": 2000,
      "synth_size": 8000
    }
  ],
  "summary": {
    "metrics_mean": {
      "ks_statistic_mean": 0.5352174528301887,
      "ks_statistic_per_feature_mean": 0.5352174528301887,
      "wasserstein_distance": 0.25372486808952294,
      "kl_divergence": 0.6547312597722792,
      "js_divergence": 0.07797329401647109,
      "mmd": 0.06686037153424484,
      "swd": 0.6327834472751959,
      "correlation_similarity": 0.8964690442184938,
      "pairwise_correlation_diff": 5.487140656430182,
      "correlation_distance": 5.487140656430182,
      "r2_score_real": 0.24135591983795165,
      "r2_score_synth": -0.009453296661376953,
      "rmse_real": 0.7807923336503031,
      "rmse_synth": 0.9262041727302025,
      "ml_efficiency_gap_percent": 100.9742837899691,
      "dcr_mean": 2.7897931575775146,
      "dcr_median": 2.7687191486358644,
      "dcr_share": 0.515325,
      "identical_matches_fraction": 0.0,
      "authenticity": 0.9988250000000001
    },
    "metrics_std": {
      "ks_statistic_mean": 0.016534707972284523,
      "ks_statistic_per_feature_mean": 0.016534707972284523,
      "wasserstein_distance": 0.002534359557708077,
      "kl_divergence": 0.02390087187057111,
      "js_divergence": 0.006786800721843983,
      "mmd": 0.0022910891607239863,
      "swd": 0.05634232413958256,
      "correlation_similarity": 0.004221957686867067,
      "pairwise_correlation_diff": 0.22376375740437762,
      "correlation_distance": 0.22376375740437762,
      "r2_score_real": 0.2443450182245889,
      "r2_score_synth": 0.005938131417863719,
      "rmse_real": 0.12757599478499657,
      "rmse_synth": 0.18509828656686272,
      "ml_efficiency_gap_percent": 3.231537668333494,
      "dcr_mean": 0.10052189926215505,
      "dcr_median": 0.1082130773074716,
      "dcr_share": 0.030654587748002733,
      "identical_matches_fraction": 0.0,
      "authenticity": 0.0005396758286230912
    },
    "metrics_min": {
      "ks_statistic_mean": 0.5141816037735849,
      "ks_statistic_per_feature_mean": 0.5141816037735849,
      "wasserstein_distance": 0.2510851929491421,
      "kl_divergence": 0.6155801844567933,
      "js_divergence": 0.06963794100323188,
      "mmd": 0.06427069221044067,
      "swd": 0.5544817792524103,
      "correlation_similarity": 0.8913564275405774,
      "pairwise_correlation_diff": 5.15363929432682,
      "correlation_distance": 5.15363929432682,
      "r2_score_real": -0.22191214561462402,
      "r2_score_synth": -0.016163349151611328,
      "rmse_real": 0.5878644411459705,
      "rmse_synth": 0.7472175004361641,