{
  "metadata": {
    "dataset": "diabetes",
    "model": "DSBM",
    "n_folds": 5,
    "timestamp": "2025-12-31T01:42:19.676122",
    "evaluator_version": "2.0",
    "n_metrics": 20,
    "metrics_list": [
      "ks_statistic_mean",
      "ks_statistic_per_feature_mean",
      "wasserstein_distance",
      "kl_divergence",
      "js_divergence",
      "mmd",
      "swd",
      "correlation_similarity",
      "pairwise_correlation_diff",
      "correlation_distance",
      "r2_score_real",
      "r2_score_synth",
      "rmse_real",
      "rmse_synth",
      "ml_efficiency_gap_percent",
      "dcr_mean",
      "dcr_median",
      "dcr_share",
      "identical_matches_fraction",
      "authenticity"
    ]
  },
  "folds": [
    {
      "ks_statistic_mean": 0.14330175099822107,
      "ks_statistic_per_feature_mean": 0.14330175099822107,
      "wasserstein_distance": 0.17769027170207766,
      "kl_divergence": 0.12792405647602506,
      "js_divergence": 0.03391451803096377,
      "mmd": 0.12472311657281848,
      "swd": 0.2145582288907768,
      "correlation_similarity": 0.9043962418535315,
      "pairwise_correlation_diff": 0.8604338233277772,
      "correlation_distance": 0.8604338233277772,
      "r2_score_real": -0.43945062160491943,
      "r2_score_synth": 0.21649032831192017,
      "rmse_real": 1.3601389525056957,
      "rmse_synth": 1.003476180641143,
      "ml_efficiency_gap_percent": 149.26385756863309,
      "dcr_mean": 1.7643932104110718,
      "dcr_median": 1.7224231958389282,
      "dcr_share": 0.5920679886685553,
      "identical_matches_fraction": 0.0,
      "authenticity": 0.546742209631728,
      "fold": 1,
      "test_size": 89,
      "synth_size": 353
    },
    {
      "ks_statistic_mean": 0.13868287869624726,
      "ks_statistic_per_feature_mean": 0.13868287869624726,
      "wasserstein_distance": 0.19556395295593473,
      "kl_divergence": 0.13756917698593554,
      "js_divergence": 0.03915172307221549,
      "mmd": 0.11942919143997854,
      "swd": 0.2002884074439748,
      "correlation_similarity": 0.9129748977227344,
      "pairwise_correlation_diff": 0.7832259205040925,
      "correlation_distance": 0.7832259205040925,
      "r2_score_real": -0.1261805295944214,
      "r2_score_synth": 0.4021707773208618,
      "rmse_real": 1.2846187406682332,
      "rmse_synth": 0.9359633249531462,
      "ml_efficiency_gap_percent": 418.72649339287784,
      "dcr_mean": 1.8042614459991455,
      "dcr_median": 1.7485371828079224,
      "dcr_share": 0.5070821529745042,
      "identical_matches_fraction": 0.0,
      "authenticity": 0.5637393767705382,
      "fold": 2,
      "test_size": 89,
      "synth_size": 353
    },
    {
      "ks_statistic_mean": 0.15239256976545112,
      "ks_statistic_per_feature_mean": 0.15239256976545112,
      "wasserstein_distance": 0.18568160219324958,
      "kl_divergence": 0.1361518867688057,
      "js_divergence": 0.02567291754732284,
      "mmd": 0.12443618397235207,
      "swd": 0.2200300470884384,
      "correlation_similarity": 0.880043773807403,
      "pairwise_correlation_diff": 1.0796060357453696,
      "correlation_distance": 1.0796060357453696,
      "r2_score_real": -0.3252300024032593,
      "r2_score_synth": -0.4222252368927002,
      "rmse_real": 1.0772626994339003,
      "rmse_synth": 1.115989683154831,
      "ml_efficiency_gap_percent": 29.82358139553637,
      "dcr_mean": 1.7932287454605103,
      "dcr_median": 1.7484982013702393,
      "dcr_share": 0.4943502824858757,
      "identical_matches_fraction": 0.0,
      "authenticity": 0.5423728813559322,
      "fold": 3,
      "test_size": 88,
      "synth_size": 354
    },
    {
      "ks_statistic_mean": 0.12917308680020542,
      "ks_statistic_per_feature_mean": 0.12917308680020542,
      "wasserstein_distance": 0.15648163192802006,
      "kl_divergence": 0.17091156765706492,
      "js_divergence": 0.028930617027426275,
      "mmd": 0.13090809938966766,
      "swd": 0.20464270101096574,
      "correlation_similarity": 0.8844859050968709,
      "pairwise_correlation_diff": 1.0396268541397133,
      "correlation_distance": 1.0396268541397133,
      "r2_score_real": -1.583270788192749,
      "r2_score_synth": -0.7783973217010498,
      "rmse_real": 0.9659495021403925,
      "rmse_synth": 0.8014636969694678,
      "ml_efficiency_gap_percent": 50.83612181150866,
      "dcr_mean": 1.845288634300232,
      "dcr_median": 1.7926998138427734,
      "dcr_share": 0.519774011299435,
      "identical_matches_fraction": 0.0,
      "authenticity": 0.5621468926553672,
      "fold": 4,
      "test_size": 88,
      "synth_size": 354
    },
    {
      "ks_statistic_mean": 0.14145694230439992,
      "ks_statistic_per_feature_mean": 0.14145694230439992,
      "wasserstein_distance": 0.17636901885271072,
      "kl_divergence": 0.11420312638620277,
      "js_divergence": 0.03147871686614664,
      "mmd": 0.12302162642951825,
      "swd": 0.2106649402028532,
      "correlation_similarity": 0.85671831620824,
      "pairwise_correlation_diff": 1.2895351541401683,
      "correlation_distance": 1.2895351541401683,
      "r2_score_real": 0.007782101631164551,
      "r2_score_synth": 0.23191529512405396,
      "rmse_real": 1.2998526067806893,
      "rmse_synth": 1.143655331138427,
      "ml_efficiency_gap_percent": 2880.111364715614,
      "dcr_mean": 1.7857531309127808,
      "dcr_median": 1.7376468181610107,
      "dcr_share": 0.519774011299435,
      "identical_matches_fraction": 0.0,
      "authenticity": 0.6242937853107344,
      "fold": 5,
      "test_size": 88,
      "synth_size": 354
    }
  ],
  "summary": {
    "metrics_mean": {
      "ks_statistic_mean": 0.14100144571290496,
      "ks_statistic_per_feature_mean": 0.14100144571290496,
      "wasserstein_distance": 0.17835729552639856,
      "kl_divergence": 0.13735196285480683,
      "js_divergence": 0.031829698508815,
      "mmd": 0.12450364356086699,
      "swd": 0.2100368649274018,
      "correlation_similarity": 0.8877238269377561,
      "pairwise_correlation_diff": 1.0104855575714242,
      "correlation_distance": 1.0104855575714242,
      "r2_score_real": -0.4932699680328369,
      "r2_score_synth": -0.07000923156738281,
      "rmse_real": 1.1975645003057822,
      "rmse_synth": 1.000109643371403,
      "ml_efficiency_gap_percent": 705.752283776834,
      "dcr_mean": 1.7985850334167481,
      "dcr_median": 1.7499610424041747,
      "dcr_share": 0.526609689345561,
      "identical_matches_fraction": 0.0,
      "authenticity": 0.56785902914486
    },
    "metrics_std": {
      "ks_statistic_mean": 0.007490559609393467,
      "ks_statistic_per_feature_mean": 0.007490559609393467,
      "wasserstein_distance": 0.012904707287112373,
      "kl_divergence": 0.018721583734352953,
      "js_divergence": 0.004569295996189923,
      "mmd": 0.0037152715315819634,
      "swd": 0.006997575694598298,
      "correlation_similarity": 0.019730154811570144,
      "pairwise_correlation_diff": 0.1775713933061044,
      "correlation_distance": 0.1775713933061044,
      "r2_score_real": 0.5665763094898355,
      "r2_score_synth": 0.45212037757064955,
      "rmse_real": 0.1500598418415658,
      "rmse_synth": 0.1245952196983835,
      "ml_efficiency_gap_percent": 1095.9649059724866,
      "dcr_mean": 0.026742760883208413,
      "dcr_median": 0.023412573443699743,
      "dcr_share": 0.03405946548794019,
      "identical_matches_fraction": 0.0,
      "authenticity": 0.02942769286889753
    },
    "metrics_min": {
      "ks_statistic_mean": 0.12917308680020542,
      "ks_statistic_per_feature_mean": 0.12917308680020542,
      "wasserstein_distance": 0.15648163192802006,
      "kl_divergence": 0.11420312638620277,
      "js_divergence": 0.02567291754732284,
      "mmd": 0.11942919143997854,
      "swd": 0.2002884074439748,
      "correlation_similarity": 0.85671831620824,
      "pairwise_correlation_diff": 0.7832259205040925,
      "correlation_distance": 0.7832259205040925,
      "r2_score_real": -1.583270788192749,