{
  "metadata": {
    "dataset": "bank_marketing",
    "model": "DSBM_with_VAE",
    "n_folds": 5,
    "timestamp": "2025-12-30T06:51:38.925728",
    "evaluator_version": "2.0",
    "n_metrics": 20,
    "metrics_list": [
      "ks_statistic_mean",
      "ks_statistic_per_feature_mean",
      "wasserstein_distance",
      "kl_divergence",
      "js_divergence",
      "mmd",
      "swd",
      "correlation_similarity",
      "pairwise_correlation_diff",
      "correlation_distance",
      "r2_score_real",
      "r2_score_synth",
      "rmse_real",
      "rmse_synth",
      "ml_efficiency_gap_percent",
      "dcr_mean",
      "dcr_median",
      "dcr_share",
      "identical_matches_fraction",
      "authenticity"
    ],
    "vae_input_dim": 7,
    "vae_latent_dim": 8,
    "vae_num_heads": 7,
    "vae_epochs": 50
  },
  "folds": [
    {
      "ks_statistic_mean": 0.401375,
      "ks_statistic_per_feature_mean": 0.401375,
      "wasserstein_distance": 201.33874779939651,
      "kl_divergence": 1.679226990617374,
      "js_divergence": 0.05649928609506994,
      "mmd": 0.025460062798583687,
      "swd": 896.4533419461284,
      "correlation_similarity": 0.641154839171403,
      "pairwise_correlation_diff": 2.153070965007466,
      "correlation_distance": 2.153070965007466,
      "r2_score_real": 0.44792240858078003,
      "r2_score_synth": 0.25059330463409424,
      "rmse_real": 1.4391909895039676,
      "rmse_synth": 1.6767841885802215,
      "ml_efficiency_gap_percent": 44.054304979273816,
      "dcr_mean": 39.415645599365234,
      "dcr_median": 32.74107360839844,
      "dcr_share": 0.451125,
      "identical_matches_fraction": 0.0,
      "authenticity": 0.392125,
      "fold": 1,
      "test_size": 2000,
      "synth_size": 8000,
      "vae_latent_dim": 8,
      "vae_num_heads": 7,
      "vae_input_dim": 7
    },
    {
      "ks_statistic_mean": 0.37470833333333325,
      "ks_statistic_per_feature_mean": 0.37470833333333325,
      "wasserstein_distance": 161.75630658864975,
      "kl_divergence": 1.0631593677003626,
      "js_divergence": 0.06363396686159485,
      "mmd": 0.025558821611119546,
      "swd": 707.0211692347929,
      "correlation_similarity": 0.7841082896461349,
      "pairwise_correlation_diff": 1.2953502621447799,
      "correlation_distance": 1.2953502621447799,
      "r2_score_real": 0.3418475389480591,
      "r2_score_synth": -0.3614935874938965,
      "rmse_real": 1.4352530457690742,
      "rmse_synth": 2.064301022328118,
      "ml_efficiency_gap_percent": 205.7470206181073,
      "dcr_mean": 30.1837100982666,
      "dcr_median": 21.370468139648438,
      "dcr_share": 0.4755,
      "identical_matches_fraction": 0.0,
      "authenticity": 0.358125,
      "fold": 2,
      "test_size": 2000,
      "synth_size": 8000,
      "vae_latent_dim": 8,
      "vae_num_heads": 7,
      "vae_input_dim": 7
    },
    {
      "ks_statistic_mean": 0.44293750000000004,
      "ks_statistic_per_feature_mean": 0.44293750000000004,
      "wasserstein_distance": 264.39618042111397,
      "kl_divergence": 3.232866477302272,
      "js_divergence": 0.1227200610690261,
      "mmd": 0.07507057764894681,
      "swd": 940.0874618077264,
      "correlation_similarity": 0.6186601003424184,
      "pairwise_correlation_diff": 2.2880393979836233,
      "correlation_distance": 2.2880393979836233,
      "r2_score_real": 0.3559826612472534,
      "r2_score_synth": -0.9308760166168213,
      "rmse_real": 1.2411580648498537,
      "rmse_synth": 2.149094470752733,
      "ml_efficiency_gap_percent": 361.4947630750663,
      "dcr_mean": 40.822425842285156,
      "dcr_median": 32.13896942138672,
      "dcr_share": 0.50975,
      "identical_matches_fraction": 0.0,
      "authenticity": 0.322,
      "fold": 3,
      "test_size": 2000,
      "synth_size": 8000,
      "vae_latent_dim": 8,
      "vae_num_heads": 7,
      "vae_input_dim": 7
    },
    {
      "ks_statistic_mean": 0.41520833333333335,
      "ks_statistic_per_feature_mean": 0.41520833333333335,
      "wasserstein_distance": 215.42219152053198,
      "kl_divergence": 2.4777571587245606,
      "js_divergence": 0.08148483260111951,
      "mmd": 0.025445753498805648,
      "swd": 838.7280970019727,
      "correlation_similarity": 0.6697244491564924,
      "pairwise_correlation_diff": 1.9816533050940732,
      "correlation_distance": 1.9816533050940732,
      "r2_score_real": 0.3595619797706604,
      "r2_score_synth": -0.06696450710296631,
      "rmse_real": 1.4634824403700526,
      "rmse_synth": 1.8889651618156171,
      "ml_efficiency_gap_percent": 118.6239121126428,
      "dcr_mean": 34.48776626586914,
      "dcr_median": 27.41069984436035,
      "dcr_share": 0.489375,
      "identical_matches_fraction": 0.0,
      "authenticity": 0.419,
      "fold": 4,
      "test_size": 2000,
      "synth_size": 8000,
      "vae_latent_dim": 8,
      "vae_num_heads": 7,
      "vae_input_dim": 7
    },
    {
      "ks_statistic_mean": 0.41604166666666664,
      "ks_statistic_per_feature_mean": 0.41604166666666664,
      "wasserstein_distance": 256.0013074874878,
      "kl_divergence": 2.7021324482365827,
      "js_divergence": 0.1077510742182029,
      "mmd": 0.025634394528123397,
      "swd": 1324.0459206806293,
      "correlation_similarity": 0.6364095051380136,
      "pairwise_correlation_diff": 2.181542969208277,
      "correlation_distance": 2.181542969208277,
      "r2_score_real": -4.987307548522949,
      "r2_score_synth": -0.9711169004440308,
      "rmse_real": 4.1721173048196745,
      "rmse_synth": 2.393849809522932,
      "ml_efficiency_gap_percent": 80.52823309980877,
      "dcr_mean": 37.06295394897461,
      "dcr_median": 30.651803970336914,
      "dcr_share": 0.452875,
      "identical_matches_fraction": 0.0,
      "authenticity": 0.379375,
      "fold": 5,
      "test_size": 2000,
      "synth_size": 8000,
      "vae_latent_dim": 8,
      "vae_num_heads": 7,
      "vae_input_dim": 7
    }
  ],
  "summary": {
    "metrics_mean": {
      "ks_statistic_mean": 0.41005416666666666,
      "ks_statistic_per_feature_mean": 0.41005416666666666,
      "wasserstein_distance": 219.78294676343603,
      "kl_divergence": 2.2310284885162304,
      "js_divergence": 0.08641784416900265,
      "mmd": 0.035433922017115815,
      "swd": 941.2671981342498,
      "correlation_similarity": 0.6700114366908925,
      "pairwise_correlation_diff": 1.9799313798876441,
      "correlation_distance": 1.9799313798876441,
      "r2_score_real": -0.6963985919952392,
      "r2_score_synth": -0.41597154140472414,
      "rmse_real": 1.9502403690625243,
      "rmse_synth": 2.034598930599924,
      "ml_efficiency_gap_percent": 162.0896467769798,
      "dcr_mean": 36.39450035095215,
      "dcr_median": 28.862602996826173,
      "dcr_share": 0.475725,
      "identical_matches_fraction": 0.0,
      "authenticity": 0.37412500000000004
    },
    "metrics_std": {
      "ks_statistic_mean": 0.02221884366678182,
      "ks_statistic_per_feature_mean": 0.02221884366678182,
      "wasserstein_distance": 37.492414973217755,
      "kl_divergence": 0.7687517817579972,
      "js_divergence": 0.025343707075720447,
      "mmd": 0.019818446935991964,
      "swd": 206.84036996421585,
      "correlation_similarity": 0.059358111468265876,
      "pairwise_correlation_diff": 0.3561486688155309,
      "correlation_distance": 0.3561486688155309,
      "r2_score_real": 2.145781176415161,
      "r2_score_synth": 0.47799486183127493,
      "rmse_real": 1.1138089175834656,
      "rmse_synth": 0.24178222481887068,
      "ml_efficiency_gap_percent": 113.26274135900809,
      "dcr_mean": 3.7786300008226767,
      "dcr_median": 4.17656458919785,
      "dcr_share": 0.02223221199071294,
      "identical_matches_fraction": 0.0,
      "authenticity": 0.032675200841004774
    },
    "metrics_min": {
      "ks_statistic_mean": 0.37470833333333325,
      "ks_statistic_per_feature_mean": 0.37470833333333325,
      "wasserstein_distance": 161.75630658864975,