{
  "metadata": {
    "dataset": "diabetes",
    "model": "DSBM_with_VAE",
    "n_folds": 5,
    "timestamp": "2025-12-30T02:36:28.885055",
    "evaluator_version": "2.0",
    "n_metrics": 20,
    "metrics_list": [
      "ks_statistic_mean",
      "ks_statistic_per_feature_mean",
      "wasserstein_distance",
      "kl_divergence",
      "js_divergence",
      "mmd",
      "swd",
      "correlation_similarity",
      "pairwise_correlation_diff",
      "correlation_distance",
      "r2_score_real",
      "r2_score_synth",
      "rmse_real",
      "rmse_synth",
      "ml_efficiency_gap_percent",
      "dcr_mean",
      "dcr_median",
      "dcr_share",
      "identical_matches_fraction",
      "authenticity"
    ],
    "vae_input_dim": 10,
    "vae_latent_dim": 8,
    "vae_num_heads": 5,
    "vae_epochs": 50
  },
  "folds": [
    {
      "ks_statistic_mean": 0.3579555300916348,
      "ks_statistic_per_feature_mean": 0.3579555300916348,
      "wasserstein_distance": 0.024343508399195142,
      "kl_divergence": 8.806112893954847,
      "js_divergence": 0.2650129492590033,
      "mmd": 0.018062674962515634,
      "swd": 0.030554867458805913,
      "correlation_similarity": 0.36865749594805786,
      "pairwise_correlation_diff": 5.682082536530614,
      "correlation_distance": 5.682082536530614,
      "r2_score_real": -0.4410834312438965,
      "r2_score_synth": 0.12493807077407837,
      "rmse_real": 0.06494092224055455,
      "rmse_synth": 0.050604981994643604,
      "ml_efficiency_gap_percent": 128.32526953500414,
      "dcr_mean": 0.06404105573892593,
      "dcr_median": 0.06493605673313141,
      "dcr_share": 0.4702549575070821,
      "identical_matches_fraction": 0.0,
      "authenticity": 0.4164305949008499,
      "fold": 1,
      "test_size": 89,
      "synth_size": 353,
      "vae_latent_dim": 8,
      "vae_num_heads": 5,
      "vae_input_dim": 10
    },
    {
      "ks_statistic_mean": 0.3300477802180702,
      "ks_statistic_per_feature_mean": 0.3300477802180702,
      "wasserstein_distance": 0.025904071206847828,
      "kl_divergence": 8.76640879382051,
      "js_divergence": 0.2672583802814908,
      "mmd": 0.019324574087209976,
      "swd": 0.031211282683781115,
      "correlation_similarity": 0.34859683379156325,
      "pairwise_correlation_diff": 5.862628495941071,
      "correlation_distance": 5.862628495941071,
      "r2_score_real": -0.12439882755279541,
      "r2_score_synth": -0.01190650463104248,
      "rmse_real": 0.05983241842968605,
      "rmse_synth": 0.05676054181351578,
      "ml_efficiency_gap_percent": 90.4287645910575,
      "dcr_mean": 0.06383629143238068,
      "dcr_median": 0.063907690346241,
      "dcr_share": 1.0,
      "identical_matches_fraction": 0.0,
      "authenticity": 0.5892351274787535,
      "fold": 2,
      "test_size": 89,
      "synth_size": 353,
      "vae_latent_dim": 8,
      "vae_num_heads": 5,
      "vae_input_dim": 10
    },
    {
      "ks_statistic_mean": 0.3148005478513953,
      "ks_statistic_per_feature_mean": 0.3148005478513953,
      "wasserstein_distance": 0.021689395730694134,
      "kl_divergence": 7.470349146309049,
      "js_divergence": 0.21835760482349842,
      "mmd": 0.015235868434586077,
      "swd": 0.02990044003559892,
      "correlation_similarity": 0.26632351107454877,
      "pairwise_correlation_diff": 6.603088400402429,
      "correlation_distance": 6.603088400402429,
      "r2_score_real": -0.336689829826355,
      "r2_score_synth": -0.342384934425354,
      "rmse_real": 0.05272971017832911,
      "rmse_synth": 0.05284192015634036,
      "ml_efficiency_gap_percent": 1.6914988498275183,
      "dcr_mean": 0.06982356309890747,
      "dcr_median": 0.06977105140686035,
      "dcr_share": 0.07909604519774012,
      "identical_matches_fraction": 0.0,
      "authenticity": 0.7288135593220338,
      "fold": 3,
      "test_size": 88,
      "synth_size": 354,
      "vae_latent_dim": 8,
      "vae_num_heads": 5,
      "vae_input_dim": 10
    },
    {
      "ks_statistic_mean": 0.31487188266849286,
      "ks_statistic_per_feature_mean": 0.31487188266849286,
      "wasserstein_distance": 0.022879565548565652,
      "kl_divergence": 8.34988360110892,
      "js_divergence": 0.21925432141571638,
      "mmd": 0.015609013815639224,
      "swd": 0.03203494010363464,
      "correlation_similarity": 0.29189678265566676,
      "pairwise_correlation_diff": 6.372928956169809,
      "correlation_distance": 6.372928956169809,
      "r2_score_real": -1.430372714996338,
      "r2_score_synth": -0.7537143230438232,
      "rmse_real": 0.045214616556606094,
      "rmse_synth": 0.03840801188530196,
      "ml_efficiency_gap_percent": 47.30643872455628,
      "dcr_mean": 0.06894133239984512,
      "dcr_median": 0.07411530613899231,
      "dcr_share": 0.3644067796610169,
      "identical_matches_fraction": 0.0,
      "authenticity": 0.4463276836158192,
      "fold": 4,
      "test_size": 88,
      "synth_size": 354,
      "vae_latent_dim": 8,
      "vae_num_heads": 5,
      "vae_input_dim": 10
    },
    {
      "ks_statistic_mean": 0.3492053301375335,
      "ks_statistic_per_feature_mean": 0.3492053301375335,
      "wasserstein_distance": 0.02139562751270003,
      "kl_divergence": 8.307896044924526,
      "js_divergence": 0.2284676951731164,
      "mmd": 0.013305005078136633,
      "swd": 0.028351682161383795,
      "correlation_similarity": 0.36788662915493897,
      "pairwise_correlation_diff": 5.689020337668761,
      "correlation_distance": 5.689020337668761,
      "r2_score_real": 0.021425366401672363,
      "r2_score_synth": 0.35730528831481934,
      "rmse_real": 0.05992560083190423,
      "rmse_synth": 0.048564372585190724,
      "ml_efficiency_gap_percent": 1567.6741093535265,
      "dcr_mean": 0.07015147805213928,
      "dcr_median": 0.06930239498615265,
      "dcr_share": 0.5903954802259888,
      "identical_matches_fraction": 0.0,
      "authenticity": 0.8333333333333334,
      "fold": 5,
      "test_size": 88,
      "synth_size": 354,
      "vae_latent_dim": 8,
      "vae_num_heads": 5,
      "vae_input_dim": 10
    }
  ],
  "summary": {
    "metrics_mean": {
      "ks_statistic_mean": 0.33337621419342534,
      "ks_statistic_per_feature_mean": 0.33337621419342534,
      "wasserstein_distance": 0.023242433679600556,
      "kl_divergence": 8.34013009602357,
      "js_divergence": 0.23967019019056507,
      "mmd": 0.016307427275617507,
      "swd": 0.030410642488640876,
      "correlation_similarity": 0.32867225052495513,
      "pairwise_correlation_diff": 6.041949745342537,
      "correlation_distance": 6.041949745342537,
      "r2_score_real": -0.4622238874435425,
      "r2_score_synth": -0.12515248060226442,
      "rmse_real": 0.05652865364741601,
      "rmse_synth": 0.04943596568699849,
      "ml_efficiency_gap_percent": 367.0852162107944,
      "dcr_mean": 0.0673587441444397,
      "dcr_median": 0.06840649992227554,
      "dcr_share": 0.5008306525183656,
      "identical_matches_fraction": 0.0,
      "authenticity": 0.602828059730158
    },
    "metrics_std": {
      "ks_statistic_mean": 0.01762525358432796,
      "ks_statistic_per_feature_mean": 0.01762525358432796,
      "wasserstein_distance": 0.0016882519381862008,
      "kl_divergence": 0.480937950584338,
      "js_divergence": 0.021908416451995195,
      "mmd": 0.0021370366439469944,
      "swd": 0.001248982984549938,
      "correlation_similarity": 0.041888845076676944,
      "pairwise_correlation_diff": 0.37699960569428126,
      "correlation_distance": 0.37699960569428126,
      "r2_score_real": 0.5102078483593205,
      "r2_score_synth": 0.3874055659170053,
      "rmse_real": 0.006865271758166836,
      "rmse_synth": 0.0061480400128071525,
      "ml_efficiency_gap_percent": 601.7856478705021,
      "dcr_mean": 0.0028211348854118336,
      "dcr_median": 0.003675278511081385,
      "dcr_share": 0.30152887790400446,
      "identical_matches_fraction": 0.0,
      "authenticity": 0.1602661397127935
    },