{
  "metadata": {
    "dataset": "online_news_popularity",
    "model": "DSBM_with_VAE",
    "n_folds": 5,
    "timestamp": "2025-12-30T04:45:09.808942",
    "evaluator_version": "2.0",
    "n_metrics": 20,
    "metrics_list": [
      "ks_statistic_mean",
      "ks_statistic_per_feature_mean",
      "wasserstein_distance",
      "kl_divergence",
      "js_divergence",
      "mmd",
      "swd",
      "correlation_similarity",
      "pairwise_correlation_diff",
      "correlation_distance",
      "r2_score_real",
      "r2_score_synth",
      "rmse_real",
      "rmse_synth",
      "ml_efficiency_gap_percent",
      "dcr_mean",
      "dcr_median",
      "dcr_share",
      "identical_matches_fraction",
      "authenticity"
    ],
    "vae_input_dim": 59,
    "vae_latent_dim": 8,
    "vae_num_heads": 1,
    "vae_epochs": 50
  },
  "folds": [
    {
      "ks_statistic_mean": 0.48762747735898143,
      "ks_statistic_per_feature_mean": 0.48762747735898143,
      "wasserstein_distance": 2313.3019422992247,
      "kl_divergence": 1.3376196088959889,
      "js_divergence": 0.14292184213380618,
      "mmd": 0.012555880305422009,
      "swd": 15306.654944099777,
      "correlation_similarity": 0.8050499283854379,
      "pairwise_correlation_diff": 11.307104153664097,
      "correlation_distance": 11.307104153664097,
      "r2_score_real": -0.4084881544113159,
      "r2_score_synth": 0.03048652410507202,
      "rmse_real": 5854.919640780734,
      "rmse_synth": 4857.59446640001,
      "ml_efficiency_gap_percent": 107.46325781441742,
      "dcr_mean": 36766.39453125,
      "dcr_median": 34689.6171875,
      "dcr_share": 0.4491250197067634,
      "identical_matches_fraction": 0.0,
      "authenticity": 0.9237269430868674,
      "fold": 1,
      "test_size": 7929,
      "synth_size": 31715,
      "vae_latent_dim": 8,
      "vae_num_heads": 1,
      "vae_input_dim": 59
    },
    {
      "ks_statistic_mean": 0.4646364748270465,
      "ks_statistic_per_feature_mean": 0.4646364748270465,
      "wasserstein_distance": 2375.7848216883704,
      "kl_divergence": 1.1499209282038243,
      "js_divergence": 0.132254837042879,
      "mmd": 0.012555880305422009,
      "swd": 14903.002625633804,
      "correlation_similarity": 0.8286711212303297,
      "pairwise_correlation_diff": 9.937074968658012,
      "correlation_distance": 9.937074968658012,
      "r2_score_real": -2.0431926250457764,
      "r2_score_synth": 0.024261534214019775,
      "rmse_real": 11867.137144231543,
      "rmse_synth": 6719.6702300038505,
      "ml_efficiency_gap_percent": 101.18743254633058,
      "dcr_mean": 42024.12109375,
      "dcr_median": 38703.12109375,
      "dcr_share": 0.3897209522308056,
      "identical_matches_fraction": 0.0,
      "authenticity": 0.9868201166640391,
      "fold": 2,
      "test_size": 7929,
      "synth_size": 31715,
      "vae_latent_dim": 8,
      "vae_num_heads": 1,
      "vae_input_dim": 59
    },
    {
      "ks_statistic_mean": 0.4731586294141409,
      "ks_statistic_per_feature_mean": 0.4731586294141409,
      "wasserstein_distance": 2542.430990314617,
      "kl_divergence": 1.0636304539575585,
      "js_divergence": 0.12746648954193193,
      "mmd": 0.012555880305752705,
      "swd": 16121.105491069478,
      "correlation_similarity": 0.8321707009482913,
      "pairwise_correlation_diff": 9.73409934501589,
      "correlation_distance": 9.73409934501589,
      "r2_score_real": -0.20890963077545166,
      "r2_score_synth": -0.00303041934967041,
      "rmse_real": 10012.940826750151,
      "rmse_synth": 9120.56577192446,
      "ml_efficiency_gap_percent": 98.54941137063821,
      "dcr_mean": 37564.28515625,
      "dcr_median": 35035.8828125,
      "dcr_share": 0.3742708497556361,
      "identical_matches_fraction": 0.0,
      "authenticity": 0.9756266750748857,
      "fold": 3,
      "test_size": 7929,
      "synth_size": 31715,
      "vae_latent_dim": 8,
      "vae_num_heads": 1,
      "vae_input_dim": 59
    },
    {
      "ks_statistic_mean": 0.462766079340618,
      "ks_statistic_per_feature_mean": 0.462766079340618,
      "wasserstein_distance": 2422.653970928991,
      "kl_divergence": 1.139965643628588,
      "js_divergence": 0.12784904501415048,
      "mmd": 0.012555880305422009,
      "swd": 15042.265741342462,
      "correlation_similarity": 0.8349045496189764,
      "pairwise_correlation_diff": 9.575536122115878,
      "correlation_distance": 9.575536122115878,
      "r2_score_real": -7.7852067947387695,
      "r2_score_synth": 0.00015628337860107422,
      "rmse_real": 18068.29001316948,
      "rmse_synth": 6095.468808877624,
      "ml_efficiency_gap_percent": 100.00200744029955,
      "dcr_mean": 40300.75390625,
      "dcr_median": 36752.76953125,
      "dcr_share": 0.3715907299385149,
      "identical_matches_fraction": 0.0,
      "authenticity": 0.9671764149456094,
      "fold": 4,
      "test_size": 7929,
      "synth_size": 31715,
      "vae_latent_dim": 8,
      "vae_num_heads": 1,
      "vae_input_dim": 59
    },
    {
      "ks_statistic_mean": 0.4918091292852199,
      "ks_statistic_per_feature_mean": 0.4918091292852199,
      "wasserstein_distance": 2510.7355072070795,
      "kl_divergence": 1.2688318832113987,
      "js_divergence": 0.13749087107730543,
      "mmd": 0.012556474193384065,
      "swd": 15112.371748286754,
      "correlation_similarity": 0.8352006465453394,
      "pairwise_correlation_diff": 9.558362500386796,
      "correlation_distance": 9.558362500386796,
      "r2_score_real": -0.19215834140777588,
      "r2_score_synth": 0.01881587505340576,
      "rmse_real": 8025.958135948629,
      "rmse_synth": 7281.236982820982,
      "ml_efficiency_gap_percent": 109.79185962761665,
      "dcr_mean": 40659.671875,
      "dcr_median": 38822.046875,
      "dcr_share": 0.45547988397023587,
      "identical_matches_fraction": 0.0,
      "authenticity": 0.950182872997856,
      "fold": 5,
      "test_size": 7928,
      "synth_size": 31716,
      "vae_latent_dim": 8,
      "vae_num_heads": 1,
      "vae_input_dim": 59
    }
  ],
  "summary": {
    "metrics_mean": {
      "ks_statistic_mean": 0.4759995580452013,
      "ks_statistic_per_feature_mean": 0.4759995580452013,
      "wasserstein_distance": 2432.9814464876567,
      "kl_divergence": 1.1919937035794717,
      "js_divergence": 0.1335966169620146,
      "mmd": 0.01255599908308056,
      "swd": 15297.080110086454,
      "correlation_similarity": 0.8271993893456748,
      "pairwise_correlation_diff": 10.022435417968135,
      "correlation_distance": 10.022435417968135,
      "r2_score_real": -2.127591109275818,
      "r2_score_synth": 0.014137959480285645,
      "rmse_real": 10765.849152176108,
      "rmse_synth": 6814.907252005386,
      "ml_efficiency_gap_percent": 103.39879375986047,
      "dcr_mean": 39463.0453125,
      "dcr_median": 36800.6875,
      "dcr_share": 0.4080374871203912,
      "identical_matches_fraction": 0.0,
      "authenticity": 0.9607066045538515
    },
    "metrics_std": {
      "ks_statistic_mean": 0.01181072855242347,
      "ks_statistic_per_feature_mean": 0.01181072855242347,
      "wasserstein_distance": 84.52951078164766,
      "kl_divergence": 0.09804608248366023,
      "js_divergence": 0.005908273156393404,
      "mmd": 2.375551517530548e-07,
      "swd": 432.07733361986425,
      "correlation_similarity": 0.011321379476301721,
      "pairwise_correlation_diff": 0.656640009626631,
      "correlation_distance": 0.656640009626631,
      "r2_score_real": 2.911985299854322,
      "r2_score_synth": 0.013280705727112976,
      "rmse_real": 4164.842858090685,
      "rmse_synth": 1406.5034470503122,
      "ml_efficiency_gap_percent": 4.412163743892878,
      "dcr_mean": 1978.3829529394568,
      "dcr_median": 1748.0616054704067,
      "dcr_share": 0.03672332694964681,
      "identical_matches_fraction": 0.0,
      "authenticity": 0.022021020656010696
    },
    "metrics_min": {
      "ks_statistic_mean": 0.462766079340618,