{
  "metadata": {
    "dataset": "online_shoppers",
    "model": "DSBM_with_VAE",
    "n_folds": 5,
    "timestamp": "2025-12-30T07:29:43.365259",
    "evaluator_version": "2.0",
    "n_metrics": 20,
    "metrics_list": [
      "ks_statistic_mean",
      "ks_statistic_per_feature_mean",
      "wasserstein_distance",
      "kl_divergence",
      "js_divergence",
      "mmd",
      "swd",
      "correlation_similarity",
      "pairwise_correlation_diff",
      "correlation_distance",
      "r2_score_real",
      "r2_score_synth",
      "rmse_real",
      "rmse_synth",
      "ml_efficiency_gap_percent",
      "dcr_mean",
      "dcr_median",
      "dcr_share",
      "identical_matches_fraction",
      "authenticity"
    ],
    "vae_input_dim": 15,
    "vae_latent_dim": 8,
    "vae_num_heads": 5,
    "vae_epochs": 50
  },
  "folds": [
    {
      "ks_statistic_mean": 0.529378113775924,
      "ks_statistic_per_feature_mean": 0.529378113775924,
      "wasserstein_distance": 30.292073509921984,
      "kl_divergence": 1.8997402707753046,
      "js_divergence": 0.09802075508566006,
      "mmd": 0.02744547362674454,
      "swd": 116.21121521545396,
      "correlation_similarity": 0.6893798095487225,
      "pairwise_correlation_diff": 4.348682666348947,
      "correlation_distance": 4.348682666348947,
      "r2_score_real": -0.05669975280761719,
      "r2_score_synth": -0.5698609352111816,
      "rmse_real": 0.4370312222865031,
      "rmse_synth": 0.5326810523626146,
      "ml_efficiency_gap_percent": 905.050122784001,
      "dcr_mean": 37.482818603515625,
      "dcr_median": 15.980535507202148,
      "dcr_share": 0.5501824817518248,
      "identical_matches_fraction": 0.0,
      "authenticity": 0.4334955393349554,
      "fold": 1,
      "test_size": 2466,
      "synth_size": 9864,
      "vae_latent_dim": 8,
      "vae_num_heads": 5,
      "vae_input_dim": 15
    },
    {
      "ks_statistic_mean": 0.47587185725871867,
      "ks_statistic_per_feature_mean": 0.47587185725871867,
      "wasserstein_distance": 36.86805832938158,
      "kl_divergence": 0.6494066141231428,
      "js_divergence": 0.05751185986525708,
      "mmd": 0.02588955246227098,
      "swd": 288.6062566703054,
      "correlation_similarity": 0.800841975872636,
      "pairwise_correlation_diff": 2.7882123378030133,
      "correlation_distance": 2.7882123378030133,
      "r2_score_real": -0.18721961975097656,
      "r2_score_synth": -0.05686604976654053,
      "rmse_real": 0.48779009721768035,
      "rmse_synth": 0.46023263216376703,
      "ml_efficiency_gap_percent": 69.62602004951252,
      "dcr_mean": 40.34938430786133,
      "dcr_median": 20.168167114257812,
      "dcr_share": 0.5645782643957826,
      "identical_matches_fraction": 0.0,
      "authenticity": 0.5473438767234388,
      "fold": 2,
      "test_size": 2466,
      "synth_size": 9864,
      "vae_latent_dim": 8,
      "vae_num_heads": 5,
      "vae_input_dim": 15
    },
    {
      "ks_statistic_mean": 0.5135268219209825,
      "ks_statistic_per_feature_mean": 0.5135268219209825,
      "wasserstein_distance": 44.49746183033234,
      "kl_divergence": 0.7200075931186157,
      "js_divergence": 0.08065282387897087,
      "mmd": 0.025738318326400937,
      "swd": 167.0937338100431,
      "correlation_similarity": 0.7247377875490093,
      "pairwise_correlation_diff": 3.8536709743413953,
      "correlation_distance": 3.8536709743413953,
      "r2_score_real": -0.11917233467102051,
      "r2_score_synth": -0.12718617916107178,
      "rmse_real": 0.44843183507232104,
      "rmse_synth": 0.450034487250492,
      "ml_efficiency_gap_percent": 6.724584621232582,
      "dcr_mean": 37.35216522216797,
      "dcr_median": 17.53936767578125,
      "dcr_share": 0.5469383617193836,
      "identical_matches_fraction": 0.0,
      "authenticity": 0.4957420924574209,
      "fold": 3,
      "test_size": 2466,
      "synth_size": 9864,
      "vae_latent_dim": 8,
      "vae_num_heads": 5,
      "vae_input_dim": 15
    },
    {
      "ks_statistic_mean": 0.5333898157803267,
      "ks_statistic_per_feature_mean": 0.5333898157803267,
      "wasserstein_distance": 43.60478986686628,
      "kl_divergence": 1.8866133799635223,
      "js_divergence": 0.08248582176322965,
      "mmd": 0.02456935336472542,
      "swd": 173.8438854025513,
      "correlation_similarity": 0.7711877123637415,
      "pairwise_correlation_diff": 3.2033720269305,
      "correlation_distance": 3.2033720269305,
      "r2_score_real": -0.12668097019195557,
      "r2_score_synth": -0.24546802043914795,
      "rmse_real": 0.4590003802167028,
      "rmse_synth": 0.48259060337607157,
      "ml_efficiency_gap_percent": 93.76866159707983,
      "dcr_mean": 41.291221618652344,
      "dcr_median": 20.82468605041504,
      "dcr_share": 0.43856447688564476,
      "identical_matches_fraction": 0.0,
      "authenticity": 0.4859083536090835,
      "fold": 4,
      "test_size": 2466,
      "synth_size": 9864,
      "vae_latent_dim": 8,
      "vae_num_heads": 5,
      "vae_input_dim": 15
    },
    {
      "ks_statistic_mean": 0.5037582551268682,
      "ks_statistic_per_feature_mean": 0.5037582551268682,
      "wasserstein_distance": 35.8172012342007,
      "kl_divergence": 1.3892838285466045,
      "js_divergence": 0.07165200973910353,
      "mmd": 0.02507831830006214,
      "swd": 134.56002355006171,
      "correlation_similarity": 0.7546296586013805,
      "pairwise_correlation_diff": 3.4351847796052093,
      "correlation_distance": 3.4351847796052093,
      "r2_score_real": -0.11795330047607422,
      "r2_score_synth": -0.06983613967895508,
      "rmse_real": 0.44818754839680786,
      "rmse_synth": 0.4384363916427948,
      "ml_efficiency_gap_percent": 40.793399254545896,
      "dcr_mean": 40.28611373901367,
      "dcr_median": 20.468233108520508,
      "dcr_share": 0.4932076236820762,
      "identical_matches_fraction": 0.0,
      "authenticity": 0.5049675587996756,
      "fold": 5,
      "test_size": 2466,
      "synth_size": 9864,
      "vae_latent_dim": 8,
      "vae_num_heads": 5,
      "vae_input_dim": 15
    }
  ],
  "summary": {
    "metrics_mean": {
      "ks_statistic_mean": 0.5111849727725641,
      "ks_statistic_per_feature_mean": 0.5111849727725641,
      "wasserstein_distance": 38.21591695414058,
      "kl_divergence": 1.309010337305438,
      "js_divergence": 0.07806465406644424,
      "mmd": 0.025744203216040807,
      "swd": 176.0630229296831,
      "correlation_similarity": 0.748155388787098,
      "pairwise_correlation_diff": 3.525824557005813,
      "correlation_distance": 3.525824557005813,
      "r2_score_real": -0.12154519557952881,
      "r2_score_synth": -0.2138434648513794,
      "rmse_real": 0.4560882166380031,
      "rmse_synth": 0.4727950333591481,
      "ml_efficiency_gap_percent": 223.19255766127435,
      "dcr_mean": 39.35234069824219,
      "dcr_median": 18.99619789123535,
      "dcr_share": 0.5186942416869423,
      "identical_matches_fraction": 0.0,
      "authenticity": 0.49349148418491484
    },
    "metrics_std": {
      "ks_statistic_mean": 0.020648011779755216,
      "ks_statistic_per_feature_mean": 0.020648011779755216,
      "wasserstein_distance": 5.269831348478424,
      "kl_divergence": 0.5424080137455177,
      "js_divergence": 0.013326895147903334,
      "mmd": 0.0009735663244078964,
      "swd": 60.09341065980242,
      "correlation_similarity": 0.03834379563956079,
      "pairwise_correlation_diff": 0.536813138957685,
      "correlation_distance": 0.536813138957685,
      "r2_score_real": 0.0413834986407179,
      "r2_score_synth": 0.1900726468646987,
      "rmse_real": 0.017307222192177882,
      "rmse_synth": 0.03328261139871904,
      "ml_efficiency_gap_percent": 342.16686040618856,
      "dcr_mean": 1.6199445714248402,
      "dcr_median": 1.9026477540539561,
      "dcr_share": 0.04682932846662063,
      "identical_matches_fraction": 0.0,
      "authenticity": 0.036589241522755236
    },