{
  "metadata": {
    "dataset": "german_credit",
    "model": "DSBM_with_VAE",
    "n_folds": 5,
    "timestamp": "2025-12-30T09:54:17.170587",
    "evaluator_version": "2.0",
    "n_metrics": 20,
    "metrics_list": [
      "ks_statistic_mean",
      "ks_statistic_per_feature_mean",
      "wasserstein_distance",
      "kl_divergence",
      "js_divergence",
      "mmd",
      "swd",
      "correlation_similarity",
      "pairwise_correlation_diff",
      "correlation_distance",
      "r2_score_real",
      "r2_score_synth",
      "rmse_real",
      "rmse_synth",
      "ml_efficiency_gap_percent",
      "dcr_mean",
      "dcr_median",
      "dcr_share",
      "identical_matches_fraction",
      "authenticity"
    ],
    "vae_input_dim": 7,
    "vae_latent_dim": 8,
    "vae_num_heads": 7,
    "vae_epochs": 50
  },
  "folds": [
    {
      "ks_statistic_mean": 0.5333333333333333,
      "ks_statistic_per_feature_mean": 0.5333333333333333,
      "wasserstein_distance": 126.51071377595265,
      "kl_divergence": 15.011257851074332,
      "js_divergence": 0.41385476363503626,
      "mmd": 0.2532915721925129,
      "swd": 321.6472562896827,
      "correlation_similarity": 0.4392036015043653,
      "pairwise_correlation_diff": 3.364778391029888,
      "correlation_distance": 3.364778391029888,
      "r2_score_real": -0.7446914911270142,
      "r2_score_synth": -0.00036656856536865234,
      "rmse_real": 0.4716440981120488,
      "rmse_synth": 0.35713684724110745,
      "ml_efficiency_gap_percent": 99.95077578168458,
      "dcr_mean": 26.813398361206055,
      "dcr_median": 10.59863567352295,
      "dcr_share": 0.17,
      "identical_matches_fraction": 0.0,
      "authenticity": 0.08625,
      "fold": 1,
      "test_size": 200,
      "synth_size": 800,
      "vae_latent_dim": 8,
      "vae_num_heads": 7,
      "vae_input_dim": 7
    },
    {
      "ks_statistic_mean": 0.49562500000000004,
      "ks_statistic_per_feature_mean": 0.49562500000000004,
      "wasserstein_distance": 127.07489622135957,
      "kl_divergence": 12.66579984044912,
      "js_divergence": 0.4349546256540268,
      "mmd": 0.0944862356074486,
      "swd": 427.8622829324462,
      "correlation_similarity": 0.13869152706212295,
      "pairwise_correlation_diff": 5.167850837713393,
      "correlation_distance": 5.167850837713393,
      "r2_score_real": -0.13210201263427734,
      "r2_score_synth": -0.0102766752243042,
      "rmse_real": 0.44430880620936636,
      "rmse_synth": 0.4197225230552027,
      "ml_efficiency_gap_percent": 92.2206520405143,
      "dcr_mean": 25.388343811035156,
      "dcr_median": 16.39618682861328,
      "dcr_share": 0.60375,
      "identical_matches_fraction": 0.0,
      "authenticity": 0.18875,
      "fold": 2,
      "test_size": 200,
      "synth_size": 800,
      "vae_latent_dim": 8,
      "vae_num_heads": 7,
      "vae_input_dim": 7
    },
    {
      "ks_statistic_mean": 0.46187500000000004,
      "ks_statistic_per_feature_mean": 0.46187500000000004,
      "wasserstein_distance": 216.82751840353012,
      "kl_divergence": 7.2816472227893305,
      "js_divergence": 0.37007421359102705,
      "mmd": 0.08461786007904742,
      "swd": 742.584793994723,
      "correlation_similarity": 0.15069785591521778,
      "pairwise_correlation_diff": 5.095812864593624,
      "correlation_distance": 5.095812864593624,
      "r2_score_real": -0.24441659450531006,
      "r2_score_synth": -0.06718528270721436,
      "rmse_real": 0.4830404786549105,
      "rmse_synth": 0.4473223088089653,
      "ml_efficiency_gap_percent": 72.51197986650831,
      "dcr_mean": 26.84197235107422,
      "dcr_median": 20.37590789794922,
      "dcr_share": 0.5225,
      "identical_matches_fraction": 0.0,
      "authenticity": 0.36,
      "fold": 3,
      "test_size": 200,
      "synth_size": 800,
      "vae_latent_dim": 8,
      "vae_num_heads": 7,
      "vae_input_dim": 7
    },
    {
      "ks_statistic_mean": 0.5133333333333334,
      "ks_statistic_per_feature_mean": 0.5133333333333334,
      "wasserstein_distance": 322.3908039977153,
      "kl_divergence": 10.422373925533607,
      "js_divergence": 0.35840328107516944,
      "mmd": 0.17430494506482505,
      "swd": 882.1893716500249,
      "correlation_similarity": 0.22872534336525985,
      "pairwise_correlation_diff": 4.627647939885568,
      "correlation_distance": 4.627647939885568,
      "r2_score_real": -0.3418930768966675,
      "r2_score_synth": -0.7850344181060791,
      "rmse_real": 0.483727838048013,
      "rmse_synth": 0.5579116498091498,
      "ml_efficiency_gap_percent": 129.61401419173663,
      "dcr_mean": 23.881267547607422,
      "dcr_median": 23.174732208251953,
      "dcr_share": 0.22625,
      "identical_matches_fraction": 0.0,
      "authenticity": 0.5375,
      "fold": 4,
      "test_size": 200,
      "synth_size": 800,
      "vae_latent_dim": 8,
      "vae_num_heads": 7,
      "vae_input_dim": 7
    },
    {
      "ks_statistic_mean": 0.45729166666666665,
      "ks_statistic_per_feature_mean": 0.45729166666666665,
      "wasserstein_distance": 281.84347962836426,
      "kl_divergence": 12.079636793243777,
      "js_divergence": 0.3871499704594561,
      "mmd": 0.10827014452293897,
      "swd": 898.1893941493738,
      "correlation_similarity": 0.16405304890746075,
      "pairwise_correlation_diff": 5.01568170663883,
      "correlation_distance": 5.01568170663883,
      "r2_score_real": -0.4152696132659912,
      "r2_score_synth": -0.031040430068969727,
      "rmse_real": 0.3934400973791023,
      "rmse_synth": 0.3358125121455472,
      "ml_efficiency_gap_percent": 92.52523443147102,
      "dcr_mean": 32.63775634765625,
      "dcr_median": 22.04981231689453,
      "dcr_share": 0.4575,
      "identical_matches_fraction": 0.0,
      "authenticity": 0.4225,
      "fold": 5,
      "test_size": 200,
      "synth_size": 800,
      "vae_latent_dim": 8,
      "vae_num_heads": 7,
      "vae_input_dim": 7
    }
  ],
  "summary": {
    "metrics_mean": {
      "ks_statistic_mean": 0.49229166666666674,
      "ks_statistic_per_feature_mean": 0.49229166666666674,
      "wasserstein_distance": 214.9294824053844,
      "kl_divergence": 11.492143126618034,
      "js_divergence": 0.3928873708829431,
      "mmd": 0.14299415149335457,
      "swd": 654.4946198032501,
      "correlation_similarity": 0.22427427535088534,
      "pairwise_correlation_diff": 4.65435434797226,
      "correlation_distance": 4.65435434797226,
      "r2_score_real": -0.37567455768585206,
      "r2_score_synth": -0.1787806749343872,
      "rmse_real": 0.4552322636806882,
      "rmse_synth": 0.42358116821199443,
      "ml_efficiency_gap_percent": 97.36453126238297,
      "dcr_mean": 27.11254768371582,
      "dcr_median": 18.519054985046388,
      "dcr_share": 0.396,
      "identical_matches_fraction": 0.0,
      "authenticity": 0.31899999999999995
    },
    "metrics_std": {
      "ks_statistic_mean": 0.0292863615394986,
      "ks_statistic_per_feature_mean": 0.0292863615394986,
      "wasserstein_distance": 79.4548024513167,
      "kl_divergence": 2.5682472324088415,
      "js_divergence": 0.02811332723784762,
      "mmd": 0.06342310741350674,
      "swd": 237.12507474525378,
      "correlation_similarity": 0.11187396449866137,
      "pairwise_correlation_diff": 0.6712437870031557,
      "correlation_distance": 0.6712437870031557,
      "r2_score_real": 0.2075758616208683,
      "r2_score_synth": 0.30398996822219937,
      "rmse_real": 0.03403597105225388,
      "rmse_synth": 0.07841096092053383,
      "ml_efficiency_gap_percent": 18.51618431575863,
      "dcr_mean": 2.9700061420963513,
      "dcr_median": 4.578844652599198,
      "dcr_share": 0.16901812033033614,
      "identical_matches_fraction": 0.0,
      "authenticity": 0.16203278989142905
    },
    "metrics_min": {
      "ks_statistic_mean": 0.45729166666666665,
      "ks_statistic_per_feature_mean": 0.45729166666666665,
      "wasserstein_distance": 126.51071377595265,
      "kl_divergence": 7.2816472227893305,