{
  "metadata": {
    "dataset": "adult_numeric",
    "model": "DSBM_with_VAE",
    "n_folds": 5,
    "timestamp": "2025-12-30T06:29:08.811184",
    "evaluator_version": "2.0",
    "n_metrics": 20,
    "metrics_list": [
      "ks_statistic_mean",
      "ks_statistic_per_feature_mean",
      "wasserstein_distance",
      "kl_divergence",
      "js_divergence",
      "mmd",
      "swd",
      "correlation_similarity",
      "pairwise_correlation_diff",
      "correlation_distance",
      "r2_score_real",
      "r2_score_synth",
      "rmse_real",
      "rmse_synth",
      "ml_efficiency_gap_percent",
      "dcr_mean",
      "dcr_median",
      "dcr_share",
      "identical_matches_fraction",
      "authenticity"
    ],
    "vae_input_dim": 11,
    "vae_latent_dim": 8,
    "vae_num_heads": 1,
    "vae_epochs": 50
  },
  "folds": [
    {
      "ks_statistic_mean": 0.44077500000000003,
      "ks_statistic_per_feature_mean": 0.44077500000000003,
      "wasserstein_distance": 8.508998324722052,
      "kl_divergence": 4.034465933944285,
      "js_divergence": 0.22039760807107003,
      "mmd": 0.05207427417361261,
      "swd": 20.371556179130337,
      "correlation_similarity": 0.636722878782833,
      "pairwise_correlation_diff": 3.632771212207998,
      "correlation_distance": 3.632771212207998,
      "r2_score_real": -0.2583286762237549,
      "r2_score_synth": -0.9079385995864868,
      "rmse_real": 0.5140515798782843,
      "rmse_synth": 0.6329827020897101,
      "ml_efficiency_gap_percent": 251.46643913433113,
      "dcr_mean": 29.624046325683594,
      "dcr_median": 31.839263916015625,
      "dcr_share": 0.44725,
      "identical_matches_fraction": 0.0,
      "authenticity": 0.82325,
      "fold": 1,
      "test_size": 1000,
      "synth_size": 4000,
      "vae_latent_dim": 8,
      "vae_num_heads": 1,
      "vae_input_dim": 11
    },
    {
      "ks_statistic_mean": 0.47925000000000006,
      "ks_statistic_per_feature_mean": 0.47925000000000006,
      "wasserstein_distance": 8.799325345829129,
      "kl_divergence": 3.117909627667085,
      "js_divergence": 0.21764675249411525,
      "mmd": 0.05293349901848469,
      "swd": 22.522053764902136,
      "correlation_similarity": 0.6450897957977275,
      "pairwise_correlation_diff": 3.5491020420582156,
      "correlation_distance": 3.5491020420582156,
      "r2_score_real": -0.3222619295120239,
      "r2_score_synth": -0.1631382703781128,
      "rmse_real": 0.5190798871035209,
      "rmse_synth": 0.4868454690138054,
      "ml_efficiency_gap_percent": 49.377119840019475,
      "dcr_mean": 30.00122833251953,
      "dcr_median": 33.799171447753906,
      "dcr_share": 0.23675,
      "identical_matches_fraction": 0.0,
      "authenticity": 0.82775,
      "fold": 2,
      "test_size": 1000,
      "synth_size": 4000,
      "vae_latent_dim": 8,
      "vae_num_heads": 1,
      "vae_input_dim": 11
    },
    {
      "ks_statistic_mean": 0.41644999999999993,
      "ks_statistic_per_feature_mean": 0.41644999999999993,
      "wasserstein_distance": 9.085932254046202,
      "kl_divergence": 3.745942906273106,
      "js_divergence": 0.22336684472606985,
      "mmd": 0.06516406248099549,
      "swd": 23.099446394965245,
      "correlation_similarity": 0.6218690376970559,
      "pairwise_correlation_diff": 3.7813096230672536,
      "correlation_distance": 3.7813096230672536,
      "r2_score_real": -0.055254578590393066,
      "r2_score_synth": -0.5727028846740723,
      "rmse_real": 0.45605998066805803,
      "rmse_synth": 0.556758292627606,
      "ml_efficiency_gap_percent": 936.4804135410532,
      "dcr_mean": 29.852184295654297,
      "dcr_median": 33.19475173950195,
      "dcr_share": 0.34525,
      "identical_matches_fraction": 0.0,
      "authenticity": 0.95575,
      "fold": 3,
      "test_size": 1000,
      "synth_size": 4000,
      "vae_latent_dim": 8,
      "vae_num_heads": 1,
      "vae_input_dim": 11
    },
    {
      "ks_statistic_mean": 0.488525,
      "ks_statistic_per_feature_mean": 0.488525,
      "wasserstein_distance": 8.437690322101115,
      "kl_divergence": 3.70923878610679,
      "js_divergence": 0.22738244232450558,
      "mmd": 0.06386229875489749,
      "swd": 20.583043294108073,
      "correlation_similarity": 0.6030468842986301,
      "pairwise_correlation_diff": 3.9695311570533947,
      "correlation_distance": 3.9695311570533947,
      "r2_score_real": -0.2930237054824829,
      "r2_score_synth": -0.487155556678772,
      "rmse_real": 0.4956230122885947,
      "rmse_synth": 0.5315283438839553,
      "ml_efficiency_gap_percent": 66.25124437513959,
      "dcr_mean": 31.027141571044922,
      "dcr_median": 36.787811279296875,
      "dcr_share": 0.44475,
      "identical_matches_fraction": 0.0,
      "authenticity": 0.87475,
      "fold": 4,
      "test_size": 1000,
      "synth_size": 4000,
      "vae_latent_dim": 8,
      "vae_num_heads": 1,
      "vae_input_dim": 11
    },
    {
      "ks_statistic_mean": 0.472675,
      "ks_statistic_per_feature_mean": 0.472675,
      "wasserstein_distance": 9.145380748435855,
      "kl_divergence": 4.051381536668274,
      "js_divergence": 0.24094060493711575,
      "mmd": 0.053773978111102065,
      "swd": 21.63758808893618,
      "correlation_similarity": 0.6084626221315443,
      "pairwise_correlation_diff": 3.91537377872371,
      "correlation_distance": 3.91537377872371,
      "r2_score_real": -0.32112550735473633,
      "r2_score_synth": 0.022237956523895264,
      "rmse_real": 0.5041672082640626,
      "rmse_synth": 0.4337296831281302,
      "ml_efficiency_gap_percent": 106.92500471453666,
      "dcr_mean": 24.836074829101562,
      "dcr_median": 24.958391189575195,
      "dcr_share": 0.393,
      "identical_matches_fraction": 0.0,
      "authenticity": 0.90675,
      "fold": 5,
      "test_size": 1000,
      "synth_size": 4000,
      "vae_latent_dim": 8,
      "vae_num_heads": 1,
      "vae_input_dim": 11
    }
  ],
  "summary": {
    "metrics_mean": {
      "ks_statistic_mean": 0.4595350000000001,
      "ks_statistic_per_feature_mean": 0.4595350000000001,
      "wasserstein_distance": 8.79546539902687,
      "kl_divergence": 3.731787758131908,
      "js_divergence": 0.22594685051057528,
      "mmd": 0.05756162250781847,
      "swd": 21.642737544408398,
      "correlation_similarity": 0.6230382437415581,
      "pairwise_correlation_diff": 3.769617562622114,
      "correlation_distance": 3.769617562622114,
      "r2_score_real": -0.24999887943267823,
      "r2_score_synth": -0.42173947095870973,
      "rmse_real": 0.49779633364050413,
      "rmse_synth": 0.5283688981486414,
      "ml_efficiency_gap_percent": 282.100044321016,
      "dcr_mean": 29.068135070800782,
      "dcr_median": 32.11587791442871,
      "dcr_share": 0.3734,
      "identical_matches_fraction": 0.0,
      "authenticity": 0.87765
    },
    "metrics_std": {
      "ks_statistic_mean": 0.026870116300455445,
      "ks_statistic_per_feature_mean": 0.026870116300455445,
      "wasserstein_distance": 0.28875354028518574,
      "kl_divergence": 0.338026461926736,
      "js_divergence": 0.008163525515890264,
      "mmd": 0.005716159262401244,
      "swd": 1.061515725305609,
      "correlation_similarity": 0.01604375532578321,
      "pairwise_correlation_diff": 0.1604375532594366,
      "correlation_distance": 0.1604375532594366,
      "r2_score_real": 0.10012672918664624,
      "r2_score_synth": 0.324792040015065,
      "rmse_real": 0.022380604133366632,
      "rmse_synth": 0.06699367728087677,
      "ml_efficiency_gap_percent": 334.8399748851622,
      "dcr_mean": 2.169906629453616,
      "dcr_median": 3.9276084004417586,
      "dcr_share": 0.0779672367087612,
      "identical_matches_fraction": 0.0,
      "authenticity": 0.04980803148087664
    },
    "metrics_min": {
      "ks_statistic_mean": 0.41644999999999993,
      "ks_statistic_per_feature_mean": 0.41644999999999993,
      "wasserstein_distance": 8.437690322101115,
      "kl_divergence": 3.117909627667085,