{
  "metadata": {
    "dataset": "covertype",
    "model": "DSBM_with_VAE",
    "n_folds": 5,
    "timestamp": "2025-12-30T09:02:52.702889",
    "evaluator_version": "2.0",
    "n_metrics": 20,
    "metrics_list": [
      "ks_statistic_mean",
      "ks_statistic_per_feature_mean",
      "wasserstein_distance",
      "kl_divergence",
      "js_divergence",
      "mmd",
      "swd",
      "correlation_similarity",
      "pairwise_correlation_diff",
      "correlation_distance",
      "r2_score_real",
      "r2_score_synth",
      "rmse_real",
      "rmse_synth",
      "ml_efficiency_gap_percent",
      "dcr_mean",
      "dcr_median",
      "dcr_share",
      "identical_matches_fraction",
      "authenticity"
    ],
    "vae_input_dim": 54,
    "vae_latent_dim": 8,
    "vae_num_heads": 6,
    "vae_epochs": 50
  },
  "folds": [
    {
      "ks_statistic_mean": 0.5798372641509435,
      "ks_statistic_per_feature_mean": 0.5798372641509435,
      "wasserstein_distance": 36.40424308988482,
      "kl_divergence": 0.8669184422088974,
      "js_divergence": 0.08021931838333705,
      "mmd": 0.025002736334034353,
      "swd": 181.3376074068836,
      "correlation_similarity": 0.7907475151749705,
      "pairwise_correlation_diff": 11.090381695747483,
      "correlation_distance": 11.090381695747483,
      "r2_score_real": 0.35569220781326294,
      "r2_score_synth": -0.0639423131942749,
      "rmse_real": 0.0692536376043352,
      "rmse_synth": 0.08899281603236484,
      "ml_efficiency_gap_percent": 117.97686645636172,
      "dcr_mean": 187.5775146484375,
      "dcr_median": 186.8544921875,
      "dcr_share": 0.469125,
      "identical_matches_fraction": 0.0,
      "authenticity": 0.300375,
      "fold": 1,
      "test_size": 2000,
      "synth_size": 8000,
      "vae_latent_dim": 8,
      "vae_num_heads": 6,
      "vae_input_dim": 54
    },
    {
      "ks_statistic_mean": 0.5788962264150942,
      "ks_statistic_per_feature_mean": 0.5788962264150942,
      "wasserstein_distance": 34.57314869021323,
      "kl_divergence": 0.8466559382242711,
      "js_divergence": 0.08332250239477942,
      "mmd": 0.02500136161837675,
      "swd": 172.99200729745084,
      "correlation_similarity": 0.8360622022869761,
      "pairwise_correlation_diff": 8.68870327880666,
      "correlation_distance": 8.68870327880666,
      "r2_score_real": -0.2179856300354004,
      "r2_score_synth": -0.007665514945983887,
      "rmse_real": 0.09521754823413947,
      "rmse_synth": 0.08660721995690163,
      "ml_efficiency_gap_percent": 96.48347694077862,
      "dcr_mean": 198.5161895751953,
      "dcr_median": 200.15557861328125,
      "dcr_share": 0.53175,
      "identical_matches_fraction": 0.0,
      "authenticity": 0.592875,
      "fold": 2,
      "test_size": 2000,
      "synth_size": 8000,
      "vae_latent_dim": 8,
      "vae_num_heads": 6,
      "vae_input_dim": 54
    },
    {
      "ks_statistic_mean": 0.5824245283018868,
      "ks_statistic_per_feature_mean": 0.5824245283018868,
      "wasserstein_distance": 35.827802487151914,
      "kl_divergence": 0.6091401779835803,
      "js_divergence": 0.06822529947758164,
      "mmd": 0.025001826187520386,
      "swd": 180.4025361569499,
      "correlation_similarity": 0.825354954340328,
      "pairwise_correlation_diff": 9.256187419980076,
      "correlation_distance": 9.256187419980076,
      "r2_score_real": 0.33582305908203125,
      "r2_score_synth": 0.1620039939880371,
      "rmse_real": 0.11409588286078785,
      "rmse_synth": 0.1281589753764129,
      "ml_efficiency_gap_percent": 51.75912147579345,
      "dcr_mean": 177.71112060546875,
      "dcr_median": 175.04335021972656,
      "dcr_share": 0.538125,
      "identical_matches_fraction": 0.0,
      "authenticity": 0.472,
      "fold": 3,
      "test_size": 2000,
      "synth_size": 8000,
      "vae_latent_dim": 8,
      "vae_num_heads": 6,
      "vae_input_dim": 54
    },
    {
      "ks_statistic_mean": 0.5648844339622642,
      "ks_statistic_per_feature_mean": 0.5648844339622642,
      "wasserstein_distance": 32.43069924276986,
      "kl_divergence": 0.6490270977917161,
      "js_divergence": 0.0893446455988889,
      "mmd": 0.02500004133031816,
      "swd": 158.16134464135314,
      "correlation_similarity": 0.8421465453248795,
      "pairwise_correlation_diff": 8.366233097797169,
      "correlation_distance": 8.366233097797169,
      "r2_score_real": 0.23770183324813843,
      "r2_score_synth": -0.11282026767730713,
      "rmse_real": 0.08687204781325764,
      "rmse_synth": 0.104961526625598,
      "ml_efficiency_gap_percent": 147.46293544969564,
      "dcr_mean": 170.11129760742188,
      "dcr_median": 172.56985473632812,
      "dcr_share": 0.526375,
      "identical_matches_fraction": 0.0,
      "authenticity": 0.5555,
      "fold": 4,
      "test_size": 2000,
      "synth_size": 8000,
      "vae_latent_dim": 8,
      "vae_num_heads": 6,
      "vae_input_dim": 54
    },
    {
      "ks_statistic_mean": 0.6119952830188679,
      "ks_statistic_per_feature_mean": 0.6119952830188679,
      "wasserstein_distance": 35.126324648561294,
      "kl_divergence": 0.8961009727538917,
      "js_divergence": 0.07688982901362093,
      "mmd": 0.025024307428543984,
      "swd": 178.10160923211888,
      "correlation_similarity": 0.8106330098770119,
      "pairwise_correlation_diff": 10.036450476537306,
      "correlation_distance": 10.036450476537306,
      "r2_score_real": 0.4794093370437622,
      "r2_score_synth": -0.6562789678573608,
      "rmse_real": 0.08770248887109848,
      "rmse_synth": 0.15643376035102996,
      "ml_efficiency_gap_percent": 236.8932386474261,
      "dcr_mean": 181.36256408691406,
      "dcr_median": 184.18328857421875,
      "dcr_share": 0.583625,
      "identical_matches_fraction": 0.0,
      "authenticity": 0.57,
      "fold": 5,
      "test_size": 2000,
      "synth_size": 8000,
      "vae_latent_dim": 8,
      "vae_num_heads": 6,
      "vae_input_dim": 54
    }
  ],
  "summary": {
    "metrics_mean": {
      "ks_statistic_mean": 0.5836075471698112,
      "ks_statistic_per_feature_mean": 0.5836075471698112,
      "wasserstein_distance": 34.87244363171622,
      "kl_divergence": 0.7735685257924714,
      "js_divergence": 0.07960031897364159,
      "mmd": 0.025006054579758723,
      "swd": 174.19902094695126,
      "correlation_similarity": 0.8209888454008333,
      "pairwise_correlation_diff": 9.487591193773738,
      "correlation_distance": 9.487591193773738,
      "r2_score_real": 0.2381281614303589,
      "r2_score_synth": -0.13574061393737794,
      "rmse_real": 0.09062832107672372,
      "rmse_synth": 0.11303085966846146,
      "ml_efficiency_gap_percent": 130.1151277940111,
      "dcr_mean": 183.0557373046875,
      "dcr_median": 183.76131286621094,
      "dcr_share": 0.5298,
      "identical_matches_fraction": 0.0,
      "authenticity": 0.49815
    },
    "metrics_std": {
      "ks_statistic_mean": 0.015454640893637694,
      "ks_statistic_per_feature_mean": 0.015454640893637694,
      "wasserstein_distance": 1.3693260251948485,
      "kl_divergence": 0.11968076383522287,
      "js_divergence": 0.0070132379886671025,
      "mmd": 9.167765264809967e-06,
      "swd": 8.524519413590012,
      "correlation_similarity": 0.01852403111847242,
      "pairwise_correlation_diff": 0.98177364928089,
      "correlation_distance": 0.98177364928089,
      "r2_score_real": 0.24067495767340125,
      "r2_score_synth": 0.2762953487463437,
      "rmse_real": 0.014500583701777888,
      "rmse_synth": 0.026282397477201076,
      "ml_efficiency_gap_percent": 61.83947031053578,
      "dcr_mean": 9.575618382519224,
      "dcr_median": 9.795604922369815,
      "dcr_share": 0.03650595841777063,
      "identical_matches_fraction": 0.0,
      "authenticity": 0.10697947817221769
    },
    "metrics_min": {
      "ks_statistic_mean": 0.5648844339622642,
      "ks_statistic_per_feature_mean": 0.5648844339622642,
      "wasserstein_distance": 32.43069924276986,