{
  "metadata": {
    "dataset": "california_housing",
    "model": "DSBM_with_VAE",
    "n_folds": 5,
    "timestamp": "2025-12-30T01:10:53.424638",
    "evaluator_version": "2.0",
    "n_metrics": 20,
    "metrics_list": [
      "ks_statistic_mean",
      "ks_statistic_per_feature_mean",
      "wasserstein_distance",
      "kl_divergence",
      "js_divergence",
      "mmd",
      "swd",
      "correlation_similarity",
      "pairwise_correlation_diff",
      "correlation_distance",
      "r2_score_real",
      "r2_score_synth",
      "rmse_real",
      "rmse_synth",
      "ml_efficiency_gap_percent",
      "dcr_mean",
      "dcr_median",
      "dcr_share",
      "identical_matches_fraction",
      "authenticity"
    ],
    "vae_input_dim": 8,
    "vae_latent_dim": 8,
    "vae_num_heads": 8,
    "vae_epochs": 50
  },
  "folds": [
    {
      "ks_statistic_mean": 0.16579284330011076,
      "ks_statistic_per_feature_mean": 0.16579284330011076,
      "wasserstein_distance": 31.48929193349821,
      "kl_divergence": 0.5064542892970935,
      "js_divergence": 0.021772544203043236,
      "mmd": 0.021853939671644347,
      "swd": 148.48411270383912,
      "correlation_similarity": 0.7033641146083892,
      "pairwise_correlation_diff": 2.0764511977709392,
      "correlation_distance": 2.0764511977709392,
      "r2_score_real": 0.9437671303749084,
      "r2_score_synth": 0.873866617679596,
      "rmse_real": 0.47553393884532735,
      "rmse_synth": 0.7121989199637944,
      "ml_efficiency_gap_percent": 7.4065424028430344,
      "dcr_mean": 4.618735313415527,
      "dcr_median": 4.027399063110352,
      "dcr_share": 0.5218023255813954,
      "identical_matches_fraction": 0.0,
      "authenticity": 0.383296996124031,
      "fold": 1,
      "test_size": 4128,
      "synth_size": 16512,
      "vae_latent_dim": 8,
      "vae_num_heads": 8,
      "vae_input_dim": 8
    },
    {
      "ks_statistic_mean": 0.2086794019933555,
      "ks_statistic_per_feature_mean": 0.2086794019933555,
      "wasserstein_distance": 38.53936087765864,
      "kl_divergence": 0.28114756747614095,
      "js_divergence": 0.02718064848887567,
      "mmd": 0.01963190993704079,
      "swd": 149.22349262597527,
      "correlation_similarity": 0.757009779187661,
      "pairwise_correlation_diff": 1.7009315457106722,
      "correlation_distance": 1.7009315457106722,
      "r2_score_real": 0.9306768178939819,
      "r2_score_synth": 0.8798857927322388,
      "rmse_real": 0.5297393638403604,
      "rmse_synth": 0.6973008219065951,
      "ml_efficiency_gap_percent": 5.457428850186427,
      "dcr_mean": 4.099027156829834,
      "dcr_median": 3.726815700531006,
      "dcr_share": 0.5288880813953488,
      "identical_matches_fraction": 0.0,
      "authenticity": 0.344234496124031,
      "fold": 2,
      "test_size": 4128,
      "synth_size": 16512,
      "vae_latent_dim": 8,
      "vae_num_heads": 8,
      "vae_input_dim": 8
    },
    {
      "ks_statistic_mean": 0.20421511627906977,
      "ks_statistic_per_feature_mean": 0.20421511627906977,
      "wasserstein_distance": 38.101216938346624,
      "kl_divergence": 0.22929526597966035,
      "js_divergence": 0.02276017027766681,
      "mmd": 0.01981851284740691,
      "swd": 117.58008832771529,
      "correlation_similarity": 0.7947705141324675,
      "pairwise_correlation_diff": 1.4366064010932504,
      "correlation_distance": 1.4366064010932504,
      "r2_score_real": 0.9302136301994324,
      "r2_score_synth": 0.8827815651893616,
      "rmse_real": 0.525649676928679,
      "rmse_synth": 0.6812539083036252,
      "ml_efficiency_gap_percent": 5.0990507416991555,
      "dcr_mean": 4.461884498596191,
      "dcr_median": 3.780984401702881,
      "dcr_share": 0.5224079457364341,
      "identical_matches_fraction": 0.0,
      "authenticity": 0.36779312015503873,
      "fold": 3,
      "test_size": 4128,
      "synth_size": 16512,
      "vae_latent_dim": 8,
      "vae_num_heads": 8,
      "vae_input_dim": 8
    },
    {
      "ks_statistic_mean": 0.18283672480620156,
      "ks_statistic_per_feature_mean": 0.18283672480620156,
      "wasserstein_distance": 34.366095137383255,
      "kl_divergence": 0.6415637615321695,
      "js_divergence": 0.02019422147876043,
      "mmd": 0.021932913503517774,
      "swd": 148.09596656090622,
      "correlation_similarity": 0.6617752012532832,
      "pairwise_correlation_diff": 2.367573591260841,
      "correlation_distance": 2.367573591260841,
      "r2_score_real": 0.9346837401390076,
      "r2_score_synth": 0.882530689239502,
      "rmse_real": 0.5150625745016201,
      "rmse_synth": 0.6907353351884999,
      "ml_efficiency_gap_percent": 5.579753734856812,
      "dcr_mean": 4.481613636016846,
      "dcr_median": 3.959794521331787,
      "dcr_share": 0.5067223837209303,
      "identical_matches_fraction": 0.0,
      "authenticity": 0.4034035852713178,
      "fold": 4,
      "test_size": 4128,
      "synth_size": 16512,
      "vae_latent_dim": 8,
      "vae_num_heads": 8,
      "vae_input_dim": 8
    },
    {
      "ks_statistic_mean": 0.20893030177187152,
      "ks_statistic_per_feature_mean": 0.20893030177187152,
      "wasserstein_distance": 42.86483685140099,
      "kl_divergence": 0.5910052276978942,
      "js_divergence": 0.02065079346320944,
      "mmd": 0.01959735408474656,
      "swd": 204.43386782220304,
      "correlation_similarity": 0.7411665408120225,
      "pairwise_correlation_diff": 1.8118342143417256,
      "correlation_distance": 1.8118342143417256,
      "r2_score_real": 0.938841700553894,
      "r2_score_synth": 0.8970518112182617,
      "rmse_real": 0.49786695334588094,
      "rmse_synth": 0.6459440295401992,
      "ml_efficiency_gap_percent": 4.451217847585732,
      "dcr_mean": 4.242089748382568,
      "dcr_median": 3.8408865928649902,
      "dcr_share": 0.49842538759689925,
      "identical_matches_fraction": 0.0,
      "authenticity": 0.3628270348837209,
      "fold": 5,
      "test_size": 4128,
      "synth_size": 16512,
      "vae_latent_dim": 8,
      "vae_num_heads": 8,
      "vae_input_dim": 8
    }
  ],
  "summary": {
    "metrics_mean": {
      "ks_statistic_mean": 0.19409087763012184,
      "ks_statistic_per_feature_mean": 0.19409087763012184,
      "wasserstein_distance": 37.072160347657544,
      "kl_divergence": 0.4498932223965917,
      "js_divergence": 0.022511675582311118,
      "mmd": 0.02056692600887127,
      "swd": 153.56350560812777,
      "correlation_similarity": 0.7316172299987647,
      "pairwise_correlation_diff": 1.878679390035486,
      "correlation_distance": 1.878679390035486,
      "r2_score_real": 0.9356366038322449,
      "r2_score_synth": 0.883223295211792,
      "rmse_real": 0.5087705014923736,
      "rmse_synth": 0.6854866029805428,
      "ml_efficiency_gap_percent": 5.598798715434232,
      "dcr_mean": 4.380670070648193,
      "dcr_median": 3.867176055908203,
      "dcr_share": 0.5156492248062016,
      "identical_matches_fraction": 0.0,
      "authenticity": 0.3723110465116279
    },
    "metrics_std": {
      "ks_statistic_mean": 0.01710537028481345,
      "ks_statistic_per_feature_mean": 0.01710537028481345,
      "wasserstein_distance": 3.879637730282874,
      "kl_divergence": 0.16552214494227602,
      "js_divergence": 0.002499633916993786,
      "mmd": 0.0010859809422435068,
      "swd": 28.132294606596837,
      "correlation_similarity": 0.04560801617421538,
      "pairwise_correlation_diff": 0.3192561132240686,
      "correlation_distance": 0.3192561132240686,
      "r2_score_real": 0.0051243375308334905,
      "r2_score_synth": 0.007623503402364084,
      "rmse_real": 0.019938637832640396,
      "rmse_synth": 0.022191005636294267,
      "ml_efficiency_gap_percent": 0.9853908133279894,
      "dcr_mean": 0.1854657289816455,
      "dcr_median": 0.11141881228740749,
      "dcr_share": 0.01127082376336971,
      "identical_matches_fraction": 0.0,
      "authenticity": 0.01993031797136305
    },