{
  "metadata": {
    "dataset": "king_county_housing",
    "model": "DSBM_with_VAE",
    "n_folds": 5,
    "timestamp": "2025-12-30T05:38:09.756966",
    "evaluator_version": "2.0",
    "n_metrics": 20,
    "metrics_list": [
      "ks_statistic_mean",
      "ks_statistic_per_feature_mean",
      "wasserstein_distance",
      "kl_divergence",
      "js_divergence",
      "mmd",
      "swd",
      "correlation_similarity",
      "pairwise_correlation_diff",
      "correlation_distance",
      "r2_score_real",
      "r2_score_synth",
      "rmse_real",
      "rmse_synth",
      "ml_efficiency_gap_percent",
      "dcr_mean",
      "dcr_median",
      "dcr_share",
      "identical_matches_fraction",
      "authenticity"
    ],
    "vae_input_dim": 17,
    "vae_latent_dim": 8,
    "vae_num_heads": 1,
    "vae_epochs": 50
  },
  "folds": [
    {
      "ks_statistic_mean": 0.36215342595666017,
      "ks_statistic_per_feature_mean": 0.36215342595666017,
      "wasserstein_distance": 401.1366446253378,
      "kl_divergence": 0.41131048493087596,
      "js_divergence": 0.06463605836529879,
      "mmd": 0.017038848916458297,
      "swd": 7676.336423341865,
      "correlation_similarity": 0.8046775508455741,
      "pairwise_correlation_diff": 3.125159186490345,
      "correlation_distance": 3.125159186490345,
      "r2_score_real": 0.6644924283027649,
      "r2_score_synth": 0.5279983878135681,
      "rmse_real": 14762.078444446772,
      "rmse_synth": 17509.271601068962,
      "ml_efficiency_gap_percent": 20.54109793814017,
      "dcr_mean": 868.5576782226562,
      "dcr_median": 513.7423095703125,
      "dcr_share": 0.5090803932909196,
      "identical_matches_fraction": 0.0,
      "authenticity": 0.5263157894736842,
      "fold": 1,
      "test_size": 4323,
      "synth_size": 17290,
      "vae_latent_dim": 8,
      "vae_num_heads": 1,
      "vae_input_dim": 17
    },
    {
      "ks_statistic_mean": 0.3632359220396585,
      "ks_statistic_per_feature_mean": 0.3632359220396585,
      "wasserstein_distance": 365.75554952188395,
      "kl_divergence": 0.502679550366705,
      "js_divergence": 0.06027649077370271,
      "mmd": 0.017035326720804767,
      "swd": 5566.720203304034,
      "correlation_similarity": 0.8073559123297225,
      "pairwise_correlation_diff": 3.0823054027437036,
      "correlation_distance": 3.0823054027437036,
      "r2_score_real": 0.6407406330108643,
      "r2_score_synth": 0.656402051448822,
      "rmse_real": 15239.074512581137,
      "rmse_synth": 14903.209855598223,
      "ml_efficiency_gap_percent": 2.4442680284476688,
      "dcr_mean": 1018.3817138671875,
      "dcr_median": 553.115234375,
      "dcr_share": 0.568074031231926,
      "identical_matches_fraction": 0.0,
      "authenticity": 0.4591093117408907,
      "fold": 2,
      "test_size": 4323,
      "synth_size": 17290,
      "vae_latent_dim": 8,
      "vae_num_heads": 1,
      "vae_input_dim": 17
    },
    {
      "ks_statistic_mean": 0.38594256453336406,
      "ks_statistic_per_feature_mean": 0.38594256453336406,
      "wasserstein_distance": 451.51628735125996,
      "kl_divergence": 0.4273937093254803,
      "js_divergence": 0.061749108471616236,
      "mmd": 0.017054629686416665,
      "swd": 4918.615649962626,
      "correlation_similarity": 0.7975370479076387,
      "pairwise_correlation_diff": 3.2394072334980266,
      "correlation_distance": 3.2394072334980266,
      "r2_score_real": 0.7024441957473755,
      "r2_score_synth": 0.597620964050293,
      "rmse_real": 16067.174487133698,
      "rmse_synth": 18684.13230524768,
      "ml_efficiency_gap_percent": 14.922641874142665,
      "dcr_mean": 895.2470703125,
      "dcr_median": 553.87744140625,
      "dcr_share": 0.50213996529786,
      "identical_matches_fraction": 0.0,
      "authenticity": 0.508155002891845,
      "fold": 3,
      "test_size": 4323,
      "synth_size": 17290,
      "vae_latent_dim": 8,
      "vae_num_heads": 1,
      "vae_input_dim": 17
    },
    {
      "ks_statistic_mean": 0.38973598681052385,
      "ks_statistic_per_feature_mean": 0.38973598681052385,
      "wasserstein_distance": 438.26598485850263,
      "kl_divergence": 0.5645531063593815,
      "js_divergence": 0.06073029592719768,
      "mmd": 0.01703127899742602,
      "swd": 4096.329090105154,
      "correlation_similarity": 0.8059671346131515,
      "pairwise_correlation_diff": 3.104525846208979,
      "correlation_distance": 3.104525846208979,
      "r2_score_real": 0.5886496305465698,
      "r2_score_synth": 0.4873300790786743,
      "rmse_real": 16169.73815496095,
      "rmse_synth": 18051.61134081941,
      "ml_efficiency_gap_percent": 17.21219995905184,
      "dcr_mean": 1052.9967041015625,
      "dcr_median": 586.1690063476562,
      "dcr_share": 0.5894395928517726,
      "identical_matches_fraction": 0.0,
      "authenticity": 0.41171707824879994,
      "fold": 4,
      "test_size": 4322,
      "synth_size": 17291,
      "vae_latent_dim": 8,
      "vae_num_heads": 1,
      "vae_input_dim": 17
    },
    {
      "ks_statistic_mean": 0.3875274052034838,
      "ks_statistic_per_feature_mean": 0.3875274052034838,
      "wasserstein_distance": 431.868555966008,
      "kl_divergence": 0.4791633743878702,
      "js_divergence": 0.05366279700387305,
      "mmd": 0.017021912408781602,
      "swd": 4481.59085949372,
      "correlation_similarity": 0.8114578516062373,
      "pairwise_correlation_diff": 3.0166743743190567,
      "correlation_distance": 3.0166743743190567,
      "r2_score_real": 0.5212389230728149,
      "r2_score_synth": 0.6116460561752319,
      "rmse_real": 20497.643962172824,
      "rmse_synth": 18461.134959693027,
      "ml_efficiency_gap_percent": 17.344662706585225,
      "dcr_mean": 1195.9547119140625,
      "dcr_median": 607.3323974609375,
      "dcr_share": 0.5720895263431843,
      "identical_matches_fraction": 0.0,
      "authenticity": 0.4970215719160257,
      "fold": 5,
      "test_size": 4322,
      "synth_size": 17291,
      "vae_latent_dim": 8,
      "vae_num_heads": 1,
      "vae_input_dim": 17
    }
  ],
  "summary": {
    "metrics_mean": {
      "ks_statistic_mean": 0.3777190609087381,
      "ks_statistic_per_feature_mean": 0.3777190609087381,
      "wasserstein_distance": 417.70860446459847,
      "kl_divergence": 0.4770200450740626,
      "js_divergence": 0.06021095010833769,
      "mmd": 0.01703639934597747,
      "swd": 5347.91844524148,
      "correlation_similarity": 0.8053990994604648,
      "pairwise_correlation_diff": 3.1136144086520217,
      "correlation_distance": 3.1136144086520217,
      "r2_score_real": 0.6235131621360779,
      "r2_score_synth": 0.5761995077133178,
      "rmse_real": 16547.141912259078,
      "rmse_synth": 17521.87201248546,
      "ml_efficiency_gap_percent": 14.492974101273514,
      "dcr_mean": 1006.2275756835937,
      "dcr_median": 562.8472778320313,
      "dcr_share": 0.5481647018031325,
      "identical_matches_fraction": 0.0,
      "authenticity": 0.48046375085424914
    },
    "metrics_std": {
      "ks_statistic_mean": 0.012331151128421956,
      "ks_statistic_per_feature_mean": 0.012331151128421956,
      "wasserstein_distance": 30.78902177121512,
      "kl_divergence": 0.0549646438802837,
      "js_divergence": 0.003608319247911491,
      "mmd": 1.0729264200642434e-05,
      "swd": 1262.5929494357788,
      "correlation_similarity": 0.004542966984842157,
      "pairwise_correlation_diff": 0.07268747175792886,
      "correlation_distance": 0.07268747175792886,
      "r2_score_real": 0.06305819516305818,
      "r2_score_synth": 0.06061172810033264,
      "rmse_real": 2043.3678414712926,
      "rmse_synth": 1369.0316205547374,
      "ml_efficiency_gap_percent": 6.284298712469711,
      "dcr_mean": 117.98401070442182,
      "dcr_median": 31.966536980704806,
      "dcr_share": 0.035547868574391926,
      "identical_matches_fraction": 0.0,
      "authenticity": 0.04080562066051338
    },
    "metrics_min": {
      "ks_statistic_mean": 0.36215342595666017,