{
  "metadata": {
    "dataset": "german_credit",
    "model": "TABSYN_with_VAE",
    "n_folds": 5,
    "timestamp": "2025-12-31T11:23:02.393616",
    "evaluator_version": "2.0",
    "n_metrics": 20,
    "metrics_list": [
      "ks_statistic_mean",
      "ks_statistic_per_feature_mean",
      "wasserstein_distance",
      "kl_divergence",
      "js_divergence",
      "mmd",
      "swd",
      "correlation_similarity",
      "pairwise_correlation_diff",
      "correlation_distance",
      "r2_score_real",
      "r2_score_synth",
      "rmse_real",
      "rmse_synth",
      "ml_efficiency_gap_percent",
      "dcr_mean",
      "dcr_median",
      "dcr_share",
      "identical_matches_fraction",
      "authenticity"
    ],
    "vae_input_dim": 7,
    "vae_latent_dim": 8,
    "vae_num_heads": 7,
    "vae_epochs": 50
  },
  "folds": [
    {
      "ks_statistic_mean": 0.520625,
      "ks_statistic_per_feature_mean": 0.520625,
      "wasserstein_distance": 270.7090387245019,
      "kl_divergence": 12.902908258123636,
      "js_divergence": 0.41522053874003667,
      "mmd": 0.08317928162133084,
      "swd": 717.6040958142319,
      "correlation_similarity": 0.5438150228113241,
      "pairwise_correlation_diff": 2.737109863177674,
      "correlation_distance": 2.737109863177674,
      "r2_score_real": -0.7446914911270142,
      "r2_score_synth": -0.732506513595581,
      "rmse_real": 0.4716440981120488,
      "rmse_synth": 0.4699942288145872,
      "ml_efficiency_gap_percent": 1.6362450325560176,
      "dcr_mean": 22.85324478149414,
      "dcr_median": 18.41767120361328,
      "dcr_share": 0.52875,
      "identical_matches_fraction": 0.0,
      "authenticity": 0.29625,
      "fold": 1,
      "test_size": 200,
      "synth_size": 800,
      "vae_latent_dim": 8,
      "vae_num_heads": 7,
      "vae_input_dim": 7
    },
    {
      "ks_statistic_mean": 0.4320833333333333,
      "ks_statistic_per_feature_mean": 0.4320833333333333,
      "wasserstein_distance": 253.39350983003774,
      "kl_divergence": 5.131999315955757,
      "js_divergence": 0.30382318509982326,
      "mmd": 0.08278230840674783,
      "swd": 823.5813742996937,
      "correlation_similarity": 0.23247566689201726,
      "pairwise_correlation_diff": 4.605145998724649,
      "correlation_distance": 4.605145998724649,
      "r2_score_real": -0.13210201263427734,
      "r2_score_synth": -0.1303267478942871,
      "rmse_real": 0.44430880620936636,
      "rmse_synth": 0.4439602951294069,
      "ml_efficiency_gap_percent": 1.3438589651961101,
      "dcr_mean": 34.536949157714844,
      "dcr_median": 20.92807388305664,
      "dcr_share": 0.53125,
      "identical_matches_fraction": 0.0,
      "authenticity": 0.36125,
      "fold": 2,
      "test_size": 200,
      "synth_size": 800,
      "vae_latent_dim": 8,
      "vae_num_heads": 7,
      "vae_input_dim": 7
    },
    {
      "ks_statistic_mean": 0.4583333333333333,
      "ks_statistic_per_feature_mean": 0.4583333333333333,
      "wasserstein_distance": 133.6669428795576,
      "kl_divergence": 11.15045432186765,
      "js_divergence": 0.37588451411305007,
      "mmd": 0.08233194269931032,
      "swd": 463.7014148901294,
      "correlation_similarity": 0.5974174922517632,
      "pairwise_correlation_diff": 2.415495046529679,
      "correlation_distance": 2.415495046529679,
      "r2_score_real": -0.24441659450531006,
      "r2_score_synth": -0.10047483444213867,
      "rmse_real": 0.4830404786549105,
      "rmse_synth": 0.4542455629479511,
      "ml_efficiency_gap_percent": 58.89197513552795,
      "dcr_mean": 26.080093383789062,
      "dcr_median": 17.42068099975586,
      "dcr_share": 0.485,
      "identical_matches_fraction": 0.0,
      "authenticity": 0.31,
      "fold": 3,
      "test_size": 200,
      "synth_size": 800,
      "vae_latent_dim": 8,
      "vae_num_heads": 7,
      "vae_input_dim": 7
    },
    {
      "ks_statistic_mean": 0.41687499999999994,
      "ks_statistic_per_feature_mean": 0.41687499999999994,
      "wasserstein_distance": 211.80814103782177,
      "kl_divergence": 3.565500161027727,
      "js_divergence": 0.23750844192492335,
      "mmd": 0.07930458081549024,
      "swd": 519.2811269828985,
      "correlation_similarity": 0.44412161126033156,
      "pairwise_correlation_diff": 3.3352703324935984,
      "correlation_distance": 3.3352703324935984,
      "r2_score_real": -0.3418930768966675,
      "r2_score_synth": -0.07972466945648193,
      "rmse_real": 0.483727838048013,
      "rmse_synth": 0.43390896654497796,
      "ml_efficiency_gap_percent": 76.68140279992343,
      "dcr_mean": 41.83262252807617,
      "dcr_median": 24.336231231689453,
      "dcr_share": 0.4725,
      "identical_matches_fraction": 0.0,
      "authenticity": 0.25625,
      "fold": 4,
      "test_size": 200,
      "synth_size": 800,
      "vae_latent_dim": 8,
      "vae_num_heads": 7,
      "vae_input_dim": 7
    },
    {
      "ks_statistic_mean": 0.35041666666666665,
      "ks_statistic_per_feature_mean": 0.35041666666666665,
      "wasserstein_distance": 189.94769091407457,
      "kl_divergence": 5.713709624169657,
      "js_divergence": 0.2943887178159626,
      "mmd": 0.07962478981145679,
      "swd": 668.7810766535005,
      "correlation_similarity": 0.495584942172272,
      "pairwise_correlation_diff": 3.0264903470168094,
      "correlation_distance": 3.0264903470168094,
      "r2_score_real": -0.4152696132659912,
      "r2_score_synth": -0.46572887897491455,
      "rmse_real": 0.3934400973791023,
      "rmse_synth": 0.40039242999902785,
      "ml_efficiency_gap_percent": 12.150965083159802,
      "dcr_mean": 66.78407287597656,
      "dcr_median": 23.553924560546875,
      "dcr_share": 0.51625,
      "identical_matches_fraction": 0.0,
      "authenticity": 0.33625,
      "fold": 5,
      "test_size": 200,
      "synth_size": 800,
      "vae_latent_dim": 8,
      "vae_num_heads": 7,
      "vae_input_dim": 7
    }
  ],
  "summary": {
    "metrics_mean": {
      "ks_statistic_mean": 0.43566666666666665,
      "ks_statistic_per_feature_mean": 0.43566666666666665,
      "wasserstein_distance": 211.90506467719874,
      "kl_divergence": 7.6929143362288865,
      "js_divergence": 0.32536507953875915,
      "mmd": 0.08144458067086721,
      "swd": 638.5898177280908,
      "correlation_similarity": 0.4626829470775416,
      "pairwise_correlation_diff": 3.2239023175884824,
      "correlation_distance": 3.2239023175884824,
      "r2_score_real": -0.37567455768585206,
      "r2_score_synth": -0.30175232887268066,
      "rmse_real": 0.4552322636806882,
      "rmse_synth": 0.4405002966871902,
      "ml_efficiency_gap_percent": 30.14088940327266,
      "dcr_mean": 38.417396545410156,
      "dcr_median": 20.931316375732422,
      "dcr_share": 0.50675,
      "identical_matches_fraction": 0.0,
      "authenticity": 0.31199999999999994
    },
    "metrics_std": {
      "ks_statistic_mean": 0.055435053340723774,
      "ks_statistic_per_feature_mean": 0.055435053340723774,
      "wasserstein_distance": 48.54387253638499,
      "kl_divergence": 3.6499234026324605,
      "js_divergence": 0.06287860334388347,
      "mmd": 0.0016417888052617203,
      "swd": 131.29901857539127,
      "correlation_similarity": 0.1258238989183899,
      "pairwise_correlation_diff": 0.7549433935229218,
      "correlation_distance": 0.7549433935229218,
      "r2_score_real": 0.2075758616208683,
      "r2_score_synth": 0.257539557258132,
      "rmse_real": 0.03403597105225388,
      "rmse_synth": 0.023336163221291936,
      "ml_efficiency_gap_percent": 31.48988856062608,
      "dcr_mean": 15.65785321119355,
      "dcr_median": 2.724500033969806,
      "dcr_share": 0.02375131575302726,
      "identical_matches_fraction": 0.0,
      "authenticity": 0.03570364127088441
    },
    "metrics_min": {
      "ks_statistic_mean": 0.35041666666666665,
      "ks_statistic_per_feature_mean": 0.35041666666666665,
      "wasserstein_distance": 133.6669428795576,
      "kl_divergence": 3.565500161027727,