{
  "metadata": {
    "dataset": "diabetes",
    "model": "TABSYN_with_VAE",
    "n_folds": 5,
    "timestamp": "2025-12-31T11:05:47.022106",
    "evaluator_version": "2.0",
    "n_metrics": 20,
    "metrics_list": [
      "ks_statistic_mean",
      "ks_statistic_per_feature_mean",
      "wasserstein_distance",
      "kl_divergence",
      "js_divergence",
      "mmd",
      "swd",
      "correlation_similarity",
      "pairwise_correlation_diff",
      "correlation_distance",
      "r2_score_real",
      "r2_score_synth",
      "rmse_real",
      "rmse_synth",
      "ml_efficiency_gap_percent",
      "dcr_mean",
      "dcr_median",
      "dcr_share",
      "identical_matches_fraction",
      "authenticity"
    ],
    "vae_input_dim": 10,
    "vae_latent_dim": 8,
    "vae_num_heads": 5,
    "vae_epochs": 50
  },
  "folds": [
    {
      "ks_statistic_mean": 0.31747850597517974,
      "ks_statistic_per_feature_mean": 0.31747850597517974,
      "wasserstein_distance": 0.024942330188221402,
      "kl_divergence": 6.848141259714396,
      "js_divergence": 0.22725747122224746,
      "mmd": 0.018842130186975354,
      "swd": 0.030356904444431586,
      "correlation_similarity": 0.3753403228300426,
      "pairwise_correlation_diff": 5.621937094592083,
      "correlation_distance": 5.621937094592083,
      "r2_score_real": -0.4410834312438965,
      "r2_score_synth": 0.3009539246559143,
      "rmse_real": 0.06494092224055455,
      "rmse_synth": 0.04523002110249942,
      "ml_efficiency_gap_percent": 168.2306120198612,
      "dcr_mean": 0.0663895234465599,
      "dcr_median": 0.06703712791204453,
      "dcr_share": 0.4192634560906516,
      "identical_matches_fraction": 0.0,
      "authenticity": 0.34844192634560905,
      "fold": 1,
      "test_size": 89,
      "synth_size": 353,
      "vae_latent_dim": 8,
      "vae_num_heads": 5,
      "vae_input_dim": 10
    },
    {
      "ks_statistic_mean": 0.3346206759963643,
      "ks_statistic_per_feature_mean": 0.3346206759963643,
      "wasserstein_distance": 0.02719660082625018,
      "kl_divergence": 7.711613555712756,
      "js_divergence": 0.27654079614927657,
      "mmd": 0.017596329059485605,
      "swd": 0.03264312447589093,
      "correlation_similarity": 0.3684899007657124,
      "pairwise_correlation_diff": 5.683590893171739,
      "correlation_distance": 5.683590893171739,
      "r2_score_real": -0.12439882755279541,
      "r2_score_synth": 0.28503984212875366,
      "rmse_real": 0.05983241842968605,
      "rmse_synth": 0.04771086385386124,
      "ml_efficiency_gap_percent": 329.1338654359757,
      "dcr_mean": 0.06366904824972153,
      "dcr_median": 0.06329113245010376,
      "dcr_share": 0.9915014164305949,
      "identical_matches_fraction": 0.0,
      "authenticity": 0.5070821529745042,
      "fold": 2,
      "test_size": 89,
      "synth_size": 353,
      "vae_latent_dim": 8,
      "vae_num_heads": 5,
      "vae_input_dim": 10
    },
    {
      "ks_statistic_mean": 0.32828282828282823,
      "ks_statistic_per_feature_mean": 0.32828282828282823,
      "wasserstein_distance": 0.025642337691452768,
      "kl_divergence": 6.902933797910637,
      "js_divergence": 0.24268362764022194,
      "mmd": 0.019336981337875498,
      "swd": 0.0322619315004424,
      "correlation_similarity": 0.28457861714225063,
      "pairwise_correlation_diff": 6.438792445791286,
      "correlation_distance": 6.438792445791286,
      "r2_score_real": -0.336689829826355,
      "r2_score_synth": 0.1441950798034668,
      "rmse_real": 0.05272971017832911,
      "rmse_synth": 0.04219174098844548,
      "ml_efficiency_gap_percent": 142.82727514455493,
      "dcr_mean": 0.07022910565137863,
      "dcr_median": 0.06994546204805374,
      "dcr_share": 0.07627118644067797,
      "identical_matches_fraction": 0.0,
      "authenticity": 0.8361581920903954,
      "fold": 3,
      "test_size": 88,
      "synth_size": 354,
      "vae_latent_dim": 8,
      "vae_num_heads": 5,
      "vae_input_dim": 10
    },
    {
      "ks_statistic_mean": 0.3345388917422816,
      "ks_statistic_per_feature_mean": 0.3345388917422816,
      "wasserstein_distance": 0.027416308720906574,
      "kl_divergence": 6.244756518628738,
      "js_divergence": 0.23274403636927887,
      "mmd": 0.01520998341063587,
      "swd": 0.0344632584685677,
      "correlation_similarity": 0.31445651888409953,
      "pairwise_correlation_diff": 6.169891330111659,
      "correlation_distance": 6.169891330111659,
      "r2_score_real": -1.430372714996338,
      "r2_score_synth": -0.5068471431732178,
      "rmse_real": 0.045214616556606094,
      "rmse_synth": 0.03560221295948091,
      "ml_efficiency_gap_percent": 64.565379508479,
      "dcr_mean": 0.07064156979322433,
      "dcr_median": 0.07323737442493439,
      "dcr_share": 0.3559322033898305,
      "identical_matches_fraction": 0.0,
      "authenticity": 0.4293785310734463,
      "fold": 4,
      "test_size": 88,
      "synth_size": 354,
      "vae_latent_dim": 8,
      "vae_num_heads": 5,
      "vae_input_dim": 10
    },
    {
      "ks_statistic_mean": 0.3436697483307653,
      "ks_statistic_per_feature_mean": 0.3436697483307653,
      "wasserstein_distance": 0.026247209972805448,
      "kl_divergence": 7.225675805313638,
      "js_divergence": 0.231088708491708,
      "mmd": 0.022274505182793697,
      "swd": 0.030886447257783032,
      "correlation_similarity": 0.40988280262667875,
      "pairwise_correlation_diff": 5.311054776418903,
      "correlation_distance": 5.311054776418903,
      "r2_score_real": 0.021425366401672363,
      "r2_score_synth": 0.10544472932815552,
      "rmse_real": 0.05992560083190423,
      "rmse_synth": 0.057295300177025346,
      "ml_efficiency_gap_percent": 392.1490132365951,
      "dcr_mean": 0.07050810754299164,
      "dcr_median": 0.07093121111392975,
      "dcr_share": 0.5423728813559322,
      "identical_matches_fraction": 0.0,
      "authenticity": 0.844632768361582,
      "fold": 5,
      "test_size": 88,
      "synth_size": 354,
      "vae_latent_dim": 8,
      "vae_num_heads": 5,
      "vae_input_dim": 10
    }
  ],
  "summary": {
    "metrics_mean": {
      "ks_statistic_mean": 0.33171813006548384,
      "ks_statistic_per_feature_mean": 0.33171813006548384,
      "wasserstein_distance": 0.026288957479927273,
      "kl_divergence": 6.986624187456033,
      "js_divergence": 0.2420629279745466,
      "mmd": 0.018651985835553202,
      "swd": 0.032122333229423136,
      "correlation_similarity": 0.3505496324497568,
      "pairwise_correlation_diff": 5.845053308017134,
      "correlation_distance": 5.845053308017134,
      "r2_score_real": -0.4622238874435425,
      "r2_score_synth": 0.0657572865486145,
      "rmse_real": 0.05652865364741601,
      "rmse_synth": 0.045606027816262475,
      "ml_efficiency_gap_percent": 219.3812290690932,
      "dcr_mean": 0.0682874709367752,
      "dcr_median": 0.06888846158981324,
      "dcr_share": 0.4770682287415374,
      "identical_matches_fraction": 0.0,
      "authenticity": 0.5931387141691074
    },
    "metrics_std": {
      "ks_statistic_mean": 0.008646280599752204,
      "ks_statistic_per_feature_mean": 0.008646280599752204,
      "wasserstein_distance": 0.0009303765186876338,
      "kl_divergence": 0.4815193663218585,
      "js_divergence": 0.01797545796691406,
      "mmd": 0.0023060707732290198,
      "swd": 0.0014432460015331163,
      "correlation_similarity": 0.04497053334704827,
      "pairwise_correlation_diff": 0.4047348001279314,
      "correlation_distance": 0.4047348001279314,
      "r2_score_real": 0.5102078483593205,
      "r2_score_synth": 0.2963125752379969,
      "rmse_real": 0.006865271758166836,
      "rmse_synth": 0.007112587016682922,
      "ml_efficiency_gap_percent": 121.93374364531083,
      "dcr_mean": 0.0027991065188614503,
      "dcr_median": 0.00343396704466312,
      "dcr_share": 0.29918549421566504,
      "identical_matches_fraction": 0.0,
      "authenticity": 0.20804200210851936
    },