{
  "metadata": {
    "dataset": "online_shoppers",
    "model": "TABSYN_with_VAE",
    "n_folds": 5,
    "timestamp": "2025-12-31T11:21:54.414546",
    "evaluator_version": "2.0",
    "n_metrics": 20,
    "metrics_list": [
      "ks_statistic_mean",
      "ks_statistic_per_feature_mean",
      "wasserstein_distance",
      "kl_divergence",
      "js_divergence",
      "mmd",
      "swd",
      "correlation_similarity",
      "pairwise_correlation_diff",
      "correlation_distance",
      "r2_score_real",
      "r2_score_synth",
      "rmse_real",
      "rmse_synth",
      "ml_efficiency_gap_percent",
      "dcr_mean",
      "dcr_median",
      "dcr_share",
      "identical_matches_fraction",
      "authenticity"
    ],
    "vae_input_dim": 15,
    "vae_latent_dim": 8,
    "vae_num_heads": 5,
    "vae_epochs": 50
  },
  "folds": [
    {
      "ks_statistic_mean": 0.41101118062796893,
      "ks_statistic_per_feature_mean": 0.41101118062796893,
      "wasserstein_distance": 89.80057813919016,
      "kl_divergence": 1.339310929874711,
      "js_divergence": 0.0965691271874322,
      "mmd": 0.025208233310992284,
      "swd": 308.72575628993604,
      "correlation_similarity": 0.5915574143122098,
      "pairwise_correlation_diff": 5.718196199669908,
      "correlation_distance": 5.718196199669908,
      "r2_score_real": -0.05669975280761719,
      "r2_score_synth": -0.013558506965637207,
      "rmse_real": 0.4370312222865031,
      "rmse_synth": 0.4280170569118263,
      "ml_efficiency_gap_percent": 76.08718505062737,
      "dcr_mean": 221.3016815185547,
      "dcr_median": 85.89117431640625,
      "dcr_share": 0.5331508515815085,
      "identical_matches_fraction": 0.0,
      "authenticity": 0.6872465531224655,
      "fold": 1,
      "test_size": 2466,
      "synth_size": 9864,
      "vae_latent_dim": 8,
      "vae_num_heads": 5,
      "vae_input_dim": 15
    },
    {
      "ks_statistic_mean": 0.4575440273432974,
      "ks_statistic_per_feature_mean": 0.4575440273432974,
      "wasserstein_distance": 45.599499123969245,
      "kl_divergence": 0.582092391029618,
      "js_divergence": 0.060735123283079805,
      "mmd": 0.025764945594944348,
      "swd": 279.20942731875164,
      "correlation_similarity": 0.7051858711971036,
      "pairwise_correlation_diff": 4.12739780327003,
      "correlation_distance": 4.12739780327003,
      "r2_score_real": -0.18721961975097656,
      "r2_score_synth": -2.8143138885498047,
      "rmse_real": 0.48779009721768035,
      "rmse_synth": 0.8743305370050009,
      "ml_efficiency_gap_percent": 1403.215257190012,
      "dcr_mean": 77.45413208007812,
      "dcr_median": 39.84689712524414,
      "dcr_share": 0.47516220600162207,
      "identical_matches_fraction": 0.0,
      "authenticity": 0.577757502027575,
      "fold": 2,
      "test_size": 2466,
      "synth_size": 9864,
      "vae_latent_dim": 8,
      "vae_num_heads": 5,
      "vae_input_dim": 15
    },
    {
      "ks_statistic_mean": 0.47622668288726683,
      "ks_statistic_per_feature_mean": 0.47622668288726683,
      "wasserstein_distance": 31.711858651600778,
      "kl_divergence": 1.8698473512585119,
      "js_divergence": 0.08323711283054755,
      "mmd": 0.025145409372088905,
      "swd": 89.13476642353058,
      "correlation_similarity": 0.7282020401157372,
      "pairwise_correlation_diff": 3.8051714384068602,
      "correlation_distance": 3.8051714384068602,
      "r2_score_real": -0.11917233467102051,
      "r2_score_synth": -0.43000519275665283,
      "rmse_real": 0.44843183507232104,
      "rmse_synth": 0.5068935589385446,
      "ml_efficiency_gap_percent": 260.8263561704128,
      "dcr_mean": 124.5864486694336,
      "dcr_median": 56.703189849853516,
      "dcr_share": 0.4838807785888078,
      "identical_matches_fraction": 0.0,
      "authenticity": 0.7406731549067316,
      "fold": 3,
      "test_size": 2466,
      "synth_size": 9864,
      "vae_latent_dim": 8,
      "vae_num_heads": 5,
      "vae_input_dim": 15
    },
    {
      "ks_statistic_mean": 0.39998262078554064,
      "ks_statistic_per_feature_mean": 0.39998262078554064,
      "wasserstein_distance": 129.05188528421735,
      "kl_divergence": 0.3595539331120417,
      "js_divergence": 0.06227070957861112,
      "mmd": 0.024193484417344337,
      "swd": 474.330770148944,
      "correlation_similarity": 0.7058724773621164,
      "pairwise_correlation_diff": 4.1177853169597824,
      "correlation_distance": 4.1177853169597824,
      "r2_score_real": -0.12668097019195557,
      "r2_score_synth": -1.1201457977294922,
      "rmse_real": 0.4590003802167028,
      "rmse_synth": 0.6296445174017985,
      "ml_efficiency_gap_percent": 784.225780740526,
      "dcr_mean": 138.53326416015625,
      "dcr_median": 77.39741516113281,
      "dcr_share": 0.39020681265206814,
      "identical_matches_fraction": 0.0,
      "authenticity": 0.6891727493917275,
      "fold": 4,
      "test_size": 2466,
      "synth_size": 9864,
      "vae_latent_dim": 8,
      "vae_num_heads": 5,
      "vae_input_dim": 15
    },
    {
      "ks_statistic_mean": 0.419519754373769,
      "ks_statistic_per_feature_mean": 0.419519754373769,
      "wasserstein_distance": 44.749237267034395,
      "kl_divergence": 0.45765077783469793,
      "js_divergence": 0.05891954964073592,
      "mmd": 0.024827095131739217,
      "swd": 126.23053655807367,
      "correlation_similarity": 0.7244538737688739,
      "pairwise_correlation_diff": 3.857645767263319,
      "correlation_distance": 3.857645767263319,
      "r2_score_real": -0.11795330047607422,
      "r2_score_synth": -3.9960365295410156,
      "rmse_real": 0.44818754839680786,
      "rmse_synth": 0.9474597220805245,
      "ml_efficiency_gap_percent": 3287.8123913553195,
      "dcr_mean": 237.3446807861328,
      "dcr_median": 91.672607421875,
      "dcr_share": 0.4308596918085969,
      "identical_matches_fraction": 0.0,
      "authenticity": 0.8063665855636658,
      "fold": 5,
      "test_size": 2466,
      "synth_size": 9864,
      "vae_latent_dim": 8,
      "vae_num_heads": 5,
      "vae_input_dim": 15
    }
  ],
  "summary": {
    "metrics_mean": {
      "ks_statistic_mean": 0.43285685320356854,
      "ks_statistic_per_feature_mean": 0.43285685320356854,
      "wasserstein_distance": 68.18261169320239,
      "kl_divergence": 0.9216910766219162,
      "js_divergence": 0.07234632450408132,
      "mmd": 0.02502783356542182,
      "swd": 255.52625134784722,
      "correlation_similarity": 0.6910543353512081,
      "pairwise_correlation_diff": 4.32523930511398,
      "correlation_distance": 4.32523930511398,
      "r2_score_real": -0.12154519557952881,
      "r2_score_synth": -1.6748119831085204,
      "rmse_real": 0.4560882166380031,
      "rmse_synth": 0.6772690784675389,
      "ml_efficiency_gap_percent": 1162.4333941013797,
      "dcr_mean": 159.8440414428711,
      "dcr_median": 70.30225677490235,
      "dcr_share": 0.4626520681265206,
      "identical_matches_fraction": 0.0,
      "authenticity": 0.7002433090024331
    },
    "metrics_std": {
      "ks_statistic_mean": 0.02907309913424765,
      "ks_statistic_per_feature_mean": 0.02907309913424765,
      "wasserstein_distance": 36.22607011115287,
      "kl_divergence": 0.5865262990236025,
      "js_divergence": 0.01497978460032288,
      "mmd": 0.0005150022722740338,
      "swd": 138.3257067332383,
      "correlation_similarity": 0.050624887298730256,
      "pairwise_correlation_diff": 0.7087484221872862,
      "correlation_distance": 0.7087484221872862,
      "r2_score_real": 0.0413834986407179,
      "r2_score_synth": 1.5035630762938357,
      "rmse_real": 0.017307222192177882,
      "rmse_synth": 0.20261228445383062,
      "ml_efficiency_gap_percent": 1158.559115723518,
      "dcr_mean": 60.44623208053065,
      "dcr_median": 19.300316381023684,
      "dcr_share": 0.04865451756800824,
      "identical_matches_fraction": 0.0,
      "authenticity": 0.07508790599253258
    },