{
  "metadata": {
    "dataset": "online_news_popularity",
    "model": "TABSYN_with_VAE",
    "n_folds": 5,
    "timestamp": "2025-12-31T11:14:59.789153",
    "evaluator_version": "2.0",
    "n_metrics": 20,
    "metrics_list": [
      "ks_statistic_mean",
      "ks_statistic_per_feature_mean",
      "wasserstein_distance",
      "kl_divergence",
      "js_divergence",
      "mmd",
      "swd",
      "correlation_similarity",
      "pairwise_correlation_diff",
      "correlation_distance",
      "r2_score_real",
      "r2_score_synth",
      "rmse_real",
      "rmse_synth",
      "ml_efficiency_gap_percent",
      "dcr_mean",
      "dcr_median",
      "dcr_share",
      "identical_matches_fraction",
      "authenticity"
    ],
    "vae_input_dim": 59,
    "vae_latent_dim": 8,
    "vae_num_heads": 1,
    "vae_epochs": 50
  },
  "folds": [
    {
      "ks_statistic_mean": 0.37642089604210877,
      "ks_statistic_per_feature_mean": 0.37642089604210877,
      "wasserstein_distance": 12660.068307940463,
      "kl_divergence": 0.7723985211877396,
      "js_divergence": 0.11770590070488442,
      "mmd": 0.012555880305422009,
      "swd": 74751.86855543031,
      "correlation_similarity": 0.7994615189324816,
      "pairwise_correlation_diff": 11.63123190193612,
      "correlation_distance": 11.63123190193612,
      "r2_score_real": -0.4084881544113159,
      "r2_score_synth": -0.09983956813812256,
      "rmse_real": 5854.919640780734,
      "rmse_synth": 5173.792612774501,
      "ml_efficiency_gap_percent": 75.55876050261378,
      "dcr_mean": 219953.40625,
      "dcr_median": 76779.390625,
      "dcr_share": 0.7191865048084503,
      "identical_matches_fraction": 0.0,
      "authenticity": 0.8806873719060382,
      "fold": 1,
      "test_size": 7929,
      "synth_size": 31715,
      "vae_latent_dim": 8,
      "vae_num_heads": 1,
      "vae_input_dim": 59
    },
    {
      "ks_statistic_mean": 0.4612715870935706,
      "ks_statistic_per_feature_mean": 0.4612715870935706,
      "wasserstein_distance": 23738.103423183045,
      "kl_divergence": 0.917787067711523,
      "js_divergence": 0.1510575209617472,
      "mmd": 0.012555880305422009,
      "swd": 123280.99819787996,
      "correlation_similarity": 0.7870690578899938,
      "pairwise_correlation_diff": 12.349994642401652,
      "correlation_distance": 12.349994642401652,
      "r2_score_real": -2.0431926250457764,
      "r2_score_synth": -0.08907163143157959,
      "rmse_real": 11867.137144231543,
      "rmse_synth": 7099.200800090106,
      "ml_efficiency_gap_percent": 95.64056612481244,
      "dcr_mean": 512912.4375,
      "dcr_median": 276437.25,
      "dcr_share": 0.8123285511587577,
      "identical_matches_fraction": 0.0,
      "authenticity": 0.9728204319722529,
      "fold": 2,
      "test_size": 7929,
      "synth_size": 31715,
      "vae_latent_dim": 8,
      "vae_num_heads": 1,
      "vae_input_dim": 59
    },
    {
      "ks_statistic_mean": 0.4248034645341025,
      "ks_statistic_per_feature_mean": 0.4248034645341025,
      "wasserstein_distance": 10270.765828434089,
      "kl_divergence": 0.9111498618687572,
      "js_divergence": 0.14145610757691318,
      "mmd": 0.012555880305752705,
      "swd": 51082.175400104585,
      "correlation_similarity": 0.7979836415859758,
      "pairwise_correlation_diff": 11.716948788033603,
      "correlation_distance": 11.716948788033603,
      "r2_score_real": -0.20890963077545166,
      "r2_score_synth": -0.023645520210266113,
      "rmse_real": 10012.940826750151,
      "rmse_synth": 9213.815713373044,
      "ml_efficiency_gap_percent": 88.68145995831006,
      "dcr_mean": 165656.953125,
      "dcr_median": 84763.5703125,
      "dcr_share": 0.6400441431499291,
      "identical_matches_fraction": 0.0,
      "authenticity": 0.9428976824846287,
      "fold": 3,
      "test_size": 7929,
      "synth_size": 31715,
      "vae_latent_dim": 8,
      "vae_num_heads": 1,
      "vae_input_dim": 59
    },
    {
      "ks_statistic_mean": 0.5038732027745662,
      "ks_statistic_per_feature_mean": 0.5038732027745662,
      "wasserstein_distance": 10913.498938495639,
      "kl_divergence": 0.9647601146694407,
      "js_divergence": 0.16715513183168937,
      "mmd": 0.012555959486613432,
      "swd": 39289.03017613873,
      "correlation_similarity": 0.7574906386956747,
      "pairwise_correlation_diff": 14.06554295567512,
      "correlation_distance": 14.06554295567512,
      "r2_score_real": -7.7852067947387695,
      "r2_score_synth": -0.046518564224243164,
      "rmse_real": 18068.29001316948,
      "rmse_synth": 6236.120909668125,
      "ml_efficiency_gap_percent": 99.4024749059244,
      "dcr_mean": 133619.984375,
      "dcr_median": 120134.3515625,
      "dcr_share": 0.38350938041935995,
      "identical_matches_fraction": 0.0,
      "authenticity": 0.9411950181302223,
      "fold": 4,
      "test_size": 7929,
      "synth_size": 31715,
      "vae_latent_dim": 8,
      "vae_num_heads": 1,
      "vae_input_dim": 59
    },
    {
      "ks_statistic_mean": 0.4285670603911464,
      "ks_statistic_per_feature_mean": 0.4285670603911464,
      "wasserstein_distance": 6755.265925539433,
      "kl_divergence": 0.8094093650089808,
      "js_divergence": 0.12986617409365495,
      "mmd": 0.012556474193384065,
      "swd": 39309.78633573005,
      "correlation_similarity": 0.7782076777341569,
      "pairwise_correlation_diff": 12.863954691441082,
      "correlation_distance": 12.863954691441082,
      "r2_score_real": -0.19215834140777588,
      "r2_score_synth": -0.14001870155334473,
      "rmse_real": 8025.958135948629,
      "rmse_synth": 7848.486223470103,
      "ml_efficiency_gap_percent": 27.13368541404431,
      "dcr_mean": 107170.046875,
      "dcr_median": 61135.65625,
      "dcr_share": 0.5852881826207592,
      "identical_matches_fraction": 0.0,
      "authenticity": 0.9066086517845883,
      "fold": 5,
      "test_size": 7928,
      "synth_size": 31716,
      "vae_latent_dim": 8,
      "vae_num_heads": 1,
      "vae_input_dim": 59
    }
  ],
  "summary": {
    "metrics_mean": {
      "ks_statistic_mean": 0.43898724216709895,
      "ks_statistic_per_feature_mean": 0.43898724216709895,
      "wasserstein_distance": 12867.540484718535,
      "kl_divergence": 0.8751009860892882,
      "js_divergence": 0.14144816703377783,
      "mmd": 0.012556014919318844,
      "swd": 65542.77173305672,
      "correlation_similarity": 0.7840425069676565,
      "pairwise_correlation_diff": 12.525534595897515,
      "correlation_distance": 12.525534595897515,
      "r2_score_real": -2.127591109275818,
      "r2_score_synth": -0.07981879711151123,
      "rmse_real": 10765.849152176108,
      "rmse_synth": 7114.283251875177,
      "ml_efficiency_gap_percent": 77.28338938114099,
      "dcr_mean": 227862.565625,
      "dcr_median": 123850.04375,
      "dcr_share": 0.6280713524314513,
      "identical_matches_fraction": 0.0,
      "authenticity": 0.9288418312555461
    },
    "metrics_std": {
      "ks_statistic_mean": 0.042263665994265114,
      "ks_statistic_per_feature_mean": 0.042263665994265114,
      "wasserstein_distance": 5764.262321753403,
      "kl_divergence": 0.0721437006591546,
      "js_divergence": 0.017035407573541828,
      "mmd": 2.3167566399831677e-07,
      "swd": 31638.734407322463,
      "correlation_similarity": 0.015364297027978849,
      "pairwise_correlation_diff": 0.8911292276243103,
      "correlation_distance": 0.8911292276243103,
      "r2_score_real": 2.911985299854322,
      "r2_score_synth": 0.04092631734820705,
      "rmse_real": 4164.842858090685,
      "rmse_synth": 1377.2429749642497,
      "ml_efficiency_gap_percent": 26.359525974832266,
      "dcr_mean": 147400.04795613547,
      "dcr_median": 78705.97826151061,
      "dcr_share": 0.1442476979134154,
      "identical_matches_fraction": 0.0,
      "authenticity": 0.031929458891016387
    },
    "metrics_min": {
      "ks_statistic_mean": 0.37642089604210877,