{
  "metadata": {
    "dataset": "bank_marketing",
    "model": "TABSYN_with_VAE",
    "n_folds": 5,
    "timestamp": "2025-12-31T11:20:39.421091",
    "evaluator_version": "2.0",
    "n_metrics": 20,
    "metrics_list": [
      "ks_statistic_mean",
      "ks_statistic_per_feature_mean",
      "wasserstein_distance",
      "kl_divergence",
      "js_divergence",
      "mmd",
      "swd",
      "correlation_similarity",
      "pairwise_correlation_diff",
      "correlation_distance",
      "r2_score_real",
      "r2_score_synth",
      "rmse_real",
      "rmse_synth",
      "ml_efficiency_gap_percent",
      "dcr_mean",
      "dcr_median",
      "dcr_share",
      "identical_matches_fraction",
      "authenticity"
    ],
    "vae_input_dim": 7,
    "vae_latent_dim": 8,
    "vae_num_heads": 7,
    "vae_epochs": 50
  },
  "folds": [
    {
      "ks_statistic_mean": 0.3475416666666667,
      "ks_statistic_per_feature_mean": 0.3475416666666667,
      "wasserstein_distance": 393.9252431988716,
      "kl_divergence": 1.2486519215553666,
      "js_divergence": 0.06667946457064565,
      "mmd": 0.025004277407150298,
      "swd": 994.4319187186477,
      "correlation_similarity": 0.5910129515323296,
      "pairwise_correlation_diff": 2.453922290846921,
      "correlation_distance": 2.453922290846921,
      "r2_score_real": 0.44792240858078003,
      "r2_score_synth": -0.26602208614349365,
      "rmse_real": 1.4391909895039676,
      "rmse_synth": 2.1794104177814977,
      "ml_efficiency_gap_percent": 159.39021603906164,
      "dcr_mean": 172.04063415527344,
      "dcr_median": 95.476318359375,
      "dcr_share": 0.486875,
      "identical_matches_fraction": 0.0,
      "authenticity": 0.504375,
      "fold": 1,
      "test_size": 2000,
      "synth_size": 8000,
      "vae_latent_dim": 8,
      "vae_num_heads": 7,
      "vae_input_dim": 7
    },
    {
      "ks_statistic_mean": 0.2794583333333333,
      "ks_statistic_per_feature_mean": 0.2794583333333333,
      "wasserstein_distance": 110.24597001075745,
      "kl_divergence": 0.688167297099454,
      "js_divergence": 0.04040589380703207,
      "mmd": 0.025041583398022635,
      "swd": 644.3249012990781,
      "correlation_similarity": 0.6429366653909363,
      "pairwise_correlation_diff": 2.1423800076900887,
      "correlation_distance": 2.1423800076900887,
      "r2_score_real": 0.3418475389480591,
      "r2_score_synth": -2.000664472579956,
      "rmse_real": 1.4352530457690742,
      "rmse_synth": 3.0646009439930104,
      "ml_efficiency_gap_percent": 685.2505121834271,
      "dcr_mean": 56.675445556640625,
      "dcr_median": 36.897186279296875,
      "dcr_share": 0.506125,
      "identical_matches_fraction": 0.0,
      "authenticity": 0.546,
      "fold": 2,
      "test_size": 2000,
      "synth_size": 8000,
      "vae_latent_dim": 8,
      "vae_num_heads": 7,
      "vae_input_dim": 7
    },
    {
      "ks_statistic_mean": 0.3692083333333333,
      "ks_statistic_per_feature_mean": 0.3692083333333333,
      "wasserstein_distance": 251.35074134667715,
      "kl_divergence": 1.8393383413668045,
      "js_divergence": 0.10751361391221448,
      "mmd": 0.02503126470282121,
      "swd": 870.4200389877383,
      "correlation_similarity": 0.6368336135047988,
      "pairwise_correlation_diff": 2.1789983190075235,
      "correlation_distance": 2.1789983190075235,
      "r2_score_real": 0.3559826612472534,
      "r2_score_synth": -2.6839563846588135,
      "rmse_real": 1.2411580648498537,
      "rmse_synth": 2.9684897860877713,
      "ml_efficiency_gap_percent": 853.9570537663432,
      "dcr_mean": 84.01823425292969,
      "dcr_median": 56.773529052734375,
      "dcr_share": 0.508625,
      "identical_matches_fraction": 0.0,
      "authenticity": 0.519375,
      "fold": 3,
      "test_size": 2000,
      "synth_size": 8000,
      "vae_latent_dim": 8,
      "vae_num_heads": 7,
      "vae_input_dim": 7
    },
    {
      "ks_statistic_mean": 0.38766666666666666,
      "ks_statistic_per_feature_mean": 0.38766666666666666,
      "wasserstein_distance": 255.82350943485895,
      "kl_divergence": 0.39363668686288006,
      "js_divergence": 0.05528374155506111,
      "mmd": 0.025012444365224217,
      "swd": 798.6243579231996,
      "correlation_similarity": 0.5812624931738699,
      "pairwise_correlation_diff": 2.5124250409986546,
      "correlation_distance": 2.5124250409986546,
      "r2_score_real": 0.3595619797706604,
      "r2_score_synth": 0.03943753242492676,
      "rmse_real": 1.4634824403700526,
      "rmse_synth": 1.7923044208145384,
      "ml_efficiency_gap_percent": 89.03178460356648,
      "dcr_mean": 91.93888854980469,
      "dcr_median": 66.93902587890625,
      "dcr_share": 0.4905,
      "identical_matches_fraction": 0.0,
      "authenticity": 0.52025,
      "fold": 4,
      "test_size": 2000,
      "synth_size": 8000,
      "vae_latent_dim": 8,
      "vae_num_heads": 7,
      "vae_input_dim": 7
    },
    {
      "ks_statistic_mean": 0.32827083333333335,
      "ks_statistic_per_feature_mean": 0.32827083333333335,
      "wasserstein_distance": 381.34552323818207,
      "kl_divergence": 1.256360009705356,
      "js_divergence": 0.05656607630448934,
      "mmd": 0.02501656121448722,
      "swd": 1381.3507241206812,
      "correlation_similarity": 0.7095071076964552,
      "pairwise_correlation_diff": 1.7429573538503182,
      "correlation_distance": 1.7429573538503182,
      "r2_score_real": -4.987307548522949,
      "r2_score_synth": -0.004786252975463867,
      "rmse_real": 4.1721173048196745,
      "rmse_synth": 1.7091397111324165,
      "ml_efficiency_gap_percent": 99.90403132494042,
      "dcr_mean": 106.08235168457031,
      "dcr_median": 47.97650146484375,
      "dcr_share": 0.455875,
      "identical_matches_fraction": 0.0,
      "authenticity": 0.515125,
      "fold": 5,
      "test_size": 2000,
      "synth_size": 8000,
      "vae_latent_dim": 8,
      "vae_num_heads": 7,
      "vae_input_dim": 7
    }
  ],
  "summary": {
    "metrics_mean": {
      "ks_statistic_mean": 0.3424291666666667,
      "ks_statistic_per_feature_mean": 0.3424291666666667,
      "wasserstein_distance": 278.53819744586946,
      "kl_divergence": 1.0852308513179723,
      "js_divergence": 0.06528975802988854,
      "mmd": 0.025021226217541114,
      "swd": 937.8303882098689,
      "correlation_similarity": 0.632310566259678,
      "pairwise_correlation_diff": 2.2061366024787015,
      "correlation_distance": 2.2061366024787015,
      "r2_score_real": -0.6963985919952392,
      "r2_score_synth": -0.9831983327865601,
      "rmse_real": 1.9502403690625243,
      "rmse_synth": 2.342789055961847,
      "ml_efficiency_gap_percent": 377.50671958346777,
      "dcr_mean": 102.15111083984375,
      "dcr_median": 60.81251220703125,
      "dcr_share": 0.4896,
      "identical_matches_fraction": 0.0,
      "authenticity": 0.5210250000000001
    },
    "metrics_std": {
      "ks_statistic_mean": 0.037297391553118925,
      "ks_statistic_per_feature_mean": 0.037297391553118925,
      "wasserstein_distance": 103.40300305100104,
      "kl_divergence": 0.5021218370062467,
      "js_divergence": 0.022716579747149402,
      "mmd": 1.3426327428961018e-05,
      "swd": 248.99074943440735,
      "correlation_similarity": 0.04561595487737047,
      "pairwise_correlation_diff": 0.2736957292687844,
      "correlation_distance": 0.2736957292687844,
      "r2_score_real": 2.145781176415161,
      "r2_score_synth": 1.135361737607934,
      "rmse_real": 1.1138089175834656,
      "rmse_synth": 0.5733674581859219,
      "ml_efficiency_gap_percent": 325.443393721623,
      "dcr_mean": 38.47369738978719,
      "dcr_median": 19.960626230972547,
      "dcr_share": 0.018871340704889005,
      "identical_matches_fraction": 0.0,
      "authenticity": 0.013704789308851125
    },
    "metrics_min": {
      "ks_statistic_mean": 0.2794583333333333,
      "ks_statistic_per_feature_mean": 0.2794583333333333,
      "wasserstein_distance": 110.24597001075745,