{
  "metadata": {
    "dataset": "king_county_housing",
    "model": "TABSYN_with_VAE",
    "n_folds": 5,
    "timestamp": "2025-12-31T11:16:32.652896",
    "evaluator_version": "2.0",
    "n_metrics": 20,
    "metrics_list": [
      "ks_statistic_mean",
      "ks_statistic_per_feature_mean",
      "wasserstein_distance",
      "kl_divergence",
      "js_divergence",
      "mmd",
      "swd",
      "correlation_similarity",
      "pairwise_correlation_diff",
      "correlation_distance",
      "r2_score_real",
      "r2_score_synth",
      "rmse_real",
      "rmse_synth",
      "ml_efficiency_gap_percent",
      "dcr_mean",
      "dcr_median",
      "dcr_share",
      "identical_matches_fraction",
      "authenticity"
    ],
    "vae_input_dim": 17,
    "vae_latent_dim": 8,
    "vae_num_heads": 1,
    "vae_epochs": 50
  },
  "folds": [
    {
      "ks_statistic_mean": 0.3413164702914603,
      "ks_statistic_per_feature_mean": 0.3413164702914603,
      "wasserstein_distance": 450.77708925987827,
      "kl_divergence": 0.4512890367329093,
      "js_divergence": 0.05965801415826315,
      "mmd": 0.017038848912751384,
      "swd": 7521.424733049368,
      "correlation_similarity": 0.8460725938499511,
      "pairwise_correlation_diff": 2.4628384984161737,
      "correlation_distance": 2.4628384984161737,
      "r2_score_real": 0.6644924283027649,
      "r2_score_synth": 0.5594235062599182,
      "rmse_real": 14762.078444446772,
      "rmse_synth": 16916.363675447512,
      "ml_efficiency_gap_percent": 15.811906587289776,
      "dcr_mean": 1148.283203125,
      "dcr_median": 650.7529296875,
      "dcr_share": 0.5515326778484673,
      "identical_matches_fraction": 0.0,
      "authenticity": 0.505320994794679,
      "fold": 1,
      "test_size": 4323,
      "synth_size": 17290,
      "vae_latent_dim": 8,
      "vae_num_heads": 1,
      "vae_input_dim": 17
    },
    {
      "ks_statistic_mean": 0.3418231335090516,
      "ks_statistic_per_feature_mean": 0.3418231335090516,
      "wasserstein_distance": 302.3079555678414,
      "kl_divergence": 0.2645746955953033,
      "js_divergence": 0.04893901468379942,
      "mmd": 0.017035326720804767,
      "swd": 5442.1033923684645,
      "correlation_similarity": 0.8197641571944216,
      "pairwise_correlation_diff": 2.8837734849072776,
      "correlation_distance": 2.8837734849072776,
      "r2_score_real": 0.6407406330108643,
      "r2_score_synth": 0.7004450559616089,
      "rmse_real": 15239.074512581137,
      "rmse_synth": 13915.30553024259,
      "ml_efficiency_gap_percent": 9.31803289424479,
      "dcr_mean": 1067.434326171875,
      "dcr_median": 536.9320068359375,
      "dcr_share": 0.5299016772700983,
      "identical_matches_fraction": 0.0,
      "authenticity": 0.5493927125506073,
      "fold": 2,
      "test_size": 4323,
      "synth_size": 17290,
      "vae_latent_dim": 8,
      "vae_num_heads": 1,
      "vae_input_dim": 17
    },
    {
      "ks_statistic_mean": 0.35798382513428717,
      "ks_statistic_per_feature_mean": 0.35798382513428717,
      "wasserstein_distance": 422.91306366340723,
      "kl_divergence": 0.45389926668795055,
      "js_divergence": 0.05863720367139133,
      "mmd": 0.017054629685672198,
      "swd": 4387.972525131807,
      "correlation_similarity": 0.8224804828463443,
      "pairwise_correlation_diff": 2.8403122744762412,
      "correlation_distance": 2.8403122744762412,
      "r2_score_real": 0.7024441957473755,
      "r2_score_synth": 0.627057671546936,
      "rmse_real": 16067.174487133698,
      "rmse_synth": 17987.720255774493,
      "ml_efficiency_gap_percent": 10.732030338756076,
      "dcr_mean": 1062.760498046875,
      "dcr_median": 637.0565185546875,
      "dcr_share": 0.489010989010989,
      "identical_matches_fraction": 0.0,
      "authenticity": 0.5028918449971082,
      "fold": 3,
      "test_size": 4323,
      "synth_size": 17290,
      "vae_latent_dim": 8,
      "vae_num_heads": 1,
      "vae_input_dim": 17
    },
    {
      "ks_statistic_mean": 0.3040113660531912,
      "ks_statistic_per_feature_mean": 0.3040113660531912,
      "wasserstein_distance": 325.48063790553715,
      "kl_divergence": 0.24612361423072016,
      "js_divergence": 0.05277818399717664,
      "mmd": 0.017031278997424723,
      "swd": 3620.918741245971,
      "correlation_similarity": 0.8243791262714724,
      "pairwise_correlation_diff": 2.8099339796740037,
      "correlation_distance": 2.8099339796740037,
      "r2_score_real": 0.5886496305465698,
      "r2_score_synth": 0.5456792116165161,
      "rmse_real": 16169.73815496095,
      "rmse_synth": 16993.32386556556,
      "ml_efficiency_gap_percent": 7.2998294231757255,
      "dcr_mean": 1863.9122314453125,
      "dcr_median": 828.2009887695312,
      "dcr_share": 0.49684807125093977,
      "identical_matches_fraction": 0.0,
      "authenticity": 0.6088138337863629,
      "fold": 4,
      "test_size": 4322,
      "synth_size": 17291,
      "vae_latent_dim": 8,
      "vae_num_heads": 1,
      "vae_input_dim": 17
    },
    {
      "ks_statistic_mean": 0.313883065148175,
      "ks_statistic_per_feature_mean": 0.313883065148175,
      "wasserstein_distance": 389.6482105489122,
      "kl_divergence": 0.2399371454080539,
      "js_divergence": 0.04646652870078764,
      "mmd": 0.017021904144949827,
      "swd": 4221.847829339388,
      "correlation_similarity": 0.8057881948494642,
      "pairwise_correlation_diff": 3.1073888824279945,
      "correlation_distance": 3.1073888824279945,
      "r2_score_real": 0.5212389230728149,
      "r2_score_synth": 0.6152858734130859,
      "rmse_real": 20497.643962172824,
      "rmse_synth": 18374.41786832987,
      "ml_efficiency_gap_percent": 18.042963826616038,
      "dcr_mean": 1272.09130859375,
      "dcr_median": 593.9714965820312,
      "dcr_share": 0.5302758660574866,
      "identical_matches_fraction": 0.0,
      "authenticity": 0.5260540165403967,
      "fold": 5,
      "test_size": 4322,
      "synth_size": 17291,
      "vae_latent_dim": 8,
      "vae_num_heads": 1,
      "vae_input_dim": 17
    }
  ],
  "summary": {
    "metrics_mean": {
      "ks_statistic_mean": 0.33180357202723304,
      "ks_statistic_per_feature_mean": 0.33180357202723304,
      "wasserstein_distance": 378.22539138911526,
      "kl_divergence": 0.3311647517309874,
      "js_divergence": 0.05329578904228364,
      "mmd": 0.01703639769232058,
      "swd": 5038.853444227001,
      "correlation_similarity": 0.8236969110023307,
      "pairwise_correlation_diff": 2.820849423980338,
      "correlation_distance": 2.820849423980338,
      "r2_score_real": 0.6235131621360779,
      "r2_score_synth": 0.609578263759613,
      "rmse_real": 16547.141912259078,
      "rmse_synth": 16837.426239072003,
      "ml_efficiency_gap_percent": 12.24095261401648,
      "dcr_mean": 1282.8963134765625,
      "dcr_median": 649.3827880859375,
      "dcr_share": 0.5195138562875962,
      "identical_matches_fraction": 0.0,
      "authenticity": 0.5384946805338309
    },
    "metrics_std": {
      "ks_statistic_mean": 0.01984864619125865,
      "ks_statistic_per_feature_mean": 0.01984864619125865,
      "wasserstein_distance": 56.45650325073823,
      "kl_divergence": 0.09948096482025999,
      "js_divergence": 0.0051941662135869685,
      "mmd": 1.0731495664506717e-05,
      "swd": 1373.131726549149,
      "correlation_similarity": 0.01295225821844969,
      "pairwise_correlation_diff": 0.20723613149649053,
      "correlation_distance": 0.20723613149649053,
      "r2_score_real": 0.06305819516305818,
      "r2_score_synth": 0.0551243485118365,
      "rmse_real": 2043.3678414712926,
      "rmse_synth": 1565.557039462177,
      "ml_efficiency_gap_percent": 4.041040729773431,
      "dcr_mean": 300.2334357630034,
      "dcr_median": 97.8216259670116,
      "dcr_share": 0.023208168116509588,
      "identical_matches_fraction": 0.0,
      "authenticity": 0.03895221652323327
    },
    "metrics_min": {
      "ks_statistic_mean": 0.3040113660531912,