{
  "metadata": {
    "dataset": "adult_numeric",
    "model": "TABSYN_with_VAE",
    "n_folds": 5,
    "timestamp": "2025-12-31T11:17:45.325497",
    "evaluator_version": "2.0",
    "n_metrics": 20,
    "metrics_list": [
      "ks_statistic_mean",
      "ks_statistic_per_feature_mean",
      "wasserstein_distance",
      "kl_divergence",
      "js_divergence",
      "mmd",
      "swd",
      "correlation_similarity",
      "pairwise_correlation_diff",
      "correlation_distance",
      "r2_score_real",
      "r2_score_synth",
      "rmse_real",
      "rmse_synth",
      "ml_efficiency_gap_percent",
      "dcr_mean",
      "dcr_median",
      "dcr_share",
      "identical_matches_fraction",
      "authenticity"
    ],
    "vae_input_dim": 11,
    "vae_latent_dim": 8,
    "vae_num_heads": 1,
    "vae_epochs": 50
  },
  "folds": [
    {
      "ks_statistic_mean": 0.4429,
      "ks_statistic_per_feature_mean": 0.4429,
      "wasserstein_distance": 8.319456607475876,
      "kl_divergence": 4.043457570859405,
      "js_divergence": 0.23332930211455,
      "mmd": 0.04120544174637427,
      "swd": 21.47309968226618,
      "correlation_similarity": 0.6569901708401117,
      "pairwise_correlation_diff": 3.4300982916331844,
      "correlation_distance": 3.4300982916331844,
      "r2_score_real": -0.2583286762237549,
      "r2_score_synth": -0.08354246616363525,
      "rmse_real": 0.5140515798782843,
      "rmse_synth": 0.4770156394485921,
      "ml_efficiency_gap_percent": 67.66039783702766,
      "dcr_mean": 28.05232048034668,
      "dcr_median": 31.723773956298828,
      "dcr_share": 0.4435,
      "identical_matches_fraction": 0.0,
      "authenticity": 0.803,
      "fold": 1,
      "test_size": 1000,
      "synth_size": 4000,
      "vae_latent_dim": 8,
      "vae_num_heads": 1,
      "vae_input_dim": 11
    },
    {
      "ks_statistic_mean": 0.4401250000000001,
      "ks_statistic_per_feature_mean": 0.4401250000000001,
      "wasserstein_distance": 9.37589763700962,
      "kl_divergence": 3.9473233846432643,
      "js_divergence": 0.24574107401681458,
      "mmd": 0.0455892500142899,
      "swd": 23.990807462193903,
      "correlation_similarity": 0.6012104903418232,
      "pairwise_correlation_diff": 3.9878950966216475,
      "correlation_distance": 3.9878950966216475,
      "r2_score_real": -0.3222619295120239,
      "r2_score_synth": -0.09409952163696289,
      "rmse_real": 0.5190798871035209,
      "rmse_synth": 0.4721759531160657,
      "ml_efficiency_gap_percent": 70.80029844684091,
      "dcr_mean": 28.787458419799805,
      "dcr_median": 31.402942657470703,
      "dcr_share": 0.184,
      "identical_matches_fraction": 0.0,
      "authenticity": 0.8145,
      "fold": 2,
      "test_size": 1000,
      "synth_size": 4000,
      "vae_latent_dim": 8,
      "vae_num_heads": 1,
      "vae_input_dim": 11
    },
    {
      "ks_statistic_mean": 0.47742500000000004,
      "ks_statistic_per_feature_mean": 0.47742500000000004,
      "wasserstein_distance": 8.63357387855649,
      "kl_divergence": 5.502984448196644,
      "js_divergence": 0.24457366550566198,
      "mmd": 0.04630353848202306,
      "swd": 22.220306780460007,
      "correlation_similarity": 0.4695930686278872,
      "pairwise_correlation_diff": 5.304069313774169,
      "correlation_distance": 5.304069313774169,
      "r2_score_real": -0.055254578590393066,
      "r2_score_synth": 0.04218113422393799,
      "rmse_real": 0.45605998066805803,
      "rmse_synth": 0.4344952464902706,
      "ml_efficiency_gap_percent": 176.33961800094497,
      "dcr_mean": 28.709632873535156,
      "dcr_median": 31.15482521057129,
      "dcr_share": 0.302,
      "identical_matches_fraction": 0.0,
      "authenticity": 0.92425,
      "fold": 3,
      "test_size": 1000,
      "synth_size": 4000,
      "vae_latent_dim": 8,
      "vae_num_heads": 1,
      "vae_input_dim": 11
    },
    {
      "ks_statistic_mean": 0.4482499999999999,
      "ks_statistic_per_feature_mean": 0.4482499999999999,
      "wasserstein_distance": 8.262439396604895,
      "kl_divergence": 3.83360210607169,
      "js_divergence": 0.219922574959262,
      "mmd": 0.040520877569247236,
      "swd": 20.94514395885924,
      "correlation_similarity": 0.6834822548260444,
      "pairwise_correlation_diff": 3.1651774517712084,
      "correlation_distance": 3.1651774517712084,
      "r2_score_real": -0.2930237054824829,
      "r2_score_synth": 0.134110689163208,
      "rmse_real": 0.4956230122885947,
      "rmse_synth": 0.4055826868637719,
      "ml_efficiency_gap_percent": 145.76786336872846,
      "dcr_mean": 28.018054962158203,
      "dcr_median": 30.857114791870117,
      "dcr_share": 0.50275,
      "identical_matches_fraction": 0.0,
      "authenticity": 0.89275,
      "fold": 4,
      "test_size": 1000,
      "synth_size": 4000,
      "vae_latent_dim": 8,
      "vae_num_heads": 1,
      "vae_input_dim": 11
    },
    {
      "ks_statistic_mean": 0.48282500000000006,
      "ks_statistic_per_feature_mean": 0.48282500000000006,
      "wasserstein_distance": 9.10129074715078,
      "kl_divergence": 4.147804455324647,
      "js_divergence": 0.2390199142255268,
      "mmd": 0.04894356129074572,
      "swd": 23.00845867334804,
      "correlation_similarity": 0.5827593765814504,
      "pairwise_correlation_diff": 4.17240623422722,
      "correlation_distance": 4.17240623422722,
      "r2_score_real": -0.32112550735473633,
      "r2_score_synth": -1.2505018711090088,
      "rmse_real": 0.5041672082640626,
      "rmse_synth": 0.6580247722284608,
      "ml_efficiency_gap_percent": 289.41219008417863,
      "dcr_mean": 28.876253128051758,
      "dcr_median": 31.438373565673828,
      "dcr_share": 0.394,
      "identical_matches_fraction": 0.0,
      "authenticity": 0.94175,
      "fold": 5,
      "test_size": 1000,
      "synth_size": 4000,
      "vae_latent_dim": 8,
      "vae_num_heads": 1,
      "vae_input_dim": 11
    }
  ],
  "summary": {
    "metrics_mean": {
      "ks_statistic_mean": 0.458305,
      "ks_statistic_per_feature_mean": 0.458305,
      "wasserstein_distance": 8.738531653359532,
      "kl_divergence": 4.29503439301913,
      "js_divergence": 0.23651730616436306,
      "mmd": 0.04451253382053604,
      "swd": 22.327563311425475,
      "correlation_similarity": 0.5988070722434633,
      "pairwise_correlation_diff": 4.011929277605486,
      "correlation_distance": 4.011929277605486,
      "r2_score_real": -0.24999887943267823,
      "r2_score_synth": -0.2503704071044922,
      "rmse_real": 0.49779633364050413,
      "rmse_synth": 0.4894588596294322,
      "ml_efficiency_gap_percent": 149.9960735475441,
      "dcr_mean": 28.48874397277832,
      "dcr_median": 31.315406036376952,
      "dcr_share": 0.36524999999999996,
      "identical_matches_fraction": 0.0,
      "authenticity": 0.8752500000000001
    },
    "metrics_std": {
      "ks_statistic_mean": 0.01808720127604048,
      "ks_statistic_per_feature_mean": 0.01808720127604048,
      "wasserstein_distance": 0.43614984185671984,
      "kl_divergence": 0.6128513014733952,
      "js_divergence": 0.009399939786307496,
      "mmd": 0.003189708372768565,
      "swd": 1.0846838177361655,
      "correlation_similarity": 0.0741818349633965,
      "pairwise_correlation_diff": 0.741818349641383,
      "correlation_distance": 0.741818349641383,
      "r2_score_real": 0.10012672918664624,
      "r2_score_synth": 0.507134541228665,
      "rmse_real": 0.022380604133366632,
      "rmse_synth": 0.08823175233835978,
      "ml_efficiency_gap_percent": 81.48600853440976,
      "dcr_mean": 0.37421896857920567,
      "dcr_median": 0.2916727953454902,
      "dcr_share": 0.11198928520175493,
      "identical_matches_fraction": 0.0,
      "authenticity": 0.056639429728767565
    },
    "metrics_min": {
      "ks_statistic_mean": 0.4401250000000001,
      "ks_statistic_per_feature_mean": 0.4401250000000001,
      "wasserstein_distance": 8.262439396604895,
      "kl_divergence": 3.83360210607169,