{
  "metadata": {
    "dataset": "california_housing",
    "model": "TABSYN_with_VAE",
    "n_folds": 5,
    "timestamp": "2025-12-31T11:05:37.864796",
    "evaluator_version": "2.0",
    "n_metrics": 20,
    "metrics_list": [
      "ks_statistic_mean",
      "ks_statistic_per_feature_mean",
      "wasserstein_distance",
      "kl_divergence",
      "js_divergence",
      "mmd",
      "swd",
      "correlation_similarity",
      "pairwise_correlation_diff",
      "correlation_distance",
      "r2_score_real",
      "r2_score_synth",
      "rmse_real",
      "rmse_synth",
      "ml_efficiency_gap_percent",
      "dcr_mean",
      "dcr_median",
      "dcr_share",
      "identical_matches_fraction",
      "authenticity"
    ],
    "vae_input_dim": 8,
    "vae_latent_dim": 8,
    "vae_num_heads": 8,
    "vae_epochs": 50
  },
  "folds": [
    {
      "ks_statistic_mean": 0.17650366832779624,
      "ks_statistic_per_feature_mean": 0.17650366832779624,
      "wasserstein_distance": 25.141531564295292,
      "kl_divergence": 0.07684249172798716,
      "js_divergence": 0.012786173620351603,
      "mmd": 0.018367630171172617,
      "swd": 89.49629853990062,
      "correlation_similarity": 0.7397851615068558,
      "pairwise_correlation_diff": 1.8215038694780303,
      "correlation_distance": 1.8215038694780303,
      "r2_score_real": 0.9437671303749084,
      "r2_score_synth": 0.8840522766113281,
      "rmse_real": 0.47553393884532735,
      "rmse_synth": 0.6828375857565847,
      "ml_efficiency_gap_percent": 6.327286874237588,
      "dcr_mean": 5.502762317657471,
      "dcr_median": 4.410761833190918,
      "dcr_share": 0.5376695736434108,
      "identical_matches_fraction": 0.0,
      "authenticity": 0.4241157945736434,
      "fold": 1,
      "test_size": 4128,
      "synth_size": 16512,
      "vae_latent_dim": 8,
      "vae_num_heads": 8,
      "vae_input_dim": 8
    },
    {
      "ks_statistic_mean": 0.1452623200442968,
      "ks_statistic_per_feature_mean": 0.1452623200442968,
      "wasserstein_distance": 25.152451039424964,
      "kl_divergence": 0.06405812502958447,
      "js_divergence": 0.014199995629128872,
      "mmd": 0.018025783045753068,
      "swd": 95.09661063465649,
      "correlation_similarity": 0.782589882799192,
      "pairwise_correlation_diff": 1.521870820427397,
      "correlation_distance": 1.521870820427397,
      "r2_score_real": 0.9306768178939819,
      "r2_score_synth": 0.8745124340057373,
      "rmse_real": 0.5297393638403604,
      "rmse_synth": 0.7127270654623193,
      "ml_efficiency_gap_percent": 6.034789177981072,
      "dcr_mean": 6.336453437805176,
      "dcr_median": 4.763712406158447,
      "dcr_share": 0.5348837209302325,
      "identical_matches_fraction": 0.0,
      "authenticity": 0.4579093992248062,
      "fold": 2,
      "test_size": 4128,
      "synth_size": 16512,
      "vae_latent_dim": 8,
      "vae_num_heads": 8,
      "vae_input_dim": 8
    },
    {
      "ks_statistic_mean": 0.12313122923588041,
      "ks_statistic_per_feature_mean": 0.12313122923588041,
      "wasserstein_distance": 31.98279795795679,
      "kl_divergence": 0.08006121196173785,
      "js_divergence": 0.010802033511295465,
      "mmd": 0.018803278491966842,
      "swd": 114.79173156557427,
      "correlation_similarity": 0.741283244958514,
      "pairwise_correlation_diff": 1.8110172853162732,
      "correlation_distance": 1.8110172853162732,
      "r2_score_real": 0.9302136301994324,
      "r2_score_synth": 0.8739100694656372,
      "rmse_real": 0.525649676928679,
      "rmse_synth": 0.7065637001523434,
      "ml_efficiency_gap_percent": 6.05275593754996,
      "dcr_mean": 5.032433032989502,
      "dcr_median": 4.234945297241211,
      "dcr_share": 0.5368217054263565,
      "identical_matches_fraction": 0.0,
      "authenticity": 0.4181201550387597,
      "fold": 3,
      "test_size": 4128,
      "synth_size": 16512,
      "vae_latent_dim": 8,
      "vae_num_heads": 8,
      "vae_input_dim": 8
    },
    {
      "ks_statistic_mean": 0.16435665836101881,
      "ks_statistic_per_feature_mean": 0.16435665836101881,
      "wasserstein_distance": 31.440635029758727,
      "kl_divergence": 0.08627018320472635,
      "js_divergence": 0.009802214025030537,
      "mmd": 0.02178606298611942,
      "swd": 132.0138064219518,
      "correlation_similarity": 0.7409671551878464,
      "pairwise_correlation_diff": 1.8132299137109786,
      "correlation_distance": 1.8132299137109786,
      "r2_score_real": 0.9346837401390076,
      "r2_score_synth": 0.8723056316375732,
      "rmse_real": 0.5150625745016201,
      "rmse_synth": 0.7201704005090379,
      "ml_efficiency_gap_percent": 6.673712810298525,
      "dcr_mean": 6.040186882019043,
      "dcr_median": 4.2669219970703125,
      "dcr_share": 0.49109738372093026,
      "identical_matches_fraction": 0.0,
      "authenticity": 0.40867248062015504,
      "fold": 4,
      "test_size": 4128,
      "synth_size": 16512,
      "vae_latent_dim": 8,
      "vae_num_heads": 8,
      "vae_input_dim": 8
    },
    {
      "ks_statistic_mean": 0.1587936046511628,
      "ks_statistic_per_feature_mean": 0.1587936046511628,
      "wasserstein_distance": 40.187981557633194,
      "kl_divergence": 0.10026679276725058,
      "js_divergence": 0.01370925870656685,
      "mmd": 0.018905394483741796,
      "swd": 175.65060939789203,
      "correlation_similarity": 0.797647476995378,
      "pairwise_correlation_diff": 1.4164676610525895,
      "correlation_distance": 1.4164676610525895,
      "r2_score_real": 0.938841700553894,
      "r2_score_synth": 0.8956924080848694,
      "rmse_real": 0.49786695334588094,
      "rmse_synth": 0.6501949118936392,
      "ml_efficiency_gap_percent": 4.596013624402027,
      "dcr_mean": 5.301573753356934,
      "dcr_median": 4.23484992980957,
      "dcr_share": 0.5345203488372093,
      "identical_matches_fraction": 0.0,
      "authenticity": 0.4105499031007752,
      "fold": 5,
      "test_size": 4128,
      "synth_size": 16512,
      "vae_latent_dim": 8,
      "vae_num_heads": 8,
      "vae_input_dim": 8
    }
  ],
  "summary": {
    "metrics_mean": {
      "ks_statistic_mean": 0.15360949612403102,
      "ks_statistic_per_feature_mean": 0.15360949612403102,
      "wasserstein_distance": 30.781079429813794,
      "kl_divergence": 0.08149976093825728,
      "js_divergence": 0.012259935098474666,
      "mmd": 0.019177629835750748,
      "swd": 121.40981131199506,
      "correlation_similarity": 0.7604545842895573,
      "pairwise_correlation_diff": 1.676817909997054,
      "correlation_distance": 1.676817909997054,
      "r2_score_real": 0.9356366038322449,
      "r2_score_synth": 0.880094563961029,
      "rmse_real": 0.5087705014923736,
      "rmse_synth": 0.6944987327547849,
      "ml_efficiency_gap_percent": 5.936911684893834,
      "dcr_mean": 5.642681884765625,
      "dcr_median": 4.382238292694092,
      "dcr_share": 0.526998546511628,
      "identical_matches_fraction": 0.0,
      "authenticity": 0.4238735465116279
    },
    "metrics_std": {
      "ks_statistic_mean": 0.018248943527099305,
      "ks_statistic_per_feature_mean": 0.018248943527099305,
      "wasserstein_distance": 5.547159747785158,
      "kl_divergence": 0.011856885384419901,
      "js_divergence": 0.0016915774104801617,
      "mmd": 0.001341717183288873,
      "swd": 31.013431593932143,
      "correlation_similarity": 0.02468930088458398,
      "pairwise_correlation_diff": 0.17282510619455677,
      "correlation_distance": 0.17282510619455677,
      "r2_score_real": 0.0051243375308334905,
      "r2_score_synth": 0.008820791851921571,
      "rmse_real": 0.019938637832640396,
      "rmse_synth": 0.025438871708845873,
      "ml_efficiency_gap_percent": 0.7094048477435123,
      "dcr_mean": 0.47909604346420753,
      "dcr_median": 0.20152046827334572,
      "dcr_share": 0.017988953536392117,
      "identical_matches_fraction": 0.0,
      "authenticity": 0.01788961344162164
    },