{
  "metadata": {
    "dataset": "covertype",
    "model": "TABSYN_with_VAE",
    "n_folds": 5,
    "timestamp": "2025-12-31T11:22:57.917726",
    "evaluator_version": "2.0",
    "n_metrics": 20,
    "metrics_list": [
      "ks_statistic_mean",
      "ks_statistic_per_feature_mean",
      "wasserstein_distance",
      "kl_divergence",
      "js_divergence",
      "mmd",
      "swd",
      "correlation_similarity",
      "pairwise_correlation_diff",
      "correlation_distance",
      "r2_score_real",
      "r2_score_synth",
      "rmse_real",
      "rmse_synth",
      "ml_efficiency_gap_percent",
      "dcr_mean",
      "dcr_median",
      "dcr_share",
      "identical_matches_fraction",
      "authenticity"
    ],
    "vae_input_dim": 54,
    "vae_latent_dim": 8,
    "vae_num_heads": 6,
    "vae_epochs": 50
  },
  "folds": [
    {
      "ks_statistic_mean": 0.47902122641509426,
      "ks_statistic_per_feature_mean": 0.47902122641509426,
      "wasserstein_distance": 17.56350000826791,
      "kl_divergence": 0.3893018698835933,
      "js_divergence": 0.1088711012248642,
      "mmd": 0.025,
      "swd": 83.58509892232318,
      "correlation_similarity": 0.8580468547249196,
      "pairwise_correlation_diff": 7.5235166995934595,
      "correlation_distance": 7.5235166995934595,
      "r2_score_real": 0.35569220781326294,
      "r2_score_synth": -1.1587462425231934,
      "rmse_real": 0.0692536376043352,
      "rmse_synth": 0.12676422296898587,
      "ml_efficiency_gap_percent": 425.7721752317753,
      "dcr_mean": 264.7986145019531,
      "dcr_median": 223.47142028808594,
      "dcr_share": 0.5155,
      "identical_matches_fraction": 0.0,
      "authenticity": 0.558875,
      "fold": 1,
      "test_size": 2000,
      "synth_size": 8000,
      "vae_latent_dim": 8,
      "vae_num_heads": 6,
      "vae_input_dim": 54
    },
    {
      "ks_statistic_mean": 0.4929033018867925,
      "ks_statistic_per_feature_mean": 0.4929033018867925,
      "wasserstein_distance": 19.929853803566346,
      "kl_divergence": 0.46638832612735565,
      "js_divergence": 0.13325030084919498,
      "mmd": 0.025,
      "swd": 97.2361594162431,
      "correlation_similarity": 0.842957346783441,
      "pairwise_correlation_diff": 8.323260620493333,
      "correlation_distance": 8.323260620493333,
      "r2_score_real": -0.2179856300354004,
      "r2_score_synth": -0.5722614526748657,
      "rmse_real": 0.09521754823413947,
      "rmse_synth": 0.10818281723352587,
      "ml_efficiency_gap_percent": 162.52255829062295,
      "dcr_mean": 282.0931396484375,
      "dcr_median": 227.26760864257812,
      "dcr_share": 0.52225,
      "identical_matches_fraction": 0.0,
      "authenticity": 0.6265,
      "fold": 2,
      "test_size": 2000,
      "synth_size": 8000,
      "vae_latent_dim": 8,
      "vae_num_heads": 6,
      "vae_input_dim": 54
    },
    {
      "ks_statistic_mean": 0.5008962264150942,
      "ks_statistic_per_feature_mean": 0.5008962264150942,
      "wasserstein_distance": 16.65395342311733,
      "kl_divergence": 0.4166077414621459,
      "js_divergence": 0.11160130164491572,
      "mmd": 0.025000000037649833,
      "swd": 78.94868453478692,
      "correlation_similarity": 0.8349949958439453,
      "pairwise_correlation_diff": 8.745265220287402,
      "correlation_distance": 8.745265220287402,
      "r2_score_real": 0.33582305908203125,
      "r2_score_synth": -1.0359187126159668,
      "rmse_real": 0.11409588286078785,
      "rmse_synth": 0.19975987973266768,
      "ml_efficiency_gap_percent": 408.47158484222,
      "dcr_mean": 225.07833862304688,
      "dcr_median": 204.657470703125,
      "dcr_share": 0.510375,
      "identical_matches_fraction": 0.0,
      "authenticity": 0.547125,
      "fold": 3,
      "test_size": 2000,
      "synth_size": 8000,
      "vae_latent_dim": 8,
      "vae_num_heads": 6,
      "vae_input_dim": 54
    },
    {
      "ks_statistic_mean": 0.522002358490566,
      "ks_statistic_per_feature_mean": 0.522002358490566,
      "wasserstein_distance": 41.16906898971919,
      "kl_divergence": 0.45514864465898275,
      "js_divergence": 0.12035418487913689,
      "mmd": 0.025,
      "swd": 171.33002031090837,
      "correlation_similarity": 0.8229581309980105,
      "pairwise_correlation_diff": 9.383219057123148,
      "correlation_distance": 9.383219057123148,
      "r2_score_real": 0.23770183324813843,
      "r2_score_synth": -2.436002492904663,
      "rmse_real": 0.08687204781325764,
      "rmse_synth": 0.18443542678311536,
      "ml_efficiency_gap_percent": 1124.814348134078,
      "dcr_mean": 262.3043518066406,
      "dcr_median": 236.88485717773438,
      "dcr_share": 0.492625,
      "identical_matches_fraction": 0.0,
      "authenticity": 0.622,
      "fold": 4,
      "test_size": 2000,
      "synth_size": 8000,
      "vae_latent_dim": 8,
      "vae_num_heads": 6,
      "vae_input_dim": 54
    },
    {
      "ks_statistic_mean": 0.49767688679245287,
      "ks_statistic_per_feature_mean": 0.49767688679245287,
      "wasserstein_distance": 16.808593072423196,
      "kl_divergence": 0.39327860555268945,
      "js_divergence": 0.1118485385698926,
      "mmd": 0.025,
      "swd": 86.00112370637667,
      "correlation_similarity": 0.8496404626491708,
      "pairwise_correlation_diff": 7.969055479608981,
      "correlation_distance": 7.969055479608981,
      "r2_score_real": 0.4794093370437622,
      "r2_score_synth": -0.0668572187423706,
      "rmse_real": 0.08770248887109848,
      "rmse_synth": 0.12555005078432446,
      "ml_efficiency_gap_percent": 113.94574814805236,
      "dcr_mean": 247.99794006347656,
      "dcr_median": 210.42947387695312,
      "dcr_share": 0.527,
      "identical_matches_fraction": 0.0,
      "authenticity": 0.607625,
      "fold": 5,
      "test_size": 2000,
      "synth_size": 8000,
      "vae_latent_dim": 8,
      "vae_num_heads": 6,
      "vae_input_dim": 54
    }
  ],
  "summary": {
    "metrics_mean": {
      "ks_statistic_mean": 0.49849999999999994,
      "ks_statistic_per_feature_mean": 0.49849999999999994,
      "wasserstein_distance": 22.424993859418795,
      "kl_divergence": 0.42414503753695343,
      "js_divergence": 0.11718508543360089,
      "mmd": 0.025000000007529964,
      "swd": 103.42021737812766,
      "correlation_similarity": 0.8417195581998975,
      "pairwise_correlation_diff": 8.388863415421266,
      "correlation_distance": 8.388863415421266,
      "r2_score_real": 0.2381281614303589,
      "r2_score_synth": -1.053957223892212,
      "rmse_real": 0.09062832107672372,
      "rmse_synth": 0.14893847950052386,
      "ml_efficiency_gap_percent": 447.1052829293497,
      "dcr_mean": 256.45447692871096,
      "dcr_median": 220.54216613769532,
      "dcr_share": 0.5135500000000001,
      "identical_matches_fraction": 0.0,
      "authenticity": 0.592425
    },
    "metrics_std": {
      "ks_statistic_mean": 0.013924984173393625,
      "ks_statistic_per_feature_mean": 0.013924984173393625,
      "wasserstein_distance": 9.445094646122234,
      "kl_divergence": 0.03152558603162777,
      "js_divergence": 0.00890970308030071,
      "mmd": 1.5059932467754012e-11,
      "swd": 34.483899360277675,
      "correlation_similarity": 0.01206701578037305,
      "pairwise_correlation_diff": 0.6395518363609785,
      "correlation_distance": 0.6395518363609785,
      "r2_score_real": 0.24067495767340125,
      "r2_score_synth": 0.7909175036740427,
      "rmse_real": 0.014500583701777888,
      "rmse_synth": 0.03617343844673776,
      "ml_efficiency_gap_percent": 361.44704839051667,
      "dcr_mean": 19.063901828921324,
      "dcr_median": 11.62312996575167,
      "dcr_share": 0.011902363210724172,
      "identical_matches_fraction": 0.0,
      "authenticity": 0.03299854163444196
    },
    "metrics_min": {
      "ks_statistic_mean": 0.47902122641509426,
      "ks_statistic_per_feature_mean": 0.47902122641509426,
      "wasserstein_distance": 16.65395342311733,
      "kl_divergence": 0.3893018698835933,