{
  "metadata": {
    "dataset": "online_shoppers",
    "model": "XGBOOSTDSBM",
    "n_folds": 5,
    "timestamp": "2026-01-02T13:02:52.035706",
    "n_metrics": 20
  },
  "folds": [
    {
      "ks_statistic_mean": 0.274837793998378,
      "ks_statistic_per_feature_mean": 0.274837793998378,
      "wasserstein_distance": 0.16072601665343558,
      "kl_divergence": 0.05919968717790817,
      "js_divergence": 0.010352493281515494,
      "mmd": 0.11604265924343943,
      "swd": 0.3015526622990766,
      "correlation_similarity": 0.9301654131512617,
      "pairwise_correlation_diff": 0.9776842158893198,
      "correlation_distance": 0.9776842158893198,
      "r2_score_real": -0.05669987201690674,
      "r2_score_synth": -0.0075522661209106445,
      "rmse_real": 1.0343200184941088,
      "rmse_synth": 1.0099803467528596,
      "ml_efficiency_gap_percent": 86.68027659981541,
      "dcr_mean": 0.8618325591087341,
      "dcr_median": 0.7115998864173889,
      "dcr_share": 0.5018248175182481,
      "identical_matches_fraction": 0.0,
      "authenticity": 0.5983373884833739,
      "fold": 1,
      "test_size": 2466,
      "synth_size": 9864
    },
    {
      "ks_statistic_mean": 0.27496813810682424,
      "ks_statistic_per_feature_mean": 0.27496813810682424,
      "wasserstein_distance": 0.1601101436785289,
      "kl_divergence": 0.06762836977764351,
      "js_divergence": 0.010584058198004979,
      "mmd": 0.10621215589670897,
      "swd": 0.3699553983229912,
      "correlation_similarity": 0.9144727145019432,
      "pairwise_correlation_diff": 1.1973819969813473,
      "correlation_distance": 1.1973819969813473,
      "r2_score_real": -0.187219500541687,
      "r2_score_synth": -0.08703100681304932,
      "rmse_real": 1.1544507435649332,
      "rmse_synth": 1.1046656734571056,
      "ml_efficiency_gap_percent": 53.513919991646034,
      "dcr_mean": 0.8624754548072815,
      "dcr_median": 0.7172592878341675,
      "dcr_share": 0.49635036496350365,
      "identical_matches_fraction": 0.0,
      "authenticity": 0.5940794809407948,
      "fold": 2,
      "test_size": 2466,
      "synth_size": 9864
    },
    {
      "ks_statistic_mean": 0.2721874637933032,
      "ks_statistic_per_feature_mean": 0.2721874637933032,
      "wasserstein_distance": 0.14989664192710603,
      "kl_divergence": 0.07392461867091069,
      "js_divergence": 0.010925418759527234,
      "mmd": 0.1086601616430023,
      "swd": 0.27906331677559054,
      "correlation_similarity": 0.9484784138610489,
      "pairwise_correlation_diff": 0.7213022059504672,
      "correlation_distance": 0.7213022059504672,
      "r2_score_real": -0.11917245388031006,
      "r2_score_synth": -0.03994405269622803,
      "rmse_real": 1.0614629621220752,
      "rmse_synth": 1.02320195173744,
      "ml_efficiency_gap_percent": 66.48214298218149,
      "dcr_mean": 0.8631937503814697,
      "dcr_median": 0.7161059975624084,
      "dcr_share": 0.48570559610705594,
      "identical_matches_fraction": 0.0,
      "authenticity": 0.573499594484996,
      "fold": 3,
      "test_size": 2466,
      "synth_size": 9864
    },
    {
      "ks_statistic_mean": 0.2745915884602016,
      "ks_statistic_per_feature_mean": 0.2745915884602016,
      "wasserstein_distance": 0.1452429379735674,
      "kl_divergence": 0.07447961047389785,
      "js_divergence": 0.010723529697351025,
      "mmd": 0.1160470729702581,
      "swd": 0.2598162056253626,
      "correlation_similarity": 0.9469730020199778,
      "pairwise_correlation_diff": 0.7423779717256132,
      "correlation_distance": 0.7423779717256132,
      "r2_score_real": -0.12413513660430908,
      "r2_score_synth": -0.03565835952758789,
      "rmse_real": 1.0852511864941061,
      "rmse_synth": 1.0416678555799692,
      "ml_efficiency_gap_percent": 71.2745637512352,
      "dcr_mean": 0.8613043427467346,
      "dcr_median": 0.7099559307098389,
      "dcr_share": 0.5138888888888888,
      "identical_matches_fraction": 0.0,
      "authenticity": 0.605940794809408,
      "fold": 4,
      "test_size": 2466,
      "synth_size": 9864
    },
    {
      "ks_statistic_mean": 0.2741426254199977,
      "ks_statistic_per_feature_mean": 0.2741426254199977,
      "wasserstein_distance": 0.14823454724890844,
      "kl_divergence": 0.06148473630752275,
      "js_divergence": 0.011645187149565929,
      "mmd": 0.10934984841441193,
      "swd": 0.27766645685429675,
      "correlation_similarity": 0.9467931698973737,
      "pairwise_correlation_diff": 0.7448956214420881,
      "correlation_distance": 0.7448956214420881,
      "r2_score_real": -0.11795353889465332,
      "r2_score_synth": -0.10351037979125977,
      "rmse_real": 1.060884818790251,
      "rmse_synth": 1.0540095658275388,
      "ml_efficiency_gap_percent": 12.244786581853242,
      "dcr_mean": 0.8736362457275391,
      "dcr_median": 0.7324793338775635,
      "dcr_share": 0.4810421735604217,
      "identical_matches_fraction": 0.0,
      "authenticity": 0.5832319545823196,
      "fold": 5,
      "test_size": 2466,
      "synth_size": 9864
    }
  ],
  "summary": {
    "metrics_mean": {
      "ks_statistic_mean": 0.27414552195574093,
      "ks_statistic_per_feature_mean": 0.27414552195574093,
      "wasserstein_distance": 0.15284205749630927,
      "kl_divergence": 0.0673434044815766,
      "js_divergence": 0.010846137417192933,
      "mmd": 0.11126237963356415,
      "swd": 0.2976108079754635,
      "correlation_similarity": 0.937376542686321,
      "pairwise_correlation_diff": 0.876728402397767,
      "correlation_distance": 0.876728402397767,
      "r2_score_real": -0.12103610038757324,
      "r2_score_synth": -0.05473921298980713,
      "rmse_real": 1.0792739458930949,
      "rmse_synth": 1.0467050786709826,
      "ml_efficiency_gap_percent": 58.03913798134628,
      "dcr_mean": 0.8644884705543519,
      "dcr_median": 0.7174800872802735,
      "dcr_share": 0.49576236820762365,
      "identical_matches_fraction": 0.0,
      "authenticity": 0.5910178426601784
    },
    "metrics_std": {
      "ks_statistic_mean": 0.001018716191767857,
      "ks_statistic_per_feature_mean": 0.001018716191767857,
      "wasserstein_distance": 0.006366052620259008,
      "kl_divergence": 0.006244407829193041,
      "js_divergence": 0.00044094641598076514,
      "mmd": 0.004041743123993011,
      "swd": 0.03852141354186314,
      "correlation_similarity": 0.013271037472824983,
      "pairwise_correlation_diff": 0.18579452462087687,
      "correlation_distance": 0.18579452462087687,
      "r2_score_real": 0.0413327282575356,
      "r2_score_synth": 0.035301474052128023,
      "rmse_real": 0.04089871646026135,
      "rmse_synth": 0.0326780128133958,
      "ml_efficiency_gap_percent": 25.236385906350733,
      "dcr_mean": 0.004617420467001159,
      "dcr_median": 0.007976264385271358,
      "dcr_share": 0.011691814054041579,
      "identical_matches_fraction": 0.0,
      "authenticity": 0.01142937402621523
    },
    "metrics_min": {
      "ks_statistic_mean": 0.2721874637933032,
      "ks_statistic_per_feature_mean": 0.2721874637933032,
      "wasserstein_distance": 0.1452429379735674,
      "kl_divergence": 0.05919968717790817,
      "js_divergence": 0.010352493281515494,
      "mmd": 0.10621215589670897,
      "swd": 0.2598162056253626,
      "correlation_similarity": 0.9144727145019432,
      "pairwise_correlation_diff": 0.7213022059504672,
      "correlation_distance": 0.7213022059504672,
      "r2_score_real": -0.187219500541687,
      "r2_score_synth": -0.10351037979125977,
      "rmse_real": 1.0343200184941088,
      "rmse_synth": 1.0099803467528596,
      "ml_efficiency_gap_percent": 12.244786581853242,
      "dcr_mean": 0.8613043427467346,
      "dcr_median": 0.7099559307098389,
      "dcr_share": 0.4810421735604217,
      "identical_matches_fraction": 0.0,
      "authenticity": 0.573499594484996
    },
    "metrics_max": {
      "ks_statistic_mean": 0.27496813810682424,
      "ks_statistic_per_feature_mean": 0.27496813810682424,