{
  "metadata": {
    "dataset": "german_credit",
    "model": "XGBOOSTDSBM",
    "n_folds": 5,
    "timestamp": "2026-01-02T15:29:39.985865",
    "n_metrics": 20
  },
  "folds": [
    {
      "ks_statistic_mean": 0.21541666666666667,
      "ks_statistic_per_feature_mean": 0.21541666666666667,
      "wasserstein_distance": 0.1744882414738337,
      "kl_divergence": 0.18038594788188647,
      "js_divergence": 0.034865048142551154,
      "mmd": 0.1113619341903465,
      "swd": 0.22201103530419597,
      "correlation_similarity": 0.8734921736849373,
      "pairwise_correlation_diff": 0.7590469579030275,
      "correlation_distance": 0.7590469579030275,
      "r2_score_real": -0.7498129606246948,
      "r2_score_synth": 0.036190032958984375,
      "rmse_real": 1.305138789722002,
      "rmse_synth": 0.9686270297358177,
      "ml_efficiency_gap_percent": 104.82654139891542,
      "dcr_mean": 0.8378953337669373,
      "dcr_median": 0.7900787591934204,
      "dcr_share": 0.505,
      "identical_matches_fraction": 0.0,
      "authenticity": 0.50875,
      "fold": 1,
      "test_size": 200,
      "synth_size": 800
    },
    {
      "ks_statistic_mean": 0.2025,
      "ks_statistic_per_feature_mean": 0.2025,
      "wasserstein_distance": 0.16100046783685684,
      "kl_divergence": 0.21266989538736417,
      "js_divergence": 0.0378005975712074,
      "mmd": 0.11507528084938523,
      "swd": 0.22936464886294405,
      "correlation_similarity": 0.9160912490663011,
      "pairwise_correlation_diff": 0.5034525056105844,
      "correlation_distance": 0.5034525056105844,
      "r2_score_real": -0.12296724319458008,
      "r2_score_synth": -0.10065948963165283,
      "rmse_real": 1.222732492818,
      "rmse_synth": 1.2105267720308905,
      "ml_efficiency_gap_percent": 18.141216297439517,
      "dcr_mean": 0.8206895589828491,
      "dcr_median": 0.7380173206329346,
      "dcr_share": 0.48,
      "identical_matches_fraction": 0.0,
      "authenticity": 0.50875,
      "fold": 2,
      "test_size": 200,
      "synth_size": 800
    },
    {
      "ks_statistic_mean": 0.20708333333333337,
      "ks_statistic_per_feature_mean": 0.20708333333333337,
      "wasserstein_distance": 0.20919541517893472,
      "kl_divergence": 0.28063854216791706,
      "js_divergence": 0.0396279396357002,
      "mmd": 0.11274090862996668,
      "swd": 0.2579347468101181,
      "correlation_similarity": 0.9102968578584973,
      "pairwise_correlation_diff": 0.5382188528579861,
      "correlation_distance": 0.5382188528579861,
      "r2_score_real": -0.24380934238433838,
      "r2_score_synth": -0.018369674682617188,
      "rmse_real": 1.3343916755724217,
      "rmse_synth": 1.2074221869881412,
      "ml_efficiency_gap_percent": 92.46555751187769,
      "dcr_mean": 0.847887396812439,
      "dcr_median": 0.7810630798339844,
      "dcr_share": 0.48375,
      "identical_matches_fraction": 0.0,
      "authenticity": 0.4775,
      "fold": 3,
      "test_size": 200,
      "synth_size": 800
    },
    {
      "ks_statistic_mean": 0.2354166666666667,
      "ks_statistic_per_feature_mean": 0.2354166666666667,
      "wasserstein_distance": 0.22138994932174683,
      "kl_divergence": 0.22411858078907998,
      "js_divergence": 0.04371637327331818,
      "mmd": 0.11458132234646135,
      "swd": 0.258961873816954,
      "correlation_similarity": 0.9350367082306728,
      "pairwise_correlation_diff": 0.38977975062245995,
      "correlation_distance": 0.38977975062245995,
      "r2_score_real": -0.3433396816253662,
      "r2_score_synth": -0.31475651264190674,
      "rmse_real": 1.3373369170971587,
      "rmse_synth": 1.3230327144796437,
      "ml_efficiency_gap_percent": 8.325040918121399,
      "dcr_mean": 0.8255354166030884,
      "dcr_median": 0.808401882648468,
      "dcr_share": 0.435,
      "identical_matches_fraction": 0.0,
      "authenticity": 0.49875,
      "fold": 4,
      "test_size": 200,
      "synth_size": 800
    },
    {
      "ks_statistic_mean": 0.20291666666666666,
      "ks_statistic_per_feature_mean": 0.20291666666666666,
      "wasserstein_distance": 0.21416877458492914,
      "kl_divergence": 0.3473698462915957,
      "js_divergence": 0.039988536827563745,
      "mmd": 0.11720936968802613,
      "swd": 0.2833102118204499,
      "correlation_similarity": 0.9506065289496479,
      "pairwise_correlation_diff": 0.29636082630705174,
      "correlation_distance": 0.29636082630705174,
      "r2_score_real": -0.4181678295135498,
      "r2_score_synth": -0.2860070466995239,
      "rmse_real": 1.088249873183436,
      "rmse_synth": 1.0363023854670779,
      "ml_efficiency_gap_percent": 31.604722670265456,
      "dcr_mean": 0.8149481415748596,
      "dcr_median": 0.735980749130249,
      "dcr_share": 0.5425,
      "identical_matches_fraction": 0.0,
      "authenticity": 0.3975,
      "fold": 5,
      "test_size": 200,
      "synth_size": 800
    }
  ],
  "summary": {
    "metrics_mean": {
      "ks_statistic_mean": 0.2126666666666667,
      "ks_statistic_per_feature_mean": 0.2126666666666667,
      "wasserstein_distance": 0.19604856967926024,
      "kl_divergence": 0.2490365625035687,
      "js_divergence": 0.03919969909006814,
      "mmd": 0.11419376314083718,
      "swd": 0.2503165033229324,
      "correlation_similarity": 0.9171047035580113,
      "pairwise_correlation_diff": 0.497371778660222,
      "correlation_distance": 0.497371778660222,
      "r2_score_real": -0.37561941146850586,
      "r2_score_synth": -0.13672053813934326,
      "rmse_real": 1.2575699496786037,
      "rmse_synth": 1.1491822177403141,
      "ml_efficiency_gap_percent": 51.072615759323895,
      "dcr_mean": 0.8293911695480347,
      "dcr_median": 0.7707083582878113,
      "dcr_share": 0.48925,
      "identical_matches_fraction": 0.0,
      "authenticity": 0.47825000000000006
    },
    "metrics_std": {
      "ks_statistic_mean": 0.01228594499598808,
      "ks_statistic_per_feature_mean": 0.01228594499598808,
      "wasserstein_distance": 0.0238184134218951,
      "kl_divergence": 0.058863345125878964,
      "js_divergence": 0.002896642349878432,
      "mmd": 0.002007545759896428,
      "swd": 0.022188035470948525,
      "correlation_similarity": 0.0260513174759243,
      "pairwise_correlation_diff": 0.156307904858151,
      "correlation_distance": 0.156307904858151,
      "r2_score_real": 0.21169797992067674,
      "r2_score_synth": 0.14084648490689625,
      "rmse_real": 0.09424444589298192,
      "rmse_synth": 0.12862431809341648,
      "ml_efficiency_gap_percent": 39.73333923859524,
      "dcr_mean": 0.01194669114284858,
      "dcr_median": 0.028906557211204505,
      "dcr_share": 0.035049964336643764,
      "identical_matches_fraction": 0.0,
      "authenticity": 0.04195682304464913
    },
    "metrics_min": {
      "ks_statistic_mean": 0.2025,
      "ks_statistic_per_feature_mean": 0.2025,
      "wasserstein_distance": 0.16100046783685684,
      "kl_divergence": 0.18038594788188647,
      "js_divergence": 0.034865048142551154,
      "mmd": 0.1113619341903465,
      "swd": 0.22201103530419597,
      "correlation_similarity": 0.8734921736849373,
      "pairwise_correlation_diff": 0.29636082630705174,
      "correlation_distance": 0.29636082630705174,
      "r2_score_real": -0.7498129606246948,
      "r2_score_synth": -0.31475651264190674,
      "rmse_real": 1.088249873183436,
      "rmse_synth": 0.9686270297358177,
      "ml_efficiency_gap_percent": 8.325040918121399,
      "dcr_mean": 0.8149481415748596,
      "dcr_median": 0.735980749130249,
      "dcr_share": 0.435,
      "identical_matches_fraction": 0.0,
      "authenticity": 0.3975
    },
    "metrics_max": {
      "ks_statistic_mean": 0.2354166666666667,
      "ks_statistic_per_feature_mean": 0.2354166666666667,
      "wasserstein_distance": 0.22138994932174683,
      "kl_divergence": 0.3473698462915957,
      "js_divergence": 0.04371637327331818,
      "mmd": 0.11720936968802613,
      "swd": 0.2833102118204499,