{
  "metadata": {
    "dataset": "diabetes",
    "model": "XGBOOSTDSBM",
    "n_folds": 5,
    "timestamp": "2026-01-02T11:28:31.046179",
    "n_metrics": 20
  },
  "folds": [
    {
      "ks_statistic_mean": 0.17162328958490272,
      "ks_statistic_per_feature_mean": 0.17162328958490272,
      "wasserstein_distance": 0.22397907906108433,
      "kl_divergence": 0.12307988391860196,
      "js_divergence": 0.03351608766634405,
      "mmd": 0.13788669728109304,
      "swd": 0.24877602033785512,
      "correlation_similarity": 0.887799650758785,
      "pairwise_correlation_diff": 1.0098031431821555,
      "correlation_distance": 1.0098031431821555,
      "r2_score_real": -0.43945062160491943,
      "r2_score_synth": 0.2835538387298584,
      "rmse_real": 1.3601389525056957,
      "rmse_synth": 0.9595700590667918,
      "ml_efficiency_gap_percent": 164.5246188739682,
      "dcr_mean": 1.9136052131652832,
      "dcr_median": 1.868947982788086,
      "dcr_share": 0.5694050991501416,
      "identical_matches_fraction": 0.0,
      "authenticity": 0.6062322946175638,
      "fold": 1,
      "test_size": 89,
      "synth_size": 353
    },
    {
      "ks_statistic_mean": 0.15626713067589026,
      "ks_statistic_per_feature_mean": 0.15626713067589026,
      "wasserstein_distance": 0.19037906328837076,
      "kl_divergence": 0.2221036488334163,
      "js_divergence": 0.042360344721756656,
      "mmd": 0.12504303897404095,
      "swd": 0.2143372450972631,
      "correlation_similarity": 0.8760737950111788,
      "pairwise_correlation_diff": 1.1153358449117838,
      "correlation_distance": 1.1153358449117838,
      "r2_score_real": -0.1261805295944214,
      "r2_score_synth": 0.30896854400634766,
      "rmse_real": 1.2846187406682332,
      "rmse_synth": 1.0062807256142174,
      "ml_efficiency_gap_percent": 344.86229769319937,
      "dcr_mean": 1.9086166620254517,
      "dcr_median": 1.8129860162734985,
      "dcr_share": 0.4447592067988669,
      "identical_matches_fraction": 0.0,
      "authenticity": 0.6402266288951841,
      "fold": 2,
      "test_size": 89,
      "synth_size": 353
    },
    {
      "ks_statistic_mean": 0.15832049306625576,
      "ks_statistic_per_feature_mean": 0.15832049306625576,
      "wasserstein_distance": 0.2442204389307234,
      "kl_divergence": 0.13136664929274444,
      "js_divergence": 0.03066442416955081,
      "mmd": 0.12409560206326009,
      "swd": 0.2836133975709536,
      "correlation_similarity": 0.8601057023941998,
      "pairwise_correlation_diff": 1.2590486784661912,
      "correlation_distance": 1.2590486784661912,
      "r2_score_real": -0.3252300024032593,
      "r2_score_synth": 0.01720196008682251,
      "rmse_real": 1.0772626994339003,
      "rmse_synth": 0.927701222680682,
      "ml_efficiency_gap_percent": 105.28916765357135,
      "dcr_mean": 1.9576867818832397,
      "dcr_median": 1.8513338565826416,
      "dcr_share": 0.5310734463276836,
      "identical_matches_fraction": 0.0,
      "authenticity": 0.635593220338983,
      "fold": 3,
      "test_size": 88,
      "synth_size": 354
    },
    {
      "ks_statistic_mean": 0.15082320378930547,
      "ks_statistic_per_feature_mean": 0.15082320378930547,
      "wasserstein_distance": 0.23005192312929365,
      "kl_divergence": 0.11876108364565757,
      "js_divergence": 0.026266000052548526,
      "mmd": 0.13506486625237665,
      "swd": 0.2873858350427533,
      "correlation_similarity": 0.8873622469906808,
      "pairwise_correlation_diff": 1.013739777095137,
      "correlation_distance": 1.013739777095137,
      "r2_score_real": -1.583270788192749,
      "r2_score_synth": -0.09774982929229736,
      "rmse_real": 0.9659495021403925,
      "rmse_synth": 0.6296818138982788,
      "ml_efficiency_gap_percent": 93.82608268773306,
      "dcr_mean": 1.9089829921722412,
      "dcr_median": 1.8613696098327637,
      "dcr_share": 0.4887005649717514,
      "identical_matches_fraction": 0.0,
      "authenticity": 0.6242937853107344,
      "fold": 4,
      "test_size": 88,
      "synth_size": 354
    },
    {
      "ks_statistic_mean": 0.17979940649432175,
      "ks_statistic_per_feature_mean": 0.17979940649432175,
      "wasserstein_distance": 0.2597079442607032,
      "kl_divergence": 0.14529536271353927,
      "js_divergence": 0.03865304467967715,
      "mmd": 0.13690365472297658,
      "swd": 0.28603080989088625,
      "correlation_similarity": 0.8454348028868337,
      "pairwise_correlation_diff": 1.3910867740339532,
      "correlation_distance": 1.3910867740339532,
      "r2_score_real": 0.007782101631164551,
      "r2_score_synth": 0.24195986986160278,
      "rmse_real": 1.2998526067806893,
      "rmse_synth": 1.1361526705242746,
      "ml_efficiency_gap_percent": 3009.1841423997794,
      "dcr_mean": 1.9189990758895874,
      "dcr_median": 1.8830995559692383,
      "dcr_share": 0.5084745762711864,
      "identical_matches_fraction": 0.0,
      "authenticity": 0.6949152542372882,
      "fold": 5,
      "test_size": 88,
      "synth_size": 354
    }
  ],
  "summary": {
    "metrics_mean": {
      "ks_statistic_mean": 0.16336670472213516,
      "ks_statistic_per_feature_mean": 0.16336670472213516,
      "wasserstein_distance": 0.22966768973403512,
      "kl_divergence": 0.1481213256807919,
      "js_divergence": 0.03429198025797544,
      "mmd": 0.13179877185874947,
      "swd": 0.26402866158794225,
      "correlation_similarity": 0.8713552396083356,
      "pairwise_correlation_diff": 1.157802843537844,
      "correlation_distance": 1.157802843537844,
      "r2_score_real": -0.4932699680328369,
      "r2_score_synth": 0.1507868766784668,
      "rmse_real": 1.1975645003057822,
      "rmse_synth": 0.931877298356849,
      "ml_efficiency_gap_percent": 743.5372618616502,
      "dcr_mean": 1.9215781450271607,
      "dcr_median": 1.8555474042892457,
      "dcr_share": 0.508482578703926,
      "identical_matches_fraction": 0.0,
      "authenticity": 0.6402522366799507
    },
    "metrics_std": {
      "ks_statistic_mean": 0.01069029934562782,
      "ks_statistic_per_feature_mean": 0.01069029934562782,
      "wasserstein_distance": 0.023196135436257963,
      "kl_divergence": 0.03808198262829981,
      "js_divergence": 0.005697278626799988,
      "mmd": 0.005979444611353994,
      "swd": 0.028688303899746775,
      "correlation_similarity": 0.016415412488748417,
      "pairwise_correlation_diff": 0.14773871240037717,
      "correlation_distance": 0.14773871240037717,
      "r2_score_real": 0.5665763094898355,
      "r2_score_synth": 0.16160225551182808,
      "rmse_real": 0.1500598418415658,
      "rmse_synth": 0.16695552527108762,
      "ml_efficiency_gap_percent": 1136.3835973112477,
      "dcr_mean": 0.01844283499214312,
      "dcr_median": 0.023672010382705916,
      "dcr_share": 0.04165068320160679,
      "identical_matches_fraction": 0.0,
      "authenticity": 0.02973812773370117
    },
    "metrics_min": {
      "ks_statistic_mean": 0.15082320378930547,
      "ks_statistic_per_feature_mean": 0.15082320378930547,
      "wasserstein_distance": 0.19037906328837076,
      "kl_divergence": 0.11876108364565757,
      "js_divergence": 0.026266000052548526,
      "mmd": 0.12409560206326009,
      "swd": 0.2143372450972631,
      "correlation_similarity": 0.8454348028868337,
      "pairwise_correlation_diff": 1.0098031431821555,
      "correlation_distance": 1.0098031431821555,
      "r2_score_real": -1.583270788192749,
      "r2_score_synth": -0.09774982929229736,
      "rmse_real": 0.9659495021403925,
      "rmse_synth": 0.6296818138982788,
      "ml_efficiency_gap_percent": 93.82608268773306,
      "dcr_mean": 1.9086166620254517,
      "dcr_median": 1.8129860162734985,
      "dcr_share": 0.4447592067988669,
      "identical_matches_fraction": 0.0,
      "authenticity": 0.6062322946175638
    },
    "metrics_max": {
      "ks_statistic_mean": 0.17979940649432175,
      "ks_statistic_per_feature_mean": 0.17979940649432175,
      "wasserstein_distance": 0.2597079442607032,