{
  "metadata": {
    "dataset": "adult_numeric",
    "model": "XGBOOSTDSBM",
    "n_folds": 5,
    "timestamp": "2026-01-02T12:31:41.863581",
    "n_metrics": 20
  },
  "folds": [
    {
      "ks_statistic_mean": 0.248225,
      "ks_statistic_per_feature_mean": 0.248225,
      "wasserstein_distance": 0.1258906476199627,
      "kl_divergence": 0.06648865112622351,
      "js_divergence": 0.017878661319484686,
      "mmd": 0.05692175588586435,
      "swd": 0.16021889060219913,
      "correlation_similarity": 0.937060147721304,
      "pairwise_correlation_diff": 0.6293985227932546,
      "correlation_distance": 0.6293985227932546,
      "r2_score_real": -0.25832855701446533,
      "r2_score_synth": -0.1916898488998413,
      "rmse_real": 1.1283158074900328,
      "rmse_synth": 1.0980327137102097,
      "ml_efficiency_gap_percent": 25.7961058911859,
      "dcr_mean": 0.9668189883232117,
      "dcr_median": 0.897215723991394,
      "dcr_share": 0.5045,
      "identical_matches_fraction": 0.0,
      "authenticity": 0.48825,
      "fold": 1,
      "test_size": 1000,
      "synth_size": 4000
    },
    {
      "ks_statistic_mean": 0.24955,
      "ks_statistic_per_feature_mean": 0.24955,
      "wasserstein_distance": 0.11526311412453652,
      "kl_divergence": 0.07657270451020953,
      "js_divergence": 0.019820422199717944,
      "mmd": 0.05992868119524243,
      "swd": 0.16091833882759876,
      "correlation_similarity": 0.9559177349861058,
      "pairwise_correlation_diff": 0.44082265014335076,
      "correlation_distance": 0.44082265014335076,
      "r2_score_real": -0.322262167930603,
      "r2_score_synth": -0.011846661567687988,
      "rmse_real": 1.139352742122632,
      "rmse_synth": 0.9966823559156636,
      "ml_efficiency_gap_percent": 96.32390558166944,
      "dcr_mean": 0.9354274868965149,
      "dcr_median": 0.8709838390350342,
      "dcr_share": 0.4835,
      "identical_matches_fraction": 0.0,
      "authenticity": 0.49475,
      "fold": 2,
      "test_size": 1000,
      "synth_size": 4000
    },
    {
      "ks_statistic_mean": 0.24405000000000002,
      "ks_statistic_per_feature_mean": 0.24405000000000002,
      "wasserstein_distance": 0.09908536113798619,
      "kl_divergence": 0.06237172654907712,
      "js_divergence": 0.0175950551940715,
      "mmd": 0.050934152995595935,
      "swd": 0.14401416675769968,
      "correlation_similarity": 0.9428710993012261,
      "pairwise_correlation_diff": 0.5712890069934514,
      "correlation_distance": 0.5712890069934514,
      "r2_score_real": -0.055242300033569336,
      "r2_score_synth": -0.14044511318206787,
      "rmse_real": 1.0010214595495133,
      "rmse_synth": 1.0406494641793427,
      "ml_efficiency_gap_percent": 154.2347315313138,
      "dcr_mean": 0.9480338096618652,
      "dcr_median": 0.8728457093238831,
      "dcr_share": 0.47875,
      "identical_matches_fraction": 0.0,
      "authenticity": 0.4575,
      "fold": 3,
      "test_size": 1000,
      "synth_size": 4000
    },
    {
      "ks_statistic_mean": 0.248125,
      "ks_statistic_per_feature_mean": 0.248125,
      "wasserstein_distance": 0.1186229009181261,
      "kl_divergence": 0.06579918498424357,
      "js_divergence": 0.017346045837826403,
      "mmd": 0.052367843276589075,
      "swd": 0.15231931779871777,
      "correlation_similarity": 0.9303832311107378,
      "pairwise_correlation_diff": 0.6961676888995836,
      "correlation_distance": 0.6961676888995836,
      "r2_score_real": -0.2935398817062378,
      "r2_score_synth": 0.14978021383285522,
      "rmse_real": 1.0880831919553127,
      "rmse_synth": 0.882140587516411,
      "ml_efficiency_gap_percent": 151.02550732194845,
      "dcr_mean": 0.9650742411613464,
      "dcr_median": 0.9040306806564331,
      "dcr_share": 0.49175,
      "identical_matches_fraction": 0.0,
      "authenticity": 0.4675,
      "fold": 4,
      "test_size": 1000,
      "synth_size": 4000
    },
    {
      "ks_statistic_mean": 0.249875,
      "ks_statistic_per_feature_mean": 0.249875,
      "wasserstein_distance": 0.10355646535754204,
      "kl_divergence": 0.08009061417200397,
      "js_divergence": 0.020482168734342835,
      "mmd": 0.05795003720729602,
      "swd": 0.13320802465526763,
      "correlation_similarity": 0.948841757345455,
      "pairwise_correlation_diff": 0.5115824265505658,
      "correlation_distance": 0.5115824265505658,
      "r2_score_real": -0.32112574577331543,
      "r2_score_synth": -0.06514096260070801,
      "rmse_real": 1.1066201619829201,
      "rmse_synth": 0.9936422061637348,
      "ml_efficiency_gap_percent": 79.71481157829949,
      "dcr_mean": 0.9581042528152466,
      "dcr_median": 0.8923696279525757,
      "dcr_share": 0.518,
      "identical_matches_fraction": 0.0,
      "authenticity": 0.50175,
      "fold": 5,
      "test_size": 1000,
      "synth_size": 4000
    }
  ],
  "summary": {
    "metrics_mean": {
      "ks_statistic_mean": 0.247965,
      "ks_statistic_per_feature_mean": 0.247965,
      "wasserstein_distance": 0.1124836978316307,
      "kl_divergence": 0.07026457626835154,
      "js_divergence": 0.018624470657088672,
      "mmd": 0.05562049411211756,
      "swd": 0.15013574772829658,
      "correlation_similarity": 0.9430147940929656,
      "pairwise_correlation_diff": 0.5698520590760412,
      "correlation_distance": 0.5698520590760412,
      "r2_score_real": -0.2500997304916382,
      "r2_score_synth": -0.05186847448348999,
      "rmse_real": 1.0926786726200821,
      "rmse_synth": 1.0022294654970723,
      "ml_efficiency_gap_percent": 101.4190123808834,
      "dcr_mean": 0.954691755771637,
      "dcr_median": 0.887489116191864,
      "dcr_share": 0.49529999999999996,
      "identical_matches_fraction": 0.0,
      "authenticity": 0.48195000000000005
    },
    "metrics_std": {
      "ks_statistic_mean": 0.002077534596583167,
      "ks_statistic_per_feature_mean": 0.002077534596583167,
      "wasserstein_distance": 0.009842481169868137,
      "kl_divergence": 0.006824044394491187,
      "js_divergence": 0.0012752756580922471,
      "mmd": 0.00341239094177609,
      "swd": 0.010456802391739574,
      "correlation_similarity": 0.008893528314639054,
      "pairwise_correlation_diff": 0.08893528314728001,
      "correlation_distance": 0.08893528314728001,
      "r2_score_real": 0.10017613563333012,
      "r2_score_synth": 0.11818285460794015,
      "rmse_real": 0.04912230129325368,
      "rmse_synth": 0.07096507412686044,
      "ml_efficiency_gap_percent": 47.88770397803358,
      "dcr_mean": 0.011678623292098856,
      "dcr_median": 0.013258229052123205,
      "dcr_share": 0.014322534691876294,
      "identical_matches_fraction": 0.0,
      "authenticity": 0.016746193597352205
    },
    "metrics_min": {
      "ks_statistic_mean": 0.24405000000000002,
      "ks_statistic_per_feature_mean": 0.24405000000000002,
      "wasserstein_distance": 0.09908536113798619,
      "kl_divergence": 0.06237172654907712,
      "js_divergence": 0.017346045837826403,
      "mmd": 0.050934152995595935,
      "swd": 0.13320802465526763,
      "correlation_similarity": 0.9303832311107378,
      "pairwise_correlation_diff": 0.44082265014335076,
      "correlation_distance": 0.44082265014335076,
      "r2_score_real": -0.322262167930603,
      "r2_score_synth": -0.1916898488998413,
      "rmse_real": 1.0010214595495133,
      "rmse_synth": 0.882140587516411,
      "ml_efficiency_gap_percent": 25.7961058911859,
      "dcr_mean": 0.9354274868965149,
      "dcr_median": 0.8709838390350342,
      "dcr_share": 0.47875,
      "identical_matches_fraction": 0.0,
      "authenticity": 0.4575
    },
    "metrics_max": {
      "ks_statistic_mean": 0.249875,
      "ks_statistic_per_feature_mean": 0.249875,
      "wasserstein_distance": 0.1258906476199627,
      "kl_divergence": 0.08009061417200397,
      "js_divergence": 0.020482168734342835,
      "mmd": 0.05992868119524243,
      "swd": 0.16091833882759876,
      "correlation_similarity": 0.9559177349861058,