{
  "metadata": {
    "dataset": "bank_marketing",
    "model": "XGBOOSTDSBM",
    "n_folds": 5,
    "timestamp": "2026-01-02T12:37:13.104275",
    "n_metrics": 20
  },
  "folds": [
    {
      "ks_statistic_mean": 0.16304166666666667,
      "ks_statistic_per_feature_mean": 0.16304166666666667,
      "wasserstein_distance": 0.09923312316338222,
      "kl_divergence": 0.02443140431882331,
      "js_divergence": 0.003920872932653717,
      "mmd": 0.07887222135334195,
      "swd": 0.17082105175834564,
      "correlation_similarity": 0.9684634372903709,
      "pairwise_correlation_diff": 0.18921937626092813,
      "correlation_distance": 0.18921937626092813,
      "r2_score_real": 0.44628196954727173,
      "r2_score_synth": 0.12581586837768555,
      "rmse_real": 0.7132920480602305,
      "rmse_synth": 0.8962404006380089,
      "ml_efficiency_gap_percent": 71.80798755878067,
      "dcr_mean": 0.4591692388057709,
      "dcr_median": 0.35760295391082764,
      "dcr_share": 0.495375,
      "identical_matches_fraction": 0.0,
      "authenticity": 0.507625,
      "fold": 1,
      "test_size": 2000,
      "synth_size": 8000
    },
    {
      "ks_statistic_mean": 0.16264583333333335,
      "ks_statistic_per_feature_mean": 0.16264583333333335,
      "wasserstein_distance": 0.10272953286767006,
      "kl_divergence": 0.034234160423257186,
      "js_divergence": 0.004091134559719022,
      "mmd": 0.08725233074505147,
      "swd": 0.20768094184504204,
      "correlation_similarity": 0.9774240681519759,
      "pairwise_correlation_diff": 0.13545559109040234,
      "correlation_distance": 0.13545559109040234,
      "r2_score_real": 0.3392180800437927,
      "r2_score_synth": 0.324609637260437,
      "rmse_real": 0.6839330866400318,
      "rmse_synth": 0.6914518739981527,
      "ml_efficiency_gap_percent": 4.306504765745321,
      "dcr_mean": 0.45122820138931274,
      "dcr_median": 0.35354745388031006,
      "dcr_share": 0.4945,
      "identical_matches_fraction": 0.0,
      "authenticity": 0.51375,
      "fold": 2,
      "test_size": 2000,
      "synth_size": 8000
    },
    {
      "ks_statistic_mean": 0.167,
      "ks_statistic_per_feature_mean": 0.167,
      "wasserstein_distance": 0.10295732443531354,
      "kl_divergence": 0.034296039077262516,
      "js_divergence": 0.005399752577916553,
      "mmd": 0.08019629306441198,
      "swd": 0.17679647522441297,
      "correlation_similarity": 0.9731574572324775,
      "pairwise_correlation_diff": 0.16105525660781927,
      "correlation_distance": 0.16105525660781927,
      "r2_score_real": 0.354042649269104,
      "r2_score_synth": 0.2876092791557312,
      "rmse_real": 0.5849756866276934,
      "rmse_synth": 0.6143204940569172,
      "ml_efficiency_gap_percent": 18.764228052896957,
      "dcr_mean": 0.4524981677532196,
      "dcr_median": 0.3561704754829407,
      "dcr_share": 0.4985,
      "identical_matches_fraction": 0.0,
      "authenticity": 0.5045,
      "fold": 3,
      "test_size": 2000,
      "synth_size": 8000
    },
    {
      "ks_statistic_mean": 0.16422916666666668,
      "ks_statistic_per_feature_mean": 0.16422916666666668,
      "wasserstein_distance": 0.10320504506429036,
      "kl_divergence": 0.03759407576700438,
      "js_divergence": 0.005112548734047044,
      "mmd": 0.06973125517211609,
      "swd": 0.19971309764855785,
      "correlation_similarity": 0.9709548586476707,
      "pairwise_correlation_diff": 0.1742708481168804,
      "correlation_distance": 0.1742708481168804,
      "r2_score_real": 0.3614271879196167,
      "r2_score_synth": 0.2709907293319702,
      "rmse_real": 0.70357998855894,
      "rmse_synth": 0.7517523163029386,
      "ml_efficiency_gap_percent": 25.022040845405364,
      "dcr_mean": 0.45119720697402954,
      "dcr_median": 0.35750123858451843,
      "dcr_share": 0.50575,
      "identical_matches_fraction": 0.0,
      "authenticity": 0.5065,
      "fold": 4,
      "test_size": 2000,
      "synth_size": 8000
    },
    {
      "ks_statistic_mean": 0.16085416666666666,
      "ks_statistic_per_feature_mean": 0.16085416666666666,
      "wasserstein_distance": 0.10272663459181786,
      "kl_divergence": 0.030672800929842134,
      "js_divergence": 0.00358756940079261,
      "mmd": 0.07213469630776263,
      "swd": 0.2896573709185743,
      "correlation_similarity": 0.9715733476496003,
      "pairwise_correlation_diff": 0.17055991410524032,
      "correlation_distance": 0.17055991410524032,
      "r2_score_real": -4.984502792358398,
      "r2_score_synth": 0.2624285817146301,
      "rmse_real": 2.1496868038495225,
      "rmse_synth": 0.7546806508892753,
      "ml_efficiency_gap_percent": 105.2648898525436,
      "dcr_mean": 0.4633684754371643,
      "dcr_median": 0.36122387647628784,
      "dcr_share": 0.49175,
      "identical_matches_fraction": 0.0,
      "authenticity": 0.522125,
      "fold": 5,
      "test_size": 2000,
      "synth_size": 8000
    }
  ],
  "summary": {
    "metrics_mean": {
      "ks_statistic_mean": 0.16355416666666667,
      "ks_statistic_per_feature_mean": 0.16355416666666667,
      "wasserstein_distance": 0.1021703320244948,
      "kl_divergence": 0.03224569610323791,
      "js_divergence": 0.004422375641025789,
      "mmd": 0.07763735932853683,
      "swd": 0.20893378747898655,
      "correlation_similarity": 0.972314633794419,
      "pairwise_correlation_diff": 0.1661121972362541,
      "correlation_distance": 0.1661121972362541,
      "r2_score_real": -0.6967065811157227,
      "r2_score_synth": 0.2542908191680908,
      "rmse_real": 0.9670935227472836,
      "rmse_synth": 0.7416891471770586,
      "ml_efficiency_gap_percent": 45.03313021507438,
      "dcr_mean": 0.4554922580718994,
      "dcr_median": 0.35720919966697695,
      "dcr_share": 0.49717500000000003,
      "identical_matches_fraction": 0.0,
      "authenticity": 0.5109
    },
    "metrics_std": {
      "ks_statistic_mean": 0.0020350487982137254,
      "ks_statistic_per_feature_mean": 0.0020350487982137254,
      "wasserstein_distance": 0.001479145844913589,
      "kl_divergence": 0.004478843980523854,
      "js_divergence": 0.0007056531236065713,
      "mmd": 0.00621782091536365,
      "swd": 0.0426339656366117,
      "correlation_similarity": 0.002968059261973406,
      "pairwise_correlation_diff": 0.017808355572137117,
      "correlation_distance": 0.017808355572137117,
      "r2_score_real": 2.144223873480539,
      "r2_score_synth": 0.06768423614578956,
      "rmse_real": 0.5930556994109543,
      "rmse_synth": 0.09263119766256121,
      "ml_efficiency_gap_percent": 37.66673544085963,
      "dcr_mean": 0.004922381689064747,
      "dcr_median": 0.002483758810907471,
      "dcr_share": 0.004798176737053364,
      "identical_matches_fraction": 0.0,
      "authenticity": 0.006405759127535163
    },
    "metrics_min": {
      "ks_statistic_mean": 0.16085416666666666,
      "ks_statistic_per_feature_mean": 0.16085416666666666,
      "wasserstein_distance": 0.09923312316338222,
      "kl_divergence": 0.02443140431882331,
      "js_divergence": 0.00358756940079261,
      "mmd": 0.06973125517211609,
      "swd": 0.17082105175834564,
      "correlation_similarity": 0.9684634372903709,
      "pairwise_correlation_diff": 0.13545559109040234,
      "correlation_distance": 0.13545559109040234,
      "r2_score_real": -4.984502792358398,
      "r2_score_synth": 0.12581586837768555,
      "rmse_real": 0.5849756866276934,
      "rmse_synth": 0.6143204940569172,
      "ml_efficiency_gap_percent": 4.306504765745321,
      "dcr_mean": 0.45119720697402954,
      "dcr_median": 0.35354745388031006,
      "dcr_share": 0.49175,
      "identical_matches_fraction": 0.0,
      "authenticity": 0.5045
    },
    "metrics_max": {
      "ks_statistic_mean": 0.167,
      "ks_statistic_per_feature_mean": 0.167,
      "wasserstein_distance": 0.10320504506429036,
      "kl_divergence": 0.03759407576700438,
      "js_divergence": 0.005399752577916553,
      "mmd": 0.08725233074505147,