{
  "metadata": {
    "dataset": "king_county_housing",
    "model": "XGBOOSTDSBM",
    "n_folds": 5,
    "timestamp": "2026-01-02T12:25:31.548384",
    "n_metrics": 20
  },
  "folds": [
    {
      "ks_statistic_mean": 0.22641226876110365,
      "ks_statistic_per_feature_mean": 0.22641226876110365,
      "wasserstein_distance": 0.17160630133002996,
      "kl_divergence": 0.1334896164943524,
      "js_divergence": 0.031556105551180505,
      "mmd": 0.05937739068216849,
      "swd": 0.2981442209639856,
      "correlation_similarity": 0.9360285311782504,
      "pairwise_correlation_diff": 1.0235435011543923,
      "correlation_distance": 1.0235435011543923,
      "r2_score_real": 0.6646990776062012,
      "r2_score_synth": 0.4279431700706482,
      "rmse_real": 0.5473268277282682,
      "rmse_synth": 0.7149059497892484,
      "ml_efficiency_gap_percent": 35.618510016320236,
      "dcr_mean": 1.1066462993621826,
      "dcr_median": 0.9739812016487122,
      "dcr_share": 0.5277038750722961,
      "identical_matches_fraction": 0.0,
      "authenticity": 0.6714864083285136,
      "fold": 1,
      "test_size": 4323,
      "synth_size": 17290
    },
    {
      "ks_statistic_mean": 0.22792773300758437,
      "ks_statistic_per_feature_mean": 0.22792773300758437,
      "wasserstein_distance": 0.15957634849473834,
      "kl_divergence": 0.11338865062124523,
      "js_divergence": 0.026254522954727633,
      "mmd": 0.05914232300954299,
      "swd": 0.2463427258920013,
      "correlation_similarity": 0.9450824271055728,
      "pairwise_correlation_diff": 0.8786811663163268,
      "correlation_distance": 0.8786811663163268,
      "r2_score_real": 0.6418439149856567,
      "r2_score_synth": 0.6571227312088013,
      "rmse_real": 0.5525336558244996,
      "rmse_synth": 0.5406197431893088,
      "ml_efficiency_gap_percent": 2.380456660321531,
      "dcr_mean": 1.0612255334854126,
      "dcr_median": 0.9742910861968994,
      "dcr_share": 0.512087912087912,
      "identical_matches_fraction": 0.0,
      "authenticity": 0.6934644303065356,
      "fold": 2,
      "test_size": 4323,
      "synth_size": 17290
    },
    {
      "ks_statistic_mean": 0.22796645984924407,
      "ks_statistic_per_feature_mean": 0.22796645984924407,
      "wasserstein_distance": 0.1548856100998819,
      "kl_divergence": 0.12210534187529185,
      "js_divergence": 0.03035916136596948,
      "mmd": 0.05835139557747596,
      "swd": 0.20814404400337133,
      "correlation_similarity": 0.9512480915988689,
      "pairwise_correlation_diff": 0.7800305344229731,
      "correlation_distance": 0.7800305344229731,
      "r2_score_real": 0.7024441361427307,
      "r2_score_synth": 0.670569658279419,
      "rmse_real": 0.5962201735595842,
      "rmse_synth": 0.6273417234091133,
      "ml_efficiency_gap_percent": 4.5376530635363075,
      "dcr_mean": 1.0705657005310059,
      "dcr_median": 0.9668259620666504,
      "dcr_share": 0.5096587622903412,
      "identical_matches_fraction": 0.0,
      "authenticity": 0.6851937536148063,
      "fold": 3,
      "test_size": 4323,
      "synth_size": 17290
    },
    {
      "ks_statistic_mean": 0.22999496836697228,
      "ks_statistic_per_feature_mean": 0.22999496836697228,
      "wasserstein_distance": 0.1560898213647306,
      "kl_divergence": 0.11722120445549283,
      "js_divergence": 0.029665517813714973,
      "mmd": 0.059735454387511114,
      "swd": 0.21421444941457454,
      "correlation_similarity": 0.9441040606027017,
      "pairwise_correlation_diff": 0.894335030362363,
      "correlation_distance": 0.894335030362363,
      "r2_score_real": 0.5881030559539795,
      "r2_score_synth": 0.48783785104751587,
      "rmse_real": 0.5864533506038341,
      "rmse_synth": 0.653947583240121,
      "ml_efficiency_gap_percent": 17.048917513924568,
      "dcr_mean": 1.0652737617492676,
      "dcr_median": 0.9629459381103516,
      "dcr_share": 0.520733329477763,
      "identical_matches_fraction": 0.0,
      "authenticity": 0.6919206523625008,
      "fold": 4,
      "test_size": 4322,
      "synth_size": 17291
    },
    {
      "ks_statistic_mean": 0.22778201445217988,
      "ks_statistic_per_feature_mean": 0.22778201445217988,
      "wasserstein_distance": 0.15725854318588972,
      "kl_divergence": 0.11310169338993864,
      "js_divergence": 0.028848751688803947,
      "mmd": 0.059265013005843324,
      "swd": 0.23623654005106182,
      "correlation_similarity": 0.9480332974642967,
      "pairwise_correlation_diff": 0.83146724057645,
      "correlation_distance": 0.83146724057645,
      "r2_score_real": 0.5209095478057861,
      "r2_score_synth": 0.6175100803375244,
      "rmse_real": 0.74642765103125,
      "rmse_synth": 0.6669433933355517,
      "ml_efficiency_gap_percent": 18.544588583305146,
      "dcr_mean": 1.099967122077942,
      "dcr_median": 0.9779806137084961,
      "dcr_share": 0.52212133479845,
      "identical_matches_fraction": 0.0,
      "authenticity": 0.6785611011508877,
      "fold": 5,
      "test_size": 4322,
      "synth_size": 17291
    }
  ],
  "summary": {
    "metrics_mean": {
      "ks_statistic_mean": 0.22801668888741689,
      "ks_statistic_per_feature_mean": 0.22801668888741689,
      "wasserstein_distance": 0.1598833248950541,
      "kl_divergence": 0.11986130136726418,
      "js_divergence": 0.02933681187487931,
      "mmd": 0.05917431533250837,
      "swd": 0.2406163960649989,
      "correlation_similarity": 0.9448992815899381,
      "pairwise_correlation_diff": 0.881611494566501,
      "correlation_distance": 0.881611494566501,
      "r2_score_real": 0.6235999464988708,
      "r2_score_synth": 0.5721966981887817,
      "rmse_real": 0.6057923317494872,
      "rmse_synth": 0.6407516785926687,
      "ml_efficiency_gap_percent": 15.626025167481554,
      "dcr_mean": 1.080735683441162,
      "dcr_median": 0.971204960346222,
      "dcr_share": 0.5184610427453525,
      "identical_matches_fraction": 0.0,
      "authenticity": 0.6841252691526488
    },
    "metrics_std": {
      "ks_statistic_mean": 0.0011448372667183125,
      "ks_statistic_per_feature_mean": 0.0011448372667183125,
      "wasserstein_distance": 0.00606266793144032,
      "kl_divergence": 0.007554128810068015,
      "js_divergence": 0.001778607220852898,
      "mmd": 0.00045663182906771713,
      "swd": 0.03197793321947199,
      "correlation_similarity": 0.005088920820667741,
      "pairwise_correlation_diff": 0.08142273313119293,
      "correlation_distance": 0.08142273313119293,
      "r2_score_real": 0.06331466564173263,
      "r2_score_synth": 0.09681783764245319,
      "rmse_real": 0.07279919938486389,
      "rmse_synth": 0.05755905687722949,
      "ml_efficiency_gap_percent": 11.904949949212007,
      "dcr_mean": 0.01878485440743073,
      "dcr_median": 0.005486861420642248,
      "dcr_share": 0.006664651677585736,
      "identical_matches_fraction": 0.0,
      "authenticity": 0.00824415378284835
    },
    "metrics_min": {
      "ks_statistic_mean": 0.22641226876110365,
      "ks_statistic_per_feature_mean": 0.22641226876110365,
      "wasserstein_distance": 0.1548856100998819,
      "kl_divergence": 0.11310169338993864,
      "js_divergence": 0.026254522954727633,
      "mmd": 0.05835139557747596,
      "swd": 0.20814404400337133,
      "correlation_similarity": 0.9360285311782504,
      "pairwise_correlation_diff": 0.7800305344229731,
      "correlation_distance": 0.7800305344229731,
      "r2_score_real": 0.5209095478057861,
      "r2_score_synth": 0.4279431700706482,
      "rmse_real": 0.5473268277282682,
      "rmse_synth": 0.5406197431893088,
      "ml_efficiency_gap_percent": 2.380456660321531,
      "dcr_mean": 1.0612255334854126,
      "dcr_median": 0.9629459381103516,
      "dcr_share": 0.5096587622903412,
      "identical_matches_fraction": 0.0,
      "authenticity": 0.6714864083285136
    },
    "metrics_max": {
      "ks_statistic_mean": 0.22999496836697228,
      "ks_statistic_per_feature_mean": 0.22999496836697228,