{
  "metadata": {
    "dataset": "covertype",
    "model": "XGBOOSTDSBM",
    "n_folds": 5,
    "timestamp": "2026-01-02T15:26:45.792582",
    "n_metrics": 20
  },
  "folds": [
    {
      "ks_statistic_mean": 0.42469339622641505,
      "ks_statistic_per_feature_mean": 0.42469339622641505,
      "wasserstein_distance": 0.19733719696413796,
      "kl_divergence": 0.15216552851046947,
      "js_divergence": 0.03693865028618818,
      "mmd": 0.0622341870035771,
      "swd": 0.4032290865689205,
      "correlation_similarity": 0.9414056622520951,
      "pairwise_correlation_diff": 3.1054999006448183,
      "correlation_distance": 3.1054999006448183,
      "r2_score_real": 0.37606239318847656,
      "r2_score_synth": 0.3891923427581787,
      "rmse_real": 0.5878644411459705,
      "rmse_synth": 0.5816461453966825,
      "ml_efficiency_gap_percent": 3.491428498972941,
      "dcr_mean": 3.025777816772461,
      "dcr_median": 1.540461540222168,
      "dcr_share": 0.55275,
      "identical_matches_fraction": 0.0,
      "authenticity": 0.884625,
      "fold": 1,
      "test_size": 2000,
      "synth_size": 8000
    },
    {
      "ks_statistic_mean": 0.42478773584905655,
      "ks_statistic_per_feature_mean": 0.42478773584905655,
      "wasserstein_distance": 0.19826426188338478,
      "kl_divergence": 0.20101945518148817,
      "js_divergence": 0.04989708570121856,
      "mmd": 0.06311246144734253,
      "swd": 0.3370842784934678,
      "correlation_similarity": 0.9328527620809469,
      "pairwise_correlation_diff": 3.5588036097165308,
      "correlation_distance": 3.5588036097165308,
      "r2_score_real": -0.22191214561462402,
      "r2_score_synth": -0.9477647542953491,
      "rmse_real": 0.8226719303212594,
      "rmse_synth": 1.038663629826949,
      "ml_efficiency_gap_percent": 327.0900773233258,
      "dcr_mean": 2.8599820137023926,
      "dcr_median": 1.5472123622894287,
      "dcr_share": 0.505,
      "identical_matches_fraction": 0.0,
      "authenticity": 0.866875,
      "fold": 2,
      "test_size": 2000,
      "synth_size": 8000
    },
    {
      "ks_statistic_mean": 0.4276485849056603,
      "ks_statistic_per_feature_mean": 0.4276485849056603,
      "wasserstein_distance": 0.18984031986515476,
      "kl_divergence": 0.12808439928475096,
      "js_divergence": 0.027161072204271965,
      "mmd": 0.06548307516535373,
      "swd": 0.4123335378388656,
      "correlation_similarity": 0.9465135725773486,
      "pairwise_correlation_diff": 2.8347806534058724,
      "correlation_distance": 2.8347806534058724,
      "r2_score_real": 0.3369734287261963,
      "r2_score_synth": 0.01880800724029541,
      "rmse_real": 0.9833411282429771,
      "rmse_synth": 1.1962328590113698,
      "ml_efficiency_gap_percent": 94.41854887152613,
      "dcr_mean": 2.7629756927490234,
      "dcr_median": 1.525172233581543,
      "dcr_share": 0.489,
      "identical_matches_fraction": 0.0,
      "authenticity": 0.882625,
      "fold": 3,
      "test_size": 2000,
      "synth_size": 8000
    },
    {
      "ks_statistic_mean": 0.4249811320754718,
      "ks_statistic_per_feature_mean": 0.4249811320754718,
      "wasserstein_distance": 0.19694273651770824,
      "kl_divergence": 0.16559576059915443,
      "js_divergence": 0.038311029713447985,
      "mmd": 0.059369156419124956,
      "swd": 0.4052068522356118,
      "correlation_similarity": 0.941288753465605,
      "pairwise_correlation_diff": 3.1116960663288036,
      "correlation_distance": 3.1116960663288036,
      "r2_score_real": 0.2364090085029602,
      "r2_score_synth": 0.6226660013198853,
      "rmse_real": 0.7499955495066521,
      "rmse_synth": 0.5272192348839544,
      "ml_efficiency_gap_percent": 163.38505679748175,
      "dcr_mean": 2.8686907291412354,
      "dcr_median": 1.5901362895965576,
      "dcr_share": 0.4965,
      "identical_matches_fraction": 0.0,
      "authenticity": 0.886125,
      "fold": 4,
      "test_size": 2000,
      "synth_size": 8000
    },
    {
      "ks_statistic_mean": 0.42714858490566043,
      "ks_statistic_per_feature_mean": 0.42714858490566043,
      "wasserstein_distance": 0.20049823609725484,
      "kl_divergence": 0.15234836651875933,
      "js_divergence": 0.03429529922068912,
      "mmd": 0.06055076456007935,
      "swd": 0.32097758743939164,
      "correlation_similarity": 0.9408459944281781,
      "pairwise_correlation_diff": 3.1351622953124765,
      "correlation_distance": 3.1351622953124765,
      "r2_score_real": 0.47924691438674927,
      "r2_score_synth": -0.009891867637634277,
      "rmse_real": 0.7600886190346562,
      "rmse_synth": 1.0584874961990247,
      "ml_efficiency_gap_percent": 102.06404409515959,
      "dcr_mean": 2.7843568325042725,
      "dcr_median": 1.5856571197509766,
      "dcr_share": 0.522875,
      "identical_matches_fraction": 0.0,
      "authenticity": 0.873875,
      "fold": 5,
      "test_size": 2000,
      "synth_size": 8000
    }
  ],
  "summary": {
    "metrics_mean": {
      "ks_statistic_mean": 0.42585188679245284,
      "ks_statistic_per_feature_mean": 0.42585188679245284,
      "wasserstein_distance": 0.19657655026552812,
      "kl_divergence": 0.15984270201892445,
      "js_divergence": 0.037320627425163164,
      "mmd": 0.06214992891909553,
      "swd": 0.3757662685152515,
      "correlation_similarity": 0.9405813489608347,
      "pairwise_correlation_diff": 3.1491885050817006,
      "correlation_distance": 3.1491885050817006,
      "r2_score_real": 0.24135591983795165,
      "r2_score_synth": 0.014601945877075195,
      "rmse_real": 0.7807923336503031,
      "rmse_synth": 0.8804498730635959,
      "ml_efficiency_gap_percent": 138.08983111729324,
      "dcr_mean": 2.8603566169738768,
      "dcr_median": 1.5577279090881349,
      "dcr_share": 0.513225,
      "identical_matches_fraction": 0.0,
      "authenticity": 0.878825
    },
    "metrics_std": {
      "ks_statistic_mean": 0.0012761098311567071,
      "ks_statistic_per_feature_mean": 0.0012761098311567071,
      "wasserstein_distance": 0.0035865712329778265,
      "kl_divergence": 0.02388437369604499,
      "js_divergence": 0.007371068837391568,
      "mmd": 0.0021134547326791477,
      "swd": 0.03861661677855237,
      "correlation_similarity": 0.004385710500140244,
      "pairwise_correlation_diff": 0.23244265650787288,
      "correlation_distance": 0.23244265650787288,
      "r2_score_real": 0.2443450182245889,
      "r2_score_synth": 0.5360647655667261,
      "rmse_real": 0.12757599478499657,
      "rmse_synth": 0.2722144131788095,
      "ml_efficiency_gap_percent": 107.40829550747895,
      "dcr_mean": 0.09240431022235399,
      "dcr_median": 0.025686261547410997,
      "dcr_share": 0.022757745934077027,
      "identical_matches_fraction": 0.0,
      "authenticity": 0.007330416086416954
    },
    "metrics_min": {
      "ks_statistic_mean": 0.42469339622641505,
      "ks_statistic_per_feature_mean": 0.42469339622641505,
      "wasserstein_distance": 0.18984031986515476,
      "kl_divergence": 0.12808439928475096,
      "js_divergence": 0.027161072204271965,
      "mmd": 0.059369156419124956,
      "swd": 0.32097758743939164,
      "correlation_similarity": 0.9328527620809469,
      "pairwise_correlation_diff": 2.8347806534058724,
      "correlation_distance": 2.8347806534058724,
      "r2_score_real": -0.22191214561462402,
      "r2_score_synth": -0.9477647542953491,
      "rmse_real": 0.5878644411459705,
      "rmse_synth": 0.5272192348839544,
      "ml_efficiency_gap_percent": 3.491428498972941,
      "dcr_mean": 2.7629756927490234,
      "dcr_median": 1.525172233581543,
      "dcr_share": 0.489,
      "identical_matches_fraction": 0.0,
      "authenticity": 0.866875
    },
    "metrics_max": {
      "ks_statistic_mean": 0.4276485849056603,
      "ks_statistic_per_feature_mean": 0.4276485849056603,
      "wasserstein_distance": 0.20049823609725484,
      "kl_divergence": 0.20101945518148817,
      "js_divergence": 0.04989708570121856,
      "mmd": 0.06548307516535373,