{
  "metadata": {
    "dataset": "california_housing",
    "model": "XGBOOSTDSBM",
    "n_folds": 5,
    "timestamp": "2026-01-02T11:23:23.215080",
    "n_metrics": 20
  },
  "folds": [
    {
      "ks_statistic_mean": 0.044859150055371,
      "ks_statistic_per_feature_mean": 0.044859150055371,
      "wasserstein_distance": 0.08633323386311531,
      "kl_divergence": 0.02783836576508068,
      "js_divergence": 0.004102500234143252,
      "mmd": 0.07962259957016662,
      "swd": 1.0572444032246073,
      "correlation_similarity": 0.933857429918196,
      "pairwise_correlation_diff": 0.4629979905792424,
      "correlation_distance": 0.4629979905792424,
      "r2_score_real": 0.9433958530426025,
      "r2_score_synth": 0.9243052005767822,
      "rmse_real": 0.23804164784335285,
      "rmse_synth": 0.275271897390839,
      "ml_efficiency_gap_percent": 2.0236099622708648,
      "dcr_mean": 0.44895532727241516,
      "dcr_median": 0.39485275745391846,
      "dcr_share": 0.5295542635658915,
      "identical_matches_fraction": 0.0,
      "authenticity": 0.6134326550387597,
      "fold": 1,
      "test_size": 4128,
      "synth_size": 16512
    },
    {
      "ks_statistic_mean": 0.055941998892580294,
      "ks_statistic_per_feature_mean": 0.055941998892580294,
      "wasserstein_distance": 0.08081458083220891,
      "kl_divergence": 0.029410890597363452,
      "js_divergence": 0.005181293824978507,
      "mmd": 0.07708560294789345,
      "swd": 0.2915193689368494,
      "correlation_similarity": 0.9756989397852404,
      "pairwise_correlation_diff": 0.17010742150574795,
      "correlation_distance": 0.17010742150574795,
      "r2_score_real": 0.9307651519775391,
      "r2_score_synth": 0.9198552370071411,
      "rmse_real": 0.2643221571712513,
      "rmse_synth": 0.2843864318100906,
      "ml_efficiency_gap_percent": 1.172144761459787,
      "dcr_mean": 0.43291372060775757,
      "dcr_median": 0.38250309228897095,
      "dcr_share": 0.531734496124031,
      "identical_matches_fraction": 0.0,
      "authenticity": 0.6114341085271318,
      "fold": 2,
      "test_size": 4128,
      "synth_size": 16512
    },
    {
      "ks_statistic_mean": 0.05614098837209304,
      "ks_statistic_per_feature_mean": 0.05614098837209304,
      "wasserstein_distance": 0.08745387835162026,
      "kl_divergence": 0.02589567456015753,
      "js_divergence": 0.0046371652288947724,
      "mmd": 0.07746088640292208,
      "swd": 0.46968250059682004,
      "correlation_similarity": 0.9518993428092607,
      "pairwise_correlation_diff": 0.3367046003399851,
      "correlation_distance": 0.3367046003399851,
      "r2_score_real": 0.9298421144485474,
      "r2_score_synth": 0.9149275422096252,
      "rmse_real": 0.26302968693300854,
      "rmse_synth": 0.2896416378444947,
      "ml_efficiency_gap_percent": 1.6039897534397398,
      "dcr_mean": 0.44135722517967224,
      "dcr_median": 0.38688865303993225,
      "dcr_share": 0.5280402131782945,
      "identical_matches_fraction": 0.0,
      "authenticity": 0.6065285852713178,
      "fold": 3,
      "test_size": 4128,
      "synth_size": 16512
    },
    {
      "ks_statistic_mean": 0.05435008305647842,
      "ks_statistic_per_feature_mean": 0.05435008305647842,
      "wasserstein_distance": 0.08846070457782064,
      "kl_divergence": 0.02827773741185807,
      "js_divergence": 0.005599683471213019,
      "mmd": 0.07678169340206434,
      "swd": 0.2209751222836103,
      "correlation_similarity": 0.9590097114720745,
      "pairwise_correlation_diff": 0.286932019699578,
      "correlation_distance": 0.286932019699578,
      "r2_score_real": 0.9347943663597107,
      "r2_score_synth": 0.9197283983230591,
      "rmse_real": 0.2567983389482819,
      "rmse_synth": 0.28492507970423403,
      "ml_efficiency_gap_percent": 1.6116879368156354,
      "dcr_mean": 0.49296513199806213,
      "dcr_median": 0.384602427482605,
      "dcr_share": 0.5228318798449613,
      "identical_matches_fraction": 0.0,
      "authenticity": 0.6071947674418605,
      "fold": 4,
      "test_size": 4128,
      "synth_size": 16512
    },
    {
      "ks_statistic_mean": 0.05454042081949058,
      "ks_statistic_per_feature_mean": 0.05454042081949058,
      "wasserstein_distance": 0.07848466773118291,
      "kl_divergence": 0.02340823093530878,
      "js_divergence": 0.004133008814964376,
      "mmd": 0.07587420045757266,
      "swd": 0.29429467060874775,
      "correlation_similarity": 0.9640883631712702,
      "pairwise_correlation_diff": 0.2513814578046997,
      "correlation_distance": 0.2513814578046997,
      "r2_score_real": 0.9396694898605347,
      "r2_score_synth": 0.9310352802276611,
      "rmse_real": 0.24693308853065143,
      "rmse_synth": 0.2640122794750783,
      "ml_efficiency_gap_percent": 0.918856015443794,
      "dcr_mean": 0.4315657317638397,
      "dcr_median": 0.3785233497619629,
      "dcr_share": 0.5370639534883721,
      "identical_matches_fraction": 0.0,
      "authenticity": 0.6110707364341085,
      "fold": 5,
      "test_size": 4128,
      "synth_size": 16512
    }
  ],
  "summary": {
    "metrics_mean": {
      "ks_statistic_mean": 0.05316652823920267,
      "ks_statistic_per_feature_mean": 0.05316652823920267,
      "wasserstein_distance": 0.0843094130711896,
      "kl_divergence": 0.026966179853953703,
      "js_divergence": 0.004730730314838785,
      "mmd": 0.07736499655612383,
      "swd": 0.466743213130127,
      "correlation_similarity": 0.9569107574312085,
      "pairwise_correlation_diff": 0.3016246979858507,
      "correlation_distance": 0.3016246979858507,
      "r2_score_real": 0.9356933951377868,
      "r2_score_synth": 0.9219703316688538,
      "rmse_real": 0.2538249838853092,
      "rmse_synth": 0.2796474652449473,
      "ml_efficiency_gap_percent": 1.4660576858859642,
      "dcr_mean": 0.4495514273643494,
      "dcr_median": 0.3854740560054779,
      "dcr_share": 0.5298449612403101,
      "identical_matches_fraction": 0.0,
      "authenticity": 0.6099321705426356
    },
    "metrics_std": {
      "ks_statistic_mean": 0.004215484919835056,
      "ks_statistic_per_feature_mean": 0.004215484919835056,
      "wasserstein_distance": 0.003933401691290634,
      "kl_divergence": 0.0021100940359111827,
      "js_divergence": 0.0005863080275167161,
      "mmd": 0.0012447282913989886,
      "swd": 0.30644547468800026,
      "correlation_similarity": 0.013895967863586049,
      "pairwise_correlation_diff": 0.09727177504649182,
      "correlation_distance": 0.09727177504649182,
      "r2_score_real": 0.005185952296624524,
      "r2_score_synth": 0.0054171150830132206,
      "rmse_real": 0.01000369895303531,
      "rmse_synth": 0.009097242797025718,
      "ml_efficiency_gap_percent": 0.38390426968892444,
      "dcr_mean": 0.0225944620079291,
      "dcr_median": 0.005438010750250371,
      "dcr_share": 0.004652077439540893,
      "identical_matches_fraction": 0.0,
      "authenticity": 0.0026413371667156436
    },
    "metrics_min": {
      "ks_statistic_mean": 0.044859150055371,
      "ks_statistic_per_feature_mean": 0.044859150055371,
      "wasserstein_distance": 0.07848466773118291,
      "kl_divergence": 0.02340823093530878,
      "js_divergence": 0.004102500234143252,
      "mmd": 0.07587420045757266,
      "swd": 0.2209751222836103,
      "correlation_similarity": 0.933857429918196,
      "pairwise_correlation_diff": 0.17010742150574795,
      "correlation_distance": 0.17010742150574795,
      "r2_score_real": 0.9298421144485474,
      "r2_score_synth": 0.9149275422096252,
      "rmse_real": 0.23804164784335285,
      "rmse_synth": 0.2640122794750783,
      "ml_efficiency_gap_percent": 0.918856015443794,
      "dcr_mean": 0.4315657317638397,
      "dcr_median": 0.3785233497619629,
      "dcr_share": 0.5228318798449613,
      "identical_matches_fraction": 0.0,
      "authenticity": 0.6065285852713178
    },
    "metrics_max": {
      "ks_statistic_mean": 0.05614098837209304,
      "ks_statistic_per_feature_mean": 0.05614098837209304,