{
  "metadata": {
    "dataset": "king_county_housing",
    "model": "DSBM",
    "n_folds": 5,
    "timestamp": "2026-01-16T06:45:17.815027",
    "evaluator_version": "2.0",
    "n_metrics": 20,
    "metrics_list": [
      "ks_statistic_mean",
      "ks_statistic_per_feature_mean",
      "wasserstein_distance",
      "kl_divergence",
      "js_divergence",
      "mmd",
      "swd",
      "correlation_similarity",
      "pairwise_correlation_diff",
      "correlation_distance",
      "r2_score_real",
      "r2_score_synth",
      "rmse_real",
      "rmse_synth",
      "ml_efficiency_gap_percent",
      "dcr_mean",
      "dcr_median",
      "dcr_share",
      "identical_matches_fraction",
      "authenticity"
    ]
  },
  "folds": [
    {
      "ks_statistic_mean": 0.2683432594591694,
      "ks_statistic_per_feature_mean": 0.2683432594591694,
      "wasserstein_distance": 0.3180857328698039,
      "kl_divergence": 0.32924182938583335,
      "js_divergence": 0.08334733328204627,
      "mmd": 0.08058682566435342,
      "swd": 0.2848099221095557,
      "correlation_similarity": 0.9120797762677597,
      "pairwise_correlation_diff": 1.4067235797246358,
      "correlation_distance": 1.4067235797246358,
      "r2_score_real": 0.6658027172088623,
      "r2_score_synth": 0.3131171464920044,
      "rmse_real": 0.5464252802627709,
      "rmse_synth": 0.7833767743611758,
      "ml_efficiency_gap_percent": 52.9714826330786,
      "dcr_mean": 2.323268413543701,
      "dcr_median": 2.2613964080810547,
      "dcr_share": 0.525910931174089,
      "identical_matches_fraction": 0.0,
      "authenticity": 0.973048004626952,
      "fold": 1,
      "test_size": 4323,
      "synth_size": 17290
    },
    {
      "ks_statistic_mean": 0.2736891665653216,
      "ks_statistic_per_feature_mean": 0.2736891665653216,
      "wasserstein_distance": 0.3326184256002307,
      "kl_divergence": 0.3049609221634415,
      "js_divergence": 0.07872316349783706,
      "mmd": 0.08196097491429448,
      "swd": 0.25812108383891924,
      "correlation_similarity": 0.9276475396791052,
      "pairwise_correlation_diff": 1.157639365141552,
      "correlation_distance": 1.157639365141552,
      "r2_score_real": 0.6410636305809021,
      "r2_score_synth": 0.4343022108078003,
      "rmse_real": 0.5531351907513323,
      "rmse_synth": 0.6944081500953445,
      "ml_efficiency_gap_percent": 32.252870059988304,
      "dcr_mean": 2.456592082977295,
      "dcr_median": 2.298079252243042,
      "dcr_share": 0.5196645459803354,
      "identical_matches_fraction": 0.0,
      "authenticity": 0.9705031810294968,
      "fold": 2,
      "test_size": 4323,
      "synth_size": 17290
    },
    {
      "ks_statistic_mean": 0.27946433086800704,
      "ks_statistic_per_feature_mean": 0.27946433086800704,
      "wasserstein_distance": 0.3154082018882036,
      "kl_divergence": 0.31596913905822854,
      "js_divergence": 0.07951234823181573,
      "mmd": 0.08142700270987557,
      "swd": 0.2568990708177264,
      "correlation_similarity": 0.9124536864012803,
      "pairwise_correlation_diff": 1.4007410175882693,
      "correlation_distance": 1.4007410175882693,
      "r2_score_real": 0.7026185989379883,
      "r2_score_synth": 0.3095840811729431,
      "rmse_real": 0.5960453488759402,
      "rmse_synth": 0.908192296117397,
      "ml_efficiency_gap_percent": 55.93853028643405,
      "dcr_mean": 2.3240017890930176,
      "dcr_median": 2.245013952255249,
      "dcr_share": 0.5073452862926547,
      "identical_matches_fraction": 0.0,
      "authenticity": 0.9777327935222672,
      "fold": 3,
      "test_size": 4323,
      "synth_size": 17290
    },
    {
      "ks_statistic_mean": 0.26570651033747367,
      "ks_statistic_per_feature_mean": 0.26570651033747367,
      "wasserstein_distance": 0.30000838730484247,
      "kl_divergence": 0.30584439364319305,
      "js_divergence": 0.07682608374241023,
      "mmd": 0.08100227453604199,
      "swd": 0.2269273779985843,
      "correlation_similarity": 0.9132083568023011,
      "pairwise_correlation_diff": 1.3886662911718626,
      "correlation_distance": 1.3886662911718626,
      "r2_score_real": 0.5881943106651306,
      "r2_score_synth": 0.3548944592475891,
      "rmse_real": 0.5863884017427703,
      "rmse_synth": 0.7339299253332586,
      "ml_efficiency_gap_percent": 39.663738187764146,
      "dcr_mean": 2.269181728363037,
      "dcr_median": 2.183866262435913,
      "dcr_share": 0.5170319819559308,
      "identical_matches_fraction": 0.0,
      "authenticity": 0.9731652304667168,
      "fold": 4,
      "test_size": 4322,
      "synth_size": 17291
    },
    {
      "ks_statistic_mean": 0.283676111444645,
      "ks_statistic_per_feature_mean": 0.283676111444645,
      "wasserstein_distance": 0.3397696912288666,
      "kl_divergence": 0.3076856280164509,
      "js_divergence": 0.07898189036178972,
      "mmd": 0.07866241017749494,
      "swd": 0.2553853778719766,
      "correlation_similarity": 0.9264115067019909,
      "pairwise_correlation_diff": 1.177415892775504,
      "correlation_distance": 1.177415892775504,
      "r2_score_real": 0.5195587277412415,
      "r2_score_synth": 0.37208402156829834,
      "rmse_real": 0.7474792159262555,
      "rmse_synth": 0.8545347715393481,
      "ml_efficiency_gap_percent": 28.384607610016072,
      "dcr_mean": 2.359358310699463,
      "dcr_median": 2.246192455291748,
      "dcr_share": 0.520733329477763,
      "identical_matches_fraction": 0.0,
      "authenticity": 0.9750737377826615,
      "fold": 5,
      "test_size": 4322,
      "synth_size": 17291
    }
  ],
  "summary": {
    "metrics_mean": {
      "ks_statistic_mean": 0.2741758757349234,
      "ks_statistic_per_feature_mean": 0.2741758757349234,
      "wasserstein_distance": 0.32117808777838946,
      "kl_divergence": 0.3127403824534295,
      "js_divergence": 0.0794781638231798,
      "mmd": 0.08072789760041207,
      "swd": 0.2564285665273524,
      "correlation_similarity": 0.9183601731704876,
      "pairwise_correlation_diff": 1.3062372292803648,
      "correlation_distance": 1.3062372292803648,
      "r2_score_real": 0.623447597026825,
      "r2_score_synth": 0.35679638385772705,
      "rmse_real": 0.6058946875118139,
      "rmse_synth": 0.7948883834893048,
      "ml_efficiency_gap_percent": 41.84224575545623,
      "dcr_mean": 2.346480464935303,
      "dcr_median": 2.246909666061401,
      "dcr_share": 0.5181372149761547,
      "identical_matches_fraction": 0.0,
      "authenticity": 0.9739045894856189
    },
    "metrics_std": {
      "ks_statistic_mean": 0.00669639731357678,
      "ks_statistic_per_feature_mean": 0.00669639731357678,
      "wasserstein_distance": 0.013910711761399977,
      "kl_divergence": 0.009125215905046141,
      "js_divergence": 0.0021364214223687835,
      "mmd": 0.0011287736623670215,
      "swd": 0.018330279326847686,
      "correlation_similarity": 0.007098596078141514,
      "pairwise_correlation_diff": 0.11357753725097414,
      "correlation_distance": 0.11357753725097414,
      "r2_score_real": 0.06388743185974421,
      "r2_score_synth": 0.04556612710524744,
      "rmse_real": 0.07327190217181391,
      "rmse_synth": 0.07789762036498508,
      "ml_efficiency_gap_percent": 10.9578756788115,
      "dcr_mean": 0.06214433556238007,
      "dcr_median": 0.036896534002948046,
      "dcr_share": 0.006118667808707409,
      "identical_matches_fraction": 0.0,
      "authenticity": 0.00240299907411533
    },
    "metrics_min": {
      "ks_statistic_mean": 0.26570651033747367,
      "ks_statistic_per_feature_mean": 0.26570651033747367,
      "wasserstein_distance": 0.30000838730484247,
      "kl_divergence": 0.3049609221634415,
      "js_divergence": 0.07682608374241023,
      "mmd": 0.07866241017749494,
      "swd": 0.2269273779985843,
      "correlation_similarity": 0.9120797762677597,
      "pairwise_correlation_diff": 1.157639365141552,
      "correlation_distance": 1.157639365141552,
      "r2_score_real": 0.5195587277412415,