{
  "metadata": {
    "dataset": "california_housing",
    "model": "DSBM",
    "n_folds": 5,
    "timestamp": "2026-01-16T01:28:00.562267",
    "evaluator_version": "2.0",
    "n_metrics": 20,
    "metrics_list": [
      "ks_statistic_mean",
      "ks_statistic_per_feature_mean",
      "wasserstein_distance",
      "kl_divergence",
      "js_divergence",
      "mmd",
      "swd",
      "correlation_similarity",
      "pairwise_correlation_diff",
      "correlation_distance",
      "r2_score_real",
      "r2_score_synth",
      "rmse_real",
      "rmse_synth",
      "ml_efficiency_gap_percent",
      "dcr_mean",
      "dcr_median",
      "dcr_share",
      "identical_matches_fraction",
      "authenticity"
    ]
  },
  "folds": [
    {
      "ks_statistic_mean": 0.05429817275747508,
      "ks_statistic_per_feature_mean": 0.05429817275747508,
      "wasserstein_distance": 0.08289775571652822,
      "kl_divergence": 0.04950002277552271,
      "js_divergence": 0.005898278971575556,
      "mmd": 0.03608033758368137,
      "swd": 1.1267283253409155,
      "correlation_similarity": 0.8394094642589708,
      "pairwise_correlation_diff": 1.1241337502032633,
      "correlation_distance": 1.1241337502032633,
      "r2_score_real": 0.9418659806251526,
      "r2_score_synth": 0.9101943373680115,
      "rmse_real": 0.24123704436949148,
      "rmse_synth": 0.2998338865294839,
      "ml_efficiency_gap_percent": 3.3626486048598365,
      "dcr_mean": 0.5233944654464722,
      "dcr_median": 0.48185890913009644,
      "dcr_share": 0.4803173449612403,
      "identical_matches_fraction": 0.0,
      "authenticity": 0.7414607558139535,
      "fold": 1,
      "test_size": 4128,
      "synth_size": 16512
    },
    {
      "ks_statistic_mean": 0.07012216223698779,
      "ks_statistic_per_feature_mean": 0.07012216223698779,
      "wasserstein_distance": 0.0813366552548749,
      "kl_divergence": 0.054692114404747395,
      "js_divergence": 0.0066843405879673185,
      "mmd": 0.042987040344030995,
      "swd": 0.36508361422609276,
      "correlation_similarity": 0.9010365330337862,
      "pairwise_correlation_diff": 0.6927442687733936,
      "correlation_distance": 0.6927442687733936,
      "r2_score_real": 0.9290571212768555,
      "r2_score_synth": 0.9082512259483337,
      "rmse_real": 0.26756274046839185,
      "rmse_synth": 0.30427860063126394,
      "ml_efficiency_gap_percent": 2.239463521890561,
      "dcr_mean": 0.5125216245651245,
      "dcr_median": 0.4693021774291992,
      "dcr_share": 0.5088420542635659,
      "identical_matches_fraction": 0.0,
      "authenticity": 0.7444888565891473,
      "fold": 2,
      "test_size": 4128,
      "synth_size": 16512
    },
    {
      "ks_statistic_mean": 0.07568521594684385,
      "ks_statistic_per_feature_mean": 0.07568521594684385,
      "wasserstein_distance": 0.08823088609746524,
      "kl_divergence": 0.04383615666092854,
      "js_divergence": 0.00614083323513754,
      "mmd": 0.04642226639560967,
      "swd": 0.5508786310351964,
      "correlation_similarity": 0.8651326425517127,
      "pairwise_correlation_diff": 0.9440715021514973,
      "correlation_distance": 0.9440715021514973,
      "r2_score_real": 0.9284816384315491,
      "r2_score_synth": 0.895635724067688,
      "rmse_real": 0.2655677593488787,
      "rmse_synth": 0.3208059487587099,
      "ml_efficiency_gap_percent": 3.5375943911337346,
      "dcr_mean": 0.5280960202217102,
      "dcr_median": 0.48154276609420776,
      "dcr_share": 0.5013323643410853,
      "identical_matches_fraction": 0.0,
      "authenticity": 0.7421875,
      "fold": 3,
      "test_size": 4128,
      "synth_size": 16512
    },
    {
      "ks_statistic_mean": 0.07132475083056479,
      "ks_statistic_per_feature_mean": 0.07132475083056479,
      "wasserstein_distance": 0.08649537020495959,
      "kl_divergence": 0.0566277238533209,
      "js_divergence": 0.009218230515357367,
      "mmd": 0.05115870107146924,
      "swd": 0.34029241881583133,
      "correlation_similarity": 0.8756708952335356,
      "pairwise_correlation_diff": 0.870303733377684,
      "correlation_distance": 0.870303733377684,
      "r2_score_real": 0.9341214299201965,
      "r2_score_synth": 0.9062462449073792,
      "rmse_real": 0.2581200787857928,
      "rmse_synth": 0.307924329224011,
      "ml_efficiency_gap_percent": 2.984107217752065,
      "dcr_mean": 0.5153688192367554,
      "dcr_median": 0.4691658616065979,
      "dcr_share": 0.49103682170542634,
      "identical_matches_fraction": 0.0,
      "authenticity": 0.7398255813953488,
      "fold": 4,
      "test_size": 4128,
      "synth_size": 16512
    },
    {
      "ks_statistic_mean": 0.07062396179401995,
      "ks_statistic_per_feature_mean": 0.07062396179401995,
      "wasserstein_distance": 0.08000280122671809,
      "kl_divergence": 0.050634389769671675,
      "js_divergence": 0.006146318694613652,
      "mmd": 0.0401720705210533,
      "swd": 0.3877745512590671,
      "correlation_similarity": 0.8754828907036448,
      "pairwise_correlation_diff": 0.8716197650869376,
      "correlation_distance": 0.8716197650869376,
      "r2_score_real": 0.9393426775932312,
      "r2_score_synth": 0.9150438904762268,
      "rmse_real": 0.24760102579908844,
      "rmse_synth": 0.2930272743262138,
      "ml_efficiency_gap_percent": 2.5867862385708222,
      "dcr_mean": 0.5104952454566956,
      "dcr_median": 0.46990323066711426,
      "dcr_share": 0.5125968992248062,
      "identical_matches_fraction": 0.0,
      "authenticity": 0.7427325581395349,
      "fold": 5,
      "test_size": 4128,
      "synth_size": 16512
    }
  ],
  "summary": {
    "metrics_mean": {
      "ks_statistic_mean": 0.06841085271317829,
      "ks_statistic_per_feature_mean": 0.06841085271317829,
      "wasserstein_distance": 0.0837926937001092,
      "kl_divergence": 0.05105808149283825,
      "js_divergence": 0.006817600400930286,
      "mmd": 0.04336408318316892,
      "swd": 0.5541515081354206,
      "correlation_similarity": 0.87134648515633,
      "pairwise_correlation_diff": 0.9005746039185551,
      "correlation_distance": 0.9005746039185551,
      "r2_score_real": 0.934573769569397,
      "r2_score_synth": 0.9070742845535278,
      "rmse_real": 0.2560177297543287,
      "rmse_synth": 0.3051740078939365,
      "ml_efficiency_gap_percent": 2.942119994841404,
      "dcr_mean": 0.5179752349853516,
      "dcr_median": 0.47435458898544314,
      "dcr_share": 0.49882509689922483,
      "identical_matches_fraction": 0.0,
      "authenticity": 0.7421390503875969
    },
    "metrics_std": {
      "ks_statistic_mean": 0.007326681790768668,
      "ks_statistic_per_feature_mean": 0.007326681790768668,
      "wasserstein_distance": 0.003104781339953291,
      "kl_divergence": 0.004449502694665067,
      "js_divergence": 0.0012275640871617617,
      "mmd": 0.005167061228225801,
      "swd": 0.2956411993268315,
      "correlation_similarity": 0.01987910692182448,
      "pairwise_correlation_diff": 0.13915374845475906,
      "correlation_distance": 0.13915374845475906,
      "r2_score_real": 0.005360427355427005,
      "r2_score_synth": 0.006421228150734161,
      "rmse_real": 0.01018056751866427,
      "rmse_synth": 0.009260492744306929,
      "ml_efficiency_gap_percent": 0.48024685167038417,
      "dcr_mean": 0.006697519923227931,
      "dcr_median": 0.006004149501873151,
      "dcr_share": 0.011827784885186545,
      "identical_matches_fraction": 0.0,
      "authenticity": 0.0015289480245008107
    },
    "metrics_min": {
      "ks_statistic_mean": 0.05429817275747508,
      "ks_statistic_per_feature_mean": 0.05429817275747508,
      "wasserstein_distance": 0.08000280122671809,
      "kl_divergence": 0.04383615666092854,
      "js_divergence": 0.005898278971575556,
      "mmd": 0.03608033758368137,
      "swd": 0.34029241881583133,
      "correlation_similarity": 0.8394094642589708,
      "pairwise_correlation_diff": 0.6927442687733936,
      "correlation_distance": 0.6927442687733936,