{
  "metadata": {
    "dataset": "online_shoppers",
    "model": "DSBM",
    "n_folds": 5,
    "timestamp": "2026-01-16T08:42:37.367578",
    "evaluator_version": "2.0",
    "n_metrics": 20,
    "metrics_list": [
      "ks_statistic_mean",
      "ks_statistic_per_feature_mean",
      "wasserstein_distance",
      "kl_divergence",
      "js_divergence",
      "mmd",
      "swd",
      "correlation_similarity",
      "pairwise_correlation_diff",
      "correlation_distance",
      "r2_score_real",
      "r2_score_synth",
      "rmse_real",
      "rmse_synth",
      "ml_efficiency_gap_percent",
      "dcr_mean",
      "dcr_median",
      "dcr_share",
      "identical_matches_fraction",
      "authenticity"
    ]
  },
  "folds": [
    {
      "ks_statistic_mean": 0.29172459738153167,
      "ks_statistic_per_feature_mean": 0.29172459738153167,
      "wasserstein_distance": 0.2386705321925027,
      "kl_divergence": 0.13549084759154748,
      "js_divergence": 0.03353049865531767,
      "mmd": 0.06338733097014702,
      "swd": 0.16547791201576792,
      "correlation_similarity": 0.9396023125555533,
      "pairwise_correlation_diff": 0.8455676242282935,
      "correlation_distance": 0.8455676242282935,
      "r2_score_real": -0.11662399768829346,
      "r2_score_synth": -0.09734320640563965,
      "rmse_real": 1.0632431572811212,
      "rmse_synth": 1.0540236467788828,
      "ml_efficiency_gap_percent": 16.532439004694815,
      "dcr_mean": 1.7442439794540405,
      "dcr_median": 1.6108661890029907,
      "dcr_share": 0.49482968369829683,
      "identical_matches_fraction": 0.0,
      "authenticity": 0.9436334144363342,
      "fold": 1,
      "test_size": 2466,
      "synth_size": 9864
    },
    {
      "ks_statistic_mean": 0.2999942069285135,
      "ks_statistic_per_feature_mean": 0.2999942069285135,
      "wasserstein_distance": 0.24262210513864244,
      "kl_divergence": 0.13643307152824355,
      "js_divergence": 0.03395605491309999,
      "mmd": 0.0671926454018513,
      "swd": 0.2681379089636231,
      "correlation_similarity": 0.932173385756347,
      "pairwise_correlation_diff": 0.9495725994179252,
      "correlation_distance": 0.9495725994179252,
      "r2_score_real": -0.25901198387145996,
      "r2_score_synth": -0.22370672225952148,
      "rmse_real": 1.1888438701771464,
      "rmse_synth": 1.1720565146695814,
      "ml_efficiency_gap_percent": 13.630744448279831,
      "dcr_mean": 1.7432928085327148,
      "dcr_median": 1.6061320304870605,
      "dcr_share": 0.5127737226277372,
      "identical_matches_fraction": 0.0,
      "authenticity": 0.9475871857258719,
      "fold": 2,
      "test_size": 2466,
      "synth_size": 9864
    },
    {
      "ks_statistic_mean": 0.29249942069285134,
      "ks_statistic_per_feature_mean": 0.29249942069285134,
      "wasserstein_distance": 0.2498781191451209,
      "kl_divergence": 0.13670049149387584,
      "js_divergence": 0.036606238831159606,
      "mmd": 0.07567808305167961,
      "swd": 0.1555756109239692,
      "correlation_similarity": 0.9625142033851497,
      "pairwise_correlation_diff": 0.5248011526116534,
      "correlation_distance": 0.5248011526116534,
      "r2_score_real": -0.1709059476852417,
      "r2_score_synth": -0.1677858829498291,
      "rmse_real": 1.0857188052606805,
      "rmse_synth": 1.084271312230618,
      "ml_efficiency_gap_percent": 1.8256033670395344,
      "dcr_mean": 1.8213180303573608,
      "dcr_median": 1.6789672374725342,
      "dcr_share": 0.5035482562854826,
      "identical_matches_fraction": 0.0,
      "authenticity": 0.9456609894566099,
      "fold": 3,
      "test_size": 2466,
      "synth_size": 9864
    },
    {
      "ks_statistic_mean": 0.29417217008457885,
      "ks_statistic_per_feature_mean": 0.29417217008457885,
      "wasserstein_distance": 0.23201228784663336,
      "kl_divergence": 0.13718761656598685,
      "js_divergence": 0.03420316286779113,
      "mmd": 0.06558553495628251,
      "swd": 0.13853997103142987,
      "correlation_similarity": 0.9589064543388499,
      "pairwise_correlation_diff": 0.5753096392602104,
      "correlation_distance": 0.5753096392602104,
      "r2_score_real": -0.18783557415008545,
      "r2_score_synth": -0.17802095413208008,
      "rmse_real": 1.115576001969269,
      "rmse_synth": 1.1109576152370029,
      "ml_efficiency_gap_percent": 5.225112475320164,
      "dcr_mean": 1.7315549850463867,
      "dcr_median": 1.5819673538208008,
      "dcr_share": 0.5174371451743714,
      "identical_matches_fraction": 0.0,
      "authenticity": 0.9478913219789132,
      "fold": 4,
      "test_size": 2466,
      "synth_size": 9864
    },
    {
      "ks_statistic_mean": 0.2938825165102537,
      "ks_statistic_per_feature_mean": 0.2938825165102537,
      "wasserstein_distance": 0.24064244223492487,
      "kl_divergence": 0.14240615651736557,
      "js_divergence": 0.03897105779321953,
      "mmd": 0.07333958882236631,
      "swd": 0.14353791670971,
      "correlation_similarity": 0.9540892121343169,
      "pairwise_correlation_diff": 0.6427510301241546,
      "correlation_distance": 0.6427510301241546,
      "r2_score_real": -0.18976151943206787,
      "r2_score_synth": -0.20854711532592773,
      "rmse_real": 1.0944257556031785,
      "rmse_synth": 1.1030320449870763,
      "ml_efficiency_gap_percent": 9.899581300825776,
      "dcr_mean": 1.8081296682357788,
      "dcr_median": 1.6647922992706299,
      "dcr_share": 0.49797242497972427,
      "identical_matches_fraction": 0.0,
      "authenticity": 0.9431265206812652,
      "fold": 5,
      "test_size": 2466,
      "synth_size": 9864
    }
  ],
  "summary": {
    "metrics_mean": {
      "ks_statistic_mean": 0.2944545823195458,
      "ks_statistic_per_feature_mean": 0.2944545823195458,
      "wasserstein_distance": 0.24076509731156487,
      "kl_divergence": 0.13764363673940386,
      "js_divergence": 0.03545340261211758,
      "mmd": 0.06903663664046535,
      "swd": 0.17425386392890002,
      "correlation_similarity": 0.9494571136340433,
      "pairwise_correlation_diff": 0.7076004091284475,
      "correlation_distance": 0.7076004091284475,
      "r2_score_real": -0.1848278045654297,
      "r2_score_synth": -0.1750807762145996,
      "rmse_real": 1.1095615180582792,
      "rmse_synth": 1.1048682267806322,
      "ml_efficiency_gap_percent": 9.422696119232024,
      "dcr_mean": 1.7697078943252564,
      "dcr_median": 1.6285450220108033,
      "dcr_share": 0.5053122465531225,
      "identical_matches_fraction": 0.0,
      "authenticity": 0.9455798864557989
    },
    "metrics_std": {
      "ks_statistic_mean": 0.002911011216645612,
      "ks_statistic_per_feature_mean": 0.002911011216645612,
      "wasserstein_distance": 0.005788083721645849,
      "kl_divergence": 0.002444546634196276,
      "js_divergence": 0.0020593998396713537,
      "mmd": 0.004687201062299394,
      "swd": 0.04787287319316392,
      "correlation_similarity": 0.011636823644681257,
      "pairwise_correlation_diff": 0.16291553102670128,
      "correlation_distance": 0.16291553102670128,
      "r2_score_real": 0.04556809860219109,
      "r2_score_synth": 0.043793762925813585,
      "rmse_real": 0.04304607340500313,
      "rmse_synth": 0.03889504454126454,
      "ml_efficiency_gap_percent": 5.36319048415151,
      "dcr_mean": 0.03726030342367368,
      "dcr_median": 0.036988180329395534,
      "dcr_share": 0.008597157183472152,
      "identical_matches_fraction": 0.0,
      "authenticity": 0.0019588935234005457
    },
    "metrics_min": {
      "ks_statistic_mean": 0.29172459738153167,
      "ks_statistic_per_feature_mean": 0.29172459738153167,
      "wasserstein_distance": 0.23201228784663336,
      "kl_divergence": 0.13549084759154748,
      "js_divergence": 0.03353049865531767,
      "mmd": 0.06338733097014702,
      "swd": 0.13853997103142987,
      "correlation_similarity": 0.932173385756347,
      "pairwise_correlation_diff": 0.5248011526116534,
      "correlation_distance": 0.5248011526116534,