{
  "metadata": {
    "dataset": "adult_numeric",
    "model": "DSBM",
    "n_folds": 5,
    "timestamp": "2026-01-16T07:41:08.011559",
    "evaluator_version": "2.0",
    "n_metrics": 20,
    "metrics_list": [
      "ks_statistic_mean",
      "ks_statistic_per_feature_mean",
      "wasserstein_distance",
      "kl_divergence",
      "js_divergence",
      "mmd",
      "swd",
      "correlation_similarity",
      "pairwise_correlation_diff",
      "correlation_distance",
      "r2_score_real",
      "r2_score_synth",
      "rmse_real",
      "rmse_synth",
      "ml_efficiency_gap_percent",
      "dcr_mean",
      "dcr_median",
      "dcr_share",
      "identical_matches_fraction",
      "authenticity"
    ]
  },
  "folds": [
    {
      "ks_statistic_mean": 0.27114999999999995,
      "ks_statistic_per_feature_mean": 0.27114999999999995,
      "wasserstein_distance": 0.266220685839653,
      "kl_divergence": 0.5565663548553036,
      "js_divergence": 0.14852861656776856,
      "mmd": 0.07299827174582678,
      "swd": 0.14544587803514156,
      "correlation_similarity": 0.9388052595370519,
      "pairwise_correlation_diff": 0.6119474046356012,
      "correlation_distance": 0.6119474046356012,
      "r2_score_real": -0.3013416528701782,
      "r2_score_synth": -0.2189701795578003,
      "rmse_real": 1.1474382373918193,
      "rmse_synth": 1.110529715036122,
      "ml_efficiency_gap_percent": 27.33491123043139,
      "dcr_mean": 1.6727370023727417,
      "dcr_median": 1.5925650596618652,
      "dcr_share": 0.4955,
      "identical_matches_fraction": 0.0,
      "authenticity": 0.88425,
      "fold": 1,
      "test_size": 1000,
      "synth_size": 4000
    },
    {
      "ks_statistic_mean": 0.26915,
      "ks_statistic_per_feature_mean": 0.26915,
      "wasserstein_distance": 0.2693281345069408,
      "kl_divergence": 0.5733557129809823,
      "js_divergence": 0.15345946229679747,
      "mmd": 0.0740461071746223,
      "swd": 0.12987793715824703,
      "correlation_similarity": 0.9494222594239381,
      "pairwise_correlation_diff": 0.5057774057656763,
      "correlation_distance": 0.5057774057656763,
      "r2_score_real": -0.3473849296569824,
      "r2_score_synth": -0.17987608909606934,
      "rmse_real": 1.150125573392679,
      "rmse_synth": 1.076261042450758,
      "ml_efficiency_gap_percent": 48.219950337602725,
      "dcr_mean": 1.7005059719085693,
      "dcr_median": 1.6132769584655762,
      "dcr_share": 0.494,
      "identical_matches_fraction": 0.0,
      "authenticity": 0.9155,
      "fold": 2,
      "test_size": 1000,
      "synth_size": 4000
    },
    {
      "ks_statistic_mean": 0.28522499999999995,
      "ks_statistic_per_feature_mean": 0.28522499999999995,
      "wasserstein_distance": 0.280166307091713,
      "kl_divergence": 0.5776954076304955,
      "js_divergence": 0.15540179916399524,
      "mmd": 0.07566617927968788,
      "swd": 0.1442338349874947,
      "correlation_similarity": 0.9530298521692495,
      "pairwise_correlation_diff": 0.46970147831220177,
      "correlation_distance": 0.46970147831220177,
      "r2_score_real": -0.07062125205993652,
      "r2_score_synth": -0.06146597862243652,
      "rmse_real": 1.008289431307185,
      "rmse_synth": 1.0039690050036991,
      "ml_efficiency_gap_percent": 12.963906997471364,
      "dcr_mean": 1.7022370100021362,
      "dcr_median": 1.5954582691192627,
      "dcr_share": 0.49725,
      "identical_matches_fraction": 0.0,
      "authenticity": 0.884,
      "fold": 3,
      "test_size": 1000,
      "synth_size": 4000
    },
    {
      "ks_statistic_mean": 0.273825,
      "ks_statistic_per_feature_mean": 0.273825,
      "wasserstein_distance": 0.26671345978975297,
      "kl_divergence": 0.5729168107096367,
      "js_divergence": 0.15295269028941547,
      "mmd": 0.07480486650724427,
      "swd": 0.13397854815743945,
      "correlation_similarity": 0.9388044774202112,
      "pairwise_correlation_diff": 0.6119552258040077,
      "correlation_distance": 0.6119552258040077,
      "r2_score_real": -0.32547664642333984,
      "r2_score_synth": -0.13634943962097168,
      "rmse_real": 1.1014333879274687,
      "rmse_synth": 1.0198308278020969,
      "ml_efficiency_gap_percent": 58.10776560490145,
      "dcr_mean": 1.7215746641159058,
      "dcr_median": 1.6486506462097168,
      "dcr_share": 0.49225,
      "identical_matches_fraction": 0.0,
      "authenticity": 0.9085,
      "fold": 4,
      "test_size": 1000,
      "synth_size": 4000
    },
    {
      "ks_statistic_mean": 0.266425,
      "ks_statistic_per_feature_mean": 0.266425,
      "wasserstein_distance": 0.2629963681101799,
      "kl_divergence": 0.5524372508025122,
      "js_divergence": 0.1492570055406564,
      "mmd": 0.07349880624775912,
      "swd": 0.1371351067609779,
      "correlation_similarity": 0.9517500934080106,
      "pairwise_correlation_diff": 0.48249906592471836,
      "correlation_distance": 0.48249906592471836,
      "r2_score_real": -0.361186146736145,
      "r2_score_synth": -0.13392794132232666,
      "rmse_real": 1.1232727885037024,
      "rmse_synth": 1.0252250610384288,
      "ml_efficiency_gap_percent": 62.919967298700364,
      "dcr_mean": 1.6577004194259644,
      "dcr_median": 1.567152976989746,
      "dcr_share": 0.49175,
      "identical_matches_fraction": 0.0,
      "authenticity": 0.88925,
      "fold": 5,
      "test_size": 1000,
      "synth_size": 4000
    }
  ],
  "summary": {
    "metrics_mean": {
      "ks_statistic_mean": 0.2731549999999999,
      "ks_statistic_per_feature_mean": 0.2731549999999999,
      "wasserstein_distance": 0.26908499106764794,
      "kl_divergence": 0.5665943073957861,
      "js_divergence": 0.15191991477172664,
      "mmd": 0.07420284619102807,
      "swd": 0.1381342610198601,
      "correlation_similarity": 0.9463623883916922,
      "pairwise_correlation_diff": 0.536376116088441,
      "correlation_distance": 0.536376116088441,
      "r2_score_real": -0.2812021255493164,
      "r2_score_synth": -0.1461179256439209,
      "rmse_real": 1.106111883704571,
      "rmse_synth": 1.047163130266221,
      "ml_efficiency_gap_percent": 41.90930029382146,
      "dcr_mean": 1.6909510135650634,
      "dcr_median": 1.6034207820892334,
      "dcr_share": 0.49415000000000003,
      "identical_matches_fraction": 0.0,
      "authenticity": 0.8962999999999999
    },
    "metrics_std": {
      "ks_statistic_mean": 0.006503641287771008,
      "ks_statistic_per_feature_mean": 0.006503641287771008,
      "wasserstein_distance": 0.0058949880087517,
      "kl_divergence": 0.010098585679208466,
      "js_divergence": 0.00261351639956979,
      "mmd": 0.000946045574432619,
      "swd": 0.0059514651691927305,
      "correlation_similarity": 0.006278175914712005,
      "pairwise_correlation_diff": 0.06278175914774811,
      "correlation_distance": 0.06278175914774811,
      "r2_score_real": 0.10722662471947071,
      "r2_score_synth": 0.05264415574679452,
      "rmse_real": 0.05202055278127031,
      "rmse_synth": 0.03989004551395816,
      "ml_efficiency_gap_percent": 18.941548616999082,
      "dcr_mean": 0.02277644016039807,
      "dcr_median": 0.026979573125127023,
      "dcr_share": 0.0020408331631958537,
      "identical_matches_fraction": 0.0,
      "authenticity": 0.013142868788814708
    },
    "metrics_min": {
      "ks_statistic_mean": 0.266425,
      "ks_statistic_per_feature_mean": 0.266425,
      "wasserstein_distance": 0.2629963681101799,
      "kl_divergence": 0.5524372508025122,
      "js_divergence": 0.14852861656776856,
      "mmd": 0.07299827174582678,
      "swd": 0.12987793715824703,
      "correlation_similarity": 0.9388044774202112,
      "pairwise_correlation_diff": 0.46970147831220177,
      "correlation_distance": 0.46970147831220177,
      "r2_score_real": -0.361186146736145,
      "r2_score_synth": -0.2189701795578003,
      "rmse_real": 1.008289431307185,
      "rmse_synth": 1.0039690050036991,
      "ml_efficiency_gap_percent": 12.963906997471364,