{
  "metadata": {
    "dataset": "diabetes",
    "model": "DSBM",
    "n_folds": 5,
    "timestamp": "2026-01-16T02:55:25.370333",
    "evaluator_version": "2.0",
    "n_metrics": 20,
    "metrics_list": [
      "ks_statistic_mean",
      "ks_statistic_per_feature_mean",
      "wasserstein_distance",
      "kl_divergence",
      "js_divergence",
      "mmd",
      "swd",
      "correlation_similarity",
      "pairwise_correlation_diff",
      "correlation_distance",
      "r2_score_real",
      "r2_score_synth",
      "rmse_real",
      "rmse_synth",
      "ml_efficiency_gap_percent",
      "dcr_mean",
      "dcr_median",
      "dcr_share",
      "identical_matches_fraction",
      "authenticity"
    ]
  },
  "folds": [
    {
      "ks_statistic_mean": 0.12821084126428364,
      "ks_statistic_per_feature_mean": 0.12821084126428364,
      "wasserstein_distance": 0.18148369673225614,
      "kl_divergence": 0.11943526059193697,
      "js_divergence": 0.033375532998303585,
      "mmd": 0.12377406491919442,
      "swd": 0.22049460944817362,
      "correlation_similarity": 0.9105069414469268,
      "pairwise_correlation_diff": 0.8054375269866086,
      "correlation_distance": 0.8054375269866086,
      "r2_score_real": -0.43945062160491943,
      "r2_score_synth": 0.2546551823616028,
      "rmse_real": 1.3601389525056957,
      "rmse_synth": 0.9787313562325105,
      "ml_efficiency_gap_percent": 157.94853160784606,
      "dcr_mean": 1.787697196006775,
      "dcr_median": 1.7419062852859497,
      "dcr_share": 0.5779036827195467,
      "identical_matches_fraction": 0.0,
      "authenticity": 0.5892351274787535,
      "fold": 1,
      "test_size": 89,
      "synth_size": 353
    },
    {
      "ks_statistic_mean": 0.13377046397385703,
      "ks_statistic_per_feature_mean": 0.13377046397385703,
      "wasserstein_distance": 0.20671253403027853,
      "kl_divergence": 0.23636535519867793,
      "js_divergence": 0.041328857620255864,
      "mmd": 0.1220625113738113,
      "swd": 0.22638147425869412,
      "correlation_similarity": 0.9008101815180751,
      "pairwise_correlation_diff": 0.8927083663472429,
      "correlation_distance": 0.8927083663472429,
      "r2_score_real": -0.1261805295944214,
      "r2_score_synth": 0.26227301359176636,
      "rmse_real": 1.2846187406682332,
      "rmse_synth": 1.0397240389980928,
      "ml_efficiency_gap_percent": 307.85537549634904,
      "dcr_mean": 1.8455783128738403,
      "dcr_median": 1.8299347162246704,
      "dcr_share": 0.4475920679886686,
      "identical_matches_fraction": 0.0,
      "authenticity": 0.5382436260623229,
      "fold": 2,
      "test_size": 89,
      "synth_size": 353
    },
    {
      "ks_statistic_mean": 0.14344005021971123,
      "ks_statistic_per_feature_mean": 0.14344005021971123,
      "wasserstein_distance": 0.17973776989512974,
      "kl_divergence": 0.12409690674259383,
      "js_divergence": 0.027336611253375057,
      "mmd": 0.12383387273523898,
      "swd": 0.20981986761091653,
      "correlation_similarity": 0.8726147849668233,
      "pairwise_correlation_diff": 1.1464669353113286,
      "correlation_distance": 1.1464669353113286,
      "r2_score_real": -0.3252300024032593,
      "r2_score_synth": 0.24453449249267578,
      "rmse_real": 1.0772626994339003,
      "rmse_synth": 0.8133609318610683,
      "ml_efficiency_gap_percent": 175.18817165873662,
      "dcr_mean": 1.7328897714614868,
      "dcr_median": 1.6919724941253662,
      "dcr_share": 0.4745762711864407,
      "identical_matches_fraction": 0.0,
      "authenticity": 0.5112994350282486,
      "fold": 3,
      "test_size": 88,
      "synth_size": 354
    },
    {
      "ks_statistic_mean": 0.12617702448210924,
      "ks_statistic_per_feature_mean": 0.12617702448210924,
      "wasserstein_distance": 0.14785372383064693,
      "kl_divergence": 0.11222705351448886,
      "js_divergence": 0.024339992914537038,
      "mmd": 0.13150461995246723,
      "swd": 0.21217107023137885,
      "correlation_similarity": 0.889048736207576,
      "pairwise_correlation_diff": 0.9985613741429112,
      "correlation_distance": 0.9985613741429112,
      "r2_score_real": -1.583270788192749,
      "r2_score_synth": -0.8584456443786621,
      "rmse_real": 0.9659495021403925,
      "rmse_synth": 0.8193026912159384,
      "ml_efficiency_gap_percent": 45.78023855549376,
      "dcr_mean": 1.8440085649490356,
      "dcr_median": 1.8176943063735962,
      "dcr_share": 0.4463276836158192,
      "identical_matches_fraction": 0.0,
      "authenticity": 0.6073446327683616,
      "fold": 4,
      "test_size": 88,
      "synth_size": 354
    },
    {
      "ks_statistic_mean": 0.14344005021971123,
      "ks_statistic_per_feature_mean": 0.14344005021971123,
      "wasserstein_distance": 0.13706892397668627,
      "kl_divergence": 0.13507328092176266,
      "js_divergence": 0.036470230420765644,
      "mmd": 0.12622938656052637,
      "swd": 0.20262237628867097,
      "correlation_similarity": 0.8314594659870725,
      "pairwise_correlation_diff": 1.516864806133201,
      "correlation_distance": 1.516864806133201,
      "r2_score_real": 0.007782101631164551,
      "r2_score_synth": 0.07461434602737427,
      "rmse_real": 1.2998526067806893,
      "rmse_synth": 1.2553128348044533,
      "ml_efficiency_gap_percent": 858.7942893031662,
      "dcr_mean": 1.7973508834838867,
      "dcr_median": 1.7360732555389404,
      "dcr_share": 0.4830508474576271,
      "identical_matches_fraction": 0.0,
      "authenticity": 0.6073446327683616,
      "fold": 5,
      "test_size": 88,
      "synth_size": 354
    }
  ],
  "summary": {
    "metrics_mean": {
      "ks_statistic_mean": 0.13500768603193447,
      "ks_statistic_per_feature_mean": 0.13500768603193447,
      "wasserstein_distance": 0.1705713296929995,
      "kl_divergence": 0.14543957139389205,
      "js_divergence": 0.03257024504144744,
      "mmd": 0.12548089110824767,
      "swd": 0.2142978795675668,
      "correlation_similarity": 0.8808880220252947,
      "pairwise_correlation_diff": 1.0720078017842585,
      "correlation_distance": 1.0720078017842585,
      "r2_score_real": -0.4932699680328369,
      "r2_score_synth": -0.004473721981048584,
      "rmse_real": 1.1975645003057822,
      "rmse_synth": 0.9812863706224126,
      "ml_efficiency_gap_percent": 309.11332132431835,
      "dcr_mean": 1.801504945755005,
      "dcr_median": 1.7635162115097045,
      "dcr_share": 0.48589011059362053,
      "identical_matches_fraction": 0.0,
      "authenticity": 0.5706934908212096
    },
    "metrics_std": {
      "ks_statistic_mean": 0.007320081040735788,
      "ks_statistic_per_feature_mean": 0.007320081040735788,
      "wasserstein_distance": 0.0250909977331524,
      "kl_divergence": 0.046064656727819765,
      "js_divergence": 0.006126983624234368,
      "mmd": 0.003291103152447099,
      "swd": 0.008310306946491833,
      "correlation_similarity": 0.02775751676924697,
      "pairwise_correlation_diff": 0.2498176509259984,
      "correlation_distance": 0.2498176509259984,
      "r2_score_real": 0.5665763094898355,
      "r2_score_synth": 0.43262678318031794,
      "rmse_real": 0.1500598418415658,
      "rmse_synth": 0.16306419449595871,
      "ml_efficiency_gap_percent": 287.15215507788747,
      "dcr_mean": 0.041629248524504406,
      "dcr_median": 0.052316903525786544,
      "dcr_share": 0.048237926009322724,
      "identical_matches_fraction": 0.0,
      "authenticity": 0.03901551560189445
    },
    "metrics_min": {
      "ks_statistic_mean": 0.12617702448210924,
      "ks_statistic_per_feature_mean": 0.12617702448210924,
      "wasserstein_distance": 0.13706892397668627,
      "kl_divergence": 0.11222705351448886,
      "js_divergence": 0.024339992914537038,
      "mmd": 0.1220625113738113,
      "swd": 0.20262237628867097,
      "correlation_similarity": 0.8314594659870725,
      "pairwise_correlation_diff": 0.8054375269866086,
      "correlation_distance": 0.8054375269866086,
      "r2_score_real": -1.583270788192749,