{
  "metadata": {
    "dataset": "online_news_popularity",
    "model": "DSBM",
    "n_folds": 5,
    "timestamp": "2026-01-16T05:49:04.107059",
    "evaluator_version": "2.0",
    "n_metrics": 20,
    "metrics_list": [
      "ks_statistic_mean",
      "ks_statistic_per_feature_mean",
      "wasserstein_distance",
      "kl_divergence",
      "js_divergence",
      "mmd",
      "swd",
      "correlation_similarity",
      "pairwise_correlation_diff",
      "correlation_distance",
      "r2_score_real",
      "r2_score_synth",
      "rmse_real",
      "rmse_synth",
      "ml_efficiency_gap_percent",
      "dcr_mean",
      "dcr_median",
      "dcr_share",
      "identical_matches_fraction",
      "authenticity"
    ]
  },
  "folds": [
    {
      "ks_statistic_mean": 0.31635844486927217,
      "ks_statistic_per_feature_mean": 0.31635844486927217,
      "wasserstein_distance": 0.5389250397425274,
      "kl_divergence": 0.638572419169301,
      "js_divergence": 0.1542177747922505,
      "mmd": 0.012731127574904596,
      "swd": 10.652787259643016,
      "correlation_similarity": 0.9004890421619334,
      "pairwise_correlation_diff": 5.771635554617818,
      "correlation_distance": 5.771635554617818,
      "r2_score_real": -0.41072940826416016,
      "r2_score_synth": -1.1943724155426025,
      "rmse_real": 0.4702144476234297,
      "rmse_synth": 0.5864476589724343,
      "ml_efficiency_gap_percent": 190.7930115328979,
      "dcr_mean": 7.402480125427246,
      "dcr_median": 7.377058982849121,
      "dcr_share": 0.514078511745231,
      "identical_matches_fraction": 0.0,
      "authenticity": 1.0,
      "fold": 1,
      "test_size": 7929,
      "synth_size": 31715
    },
    {
      "ks_statistic_mean": 0.3251281698352134,
      "ks_statistic_per_feature_mean": 0.3251281698352134,
      "wasserstein_distance": 0.5208648927509785,
      "kl_divergence": 0.6854018877909636,
      "js_divergence": 0.1656900800458058,
      "mmd": 0.012753465651397731,
      "swd": 0.2917640359452664,
      "correlation_similarity": 0.8803266094194427,
      "pairwise_correlation_diff": 6.9410566536842895,
      "correlation_distance": 6.9410566536842895,
      "r2_score_real": -2.61316180229187,
      "r2_score_synth": -0.7206227779388428,
      "rmse_real": 1.115884407722554,
      "rmse_synth": 0.7700489452213405,
      "ml_efficiency_gap_percent": 72.42333875740792,
      "dcr_mean": 7.553640842437744,
      "dcr_median": 7.535521507263184,
      "dcr_share": 0.496326659309475,
      "identical_matches_fraction": 0.0,
      "authenticity": 1.0,
      "fold": 2,
      "test_size": 7929,
      "synth_size": 31715
    },
    {
      "ks_statistic_mean": 0.32249537394955113,
      "ks_statistic_per_feature_mean": 0.32249537394955113,
      "wasserstein_distance": 0.5239763852080395,
      "kl_divergence": 0.6903220851935459,
      "js_divergence": 0.16772553156299588,
      "mmd": 0.012747256737443148,
      "swd": 0.24825235404592752,
      "correlation_similarity": 0.8889703213512488,
      "pairwise_correlation_diff": 6.439721361638677,
      "correlation_distance": 6.439721361638677,
      "r2_score_real": -0.2587118148803711,
      "r2_score_synth": -0.18341505527496338,
      "rmse_real": 0.8763763298032197,
      "rmse_synth": 0.8497594591193937,
      "ml_efficiency_gap_percent": 29.104492054305712,
      "dcr_mean": 7.492292404174805,
      "dcr_median": 7.474019527435303,
      "dcr_share": 0.5275106416522151,
      "identical_matches_fraction": 0.0,
      "authenticity": 1.0,
      "fold": 3,
      "test_size": 7929,
      "synth_size": 31715
    },
    {
      "ks_statistic_mean": 0.324630645284291,
      "ks_statistic_per_feature_mean": 0.324630645284291,
      "wasserstein_distance": 0.5259108569087654,
      "kl_divergence": 0.680226620068716,
      "js_divergence": 0.16477703508695254,
      "mmd": 0.012779072082293463,
      "swd": 0.2582254502492351,
      "correlation_similarity": 0.8848353478849377,
      "pairwise_correlation_diff": 6.679549822685132,
      "correlation_distance": 6.679549822685132,
      "r2_score_real": -8.281679153442383,
      "r2_score_synth": -0.22319412231445312,
      "rmse_real": 1.880780781879511,
      "rmse_synth": 0.6827671175612452,
      "ml_efficiency_gap_percent": 97.30496535570713,
      "dcr_mean": 7.463867664337158,
      "dcr_median": 7.447683811187744,
      "dcr_share": 0.47737663566135896,
      "identical_matches_fraction": 0.0,
      "authenticity": 1.0,
      "fold": 4,
      "test_size": 7929,
      "synth_size": 31715
    },
    {
      "ks_statistic_mean": 0.3333074366143614,
      "ks_statistic_per_feature_mean": 0.3333074366143614,
      "wasserstein_distance": 0.5276159850944733,
      "kl_divergence": 0.6772097561058955,
      "js_divergence": 0.16471367570967307,
      "mmd": 0.012754961315825633,
      "swd": 0.2627272858733587,
      "correlation_similarity": 0.8871483284320407,
      "pairwise_correlation_diff": 6.545396950952922,
      "correlation_distance": 6.545396950952922,
      "r2_score_real": -0.12259471416473389,
      "r2_score_synth": -0.9970594644546509,
      "rmse_real": 0.6298228153959929,
      "rmse_synth": 0.8400446806672998,
      "ml_efficiency_gap_percent": 713.2972708063699,
      "dcr_mean": 7.5461812019348145,
      "dcr_median": 7.5296831130981445,
      "dcr_share": 0.487198890150082,
      "identical_matches_fraction": 0.0,
      "authenticity": 1.0,
      "fold": 5,
      "test_size": 7928,
      "synth_size": 31716
    }
  ],
  "summary": {
    "metrics_mean": {
      "ks_statistic_mean": 0.3243840141105378,
      "ks_statistic_per_feature_mean": 0.3243840141105378,
      "wasserstein_distance": 0.5274586319409569,
      "kl_divergence": 0.6743465536656845,
      "js_divergence": 0.16342481943953555,
      "mmd": 0.012753176672372916,
      "swd": 2.342751277151361,
      "correlation_similarity": 0.8883539298499207,
      "pairwise_correlation_diff": 6.475472068715767,
      "correlation_distance": 6.475472068715767,
      "r2_score_real": -2.3373753786087037,
      "r2_score_synth": -0.6637327671051025,
      "rmse_real": 0.9946157564849415,
      "rmse_synth": 0.7458135723083428,
      "ml_efficiency_gap_percent": 220.58461570133767,
      "dcr_mean": 7.491692447662354,
      "dcr_median": 7.472793388366699,
      "dcr_share": 0.5004982677036723,
      "identical_matches_fraction": 0.0,
      "authenticity": 1.0
    },
    "metrics_std": {
      "ks_statistic_mean": 0.00544460810645212,
      "ks_statistic_per_feature_mean": 0.00544460810645212,
      "wasserstein_distance": 0.006156335180145484,
      "kl_divergence": 0.018439087983424134,
      "js_divergence": 0.0047304722631570555,
      "mmd": 1.5459942075075216e-05,
      "swd": 4.155043204591262,
      "correlation_similarity": 0.006721795242712142,
      "pairwise_correlation_diff": 0.3898641240779757,
      "correlation_distance": 0.3898641240779757,
      "r2_score_real": 3.1096258880065104,
      "r2_score_synth": 0.40514219697390613,
      "rmse_real": 0.4943775323842219,
      "rmse_synth": 0.09964331614041301,
      "ml_efficiency_gap_percent": 251.97919521518392,
      "dcr_mean": 0.0557495200174922,
      "dcr_median": 0.058255177217542906,
      "dcr_share": 0.01812720057136133,
      "identical_matches_fraction": 0.0,
      "authenticity": 0.0
    },
    "metrics_min": {
      "ks_statistic_mean": 0.31635844486927217,
      "ks_statistic_per_feature_mean": 0.31635844486927217,
      "wasserstein_distance": 0.5208648927509785,
      "kl_divergence": 0.638572419169301,
      "js_divergence": 0.1542177747922505,
      "mmd": 0.012731127574904596,
      "swd": 0.24825235404592752,
      "correlation_similarity": 0.8803266094194427,
      "pairwise_correlation_diff": 5.771635554617818,
      "correlation_distance": 5.771635554617818,
      "r2_score_real": -8.281679153442383,
      "r2_score_synth": -1.1943724155426025,
      "rmse_real": 0.4702144476234297,
      "rmse_synth": 0.5864476589724343,