{
  "metadata": {
    "dataset": "bank_marketing",
    "model": "DSBM",
    "n_folds": 5,
    "timestamp": "2026-01-16T08:01:54.840192",
    "evaluator_version": "2.0",
    "n_metrics": 20,
    "metrics_list": [
      "ks_statistic_mean",
      "ks_statistic_per_feature_mean",
      "wasserstein_distance",
      "kl_divergence",
      "js_divergence",
      "mmd",
      "swd",
      "correlation_similarity",
      "pairwise_correlation_diff",
      "correlation_distance",
      "r2_score_real",
      "r2_score_synth",
      "rmse_real",
      "rmse_synth",
      "ml_efficiency_gap_percent",
      "dcr_mean",
      "dcr_median",
      "dcr_share",
      "identical_matches_fraction",
      "authenticity"
    ]
  },
  "folds": [
    {
      "ks_statistic_mean": 0.15654166666666666,
      "ks_statistic_per_feature_mean": 0.15654166666666666,
      "wasserstein_distance": 0.10443115358551343,
      "kl_divergence": 0.0628114363009388,
      "js_divergence": 0.009129839707120781,
      "mmd": 0.044292038001901915,
      "swd": 0.23240625203001636,
      "correlation_similarity": 0.9780890438863676,
      "pairwise_correlation_diff": 0.131465736683985,
      "correlation_distance": 0.131465736683985,
      "r2_score_real": 0.4463930130004883,
      "r2_score_synth": 0.35774409770965576,
      "rmse_real": 0.713220556545272,
      "rmse_synth": 0.7682049548110732,
      "ml_efficiency_gap_percent": 19.858938807076612,
      "dcr_mean": 0.5733372569084167,
      "dcr_median": 0.4658892750740051,
      "dcr_share": 0.508125,
      "identical_matches_fraction": 0.0,
      "authenticity": 0.646625,
      "fold": 1,
      "test_size": 2000,
      "synth_size": 8000
    },
    {
      "ks_statistic_mean": 0.1618125,
      "ks_statistic_per_feature_mean": 0.1618125,
      "wasserstein_distance": 0.11649918556213379,
      "kl_divergence": 0.06656364086099752,
      "js_divergence": 0.009773788723843133,
      "mmd": 0.055650101980998484,
      "swd": 0.22392203070963446,
      "correlation_similarity": 0.9773494694482793,
      "pairwise_correlation_diff": 0.13590318331258916,
      "correlation_distance": 0.13590318331258916,
      "r2_score_real": 0.34012967348098755,
      "r2_score_synth": 0.3410263657569885,
      "rmse_real": 0.6834611382602366,
      "rmse_synth": 0.6829966089574989,
      "ml_efficiency_gap_percent": 0.2636324748805251,
      "dcr_mean": 0.5684486031532288,
      "dcr_median": 0.4680802524089813,
      "dcr_share": 0.492125,
      "identical_matches_fraction": 0.0,
      "authenticity": 0.651875,
      "fold": 2,
      "test_size": 2000,
      "synth_size": 8000
    },
    {
      "ks_statistic_mean": 0.16216666666666665,
      "ks_statistic_per_feature_mean": 0.16216666666666665,
      "wasserstein_distance": 0.10649750381708145,
      "kl_divergence": 0.06066747281551521,
      "js_divergence": 0.009603322902752,
      "mmd": 0.04583937953708622,
      "swd": 0.17503730530278244,
      "correlation_similarity": 0.9741586474612803,
      "pairwise_correlation_diff": 0.155048115234902,
      "correlation_distance": 0.155048115234902,
      "r2_score_real": 0.35477006435394287,
      "r2_score_synth": 0.455371618270874,
      "rmse_real": 0.5846462008041667,
      "rmse_synth": 0.5371381717244913,
      "ml_efficiency_gap_percent": 28.356832784111162,
      "dcr_mean": 0.5717334151268005,
      "dcr_median": 0.4637962579727173,
      "dcr_share": 0.502,
      "identical_matches_fraction": 0.0,
      "authenticity": 0.6145,
      "fold": 3,
      "test_size": 2000,
      "synth_size": 8000
    },
    {
      "ks_statistic_mean": 0.1646875,
      "ks_statistic_per_feature_mean": 0.1646875,
      "wasserstein_distance": 0.11047203590472539,
      "kl_divergence": 0.07248456237525698,
      "js_divergence": 0.01108403786517744,
      "mmd": 0.04517380850959471,
      "swd": 0.19001554114811486,
      "correlation_similarity": 0.9699714477282289,
      "pairwise_correlation_diff": 0.18017131363362973,
      "correlation_distance": 0.18017131363362973,
      "r2_score_real": 0.36049777269363403,
      "r2_score_synth": 0.2801835536956787,
      "rmse_real": 0.7040918061192878,
      "rmse_synth": 0.746997505579592,
      "ml_efficiency_gap_percent": 22.278700475137104,
      "dcr_mean": 0.5671620965003967,
      "dcr_median": 0.4571780860424042,
      "dcr_share": 0.501125,
      "identical_matches_fraction": 0.0,
      "authenticity": 0.61825,
      "fold": 4,
      "test_size": 2000,
      "synth_size": 8000
    },
    {
      "ks_statistic_mean": 0.15804166666666666,
      "ks_statistic_per_feature_mean": 0.15804166666666666,
      "wasserstein_distance": 0.10575317839781444,
      "kl_divergence": 0.04117515889212367,
      "js_divergence": 0.006295352530154845,
      "mmd": 0.04476349361430292,
      "swd": 0.288400846146398,
      "correlation_similarity": 0.9732639403271939,
      "pairwise_correlation_diff": 0.16041635803951007,
      "correlation_distance": 0.16041635803951007,
      "r2_score_real": -4.98263692855835,
      "r2_score_synth": 0.334625244140625,
      "rmse_real": 2.14935172309928,
      "rmse_synth": 0.7167939645983574,
      "ml_efficiency_gap_percent": 106.71582635737909,
      "dcr_mean": 0.586836576461792,
      "dcr_median": 0.4713267385959625,
      "dcr_share": 0.4925,
      "identical_matches_fraction": 0.0,
      "authenticity": 0.639125,
      "fold": 5,
      "test_size": 2000,
      "synth_size": 8000
    }
  ],
  "summary": {
    "metrics_mean": {
      "ks_statistic_mean": 0.16065,
      "ks_statistic_per_feature_mean": 0.16065,
      "wasserstein_distance": 0.10873061145345368,
      "kl_divergence": 0.06074045424896644,
      "js_divergence": 0.009177268345809642,
      "mmd": 0.04714376432877686,
      "swd": 0.22195639506738923,
      "correlation_similarity": 0.97456650977027,
      "pairwise_correlation_diff": 0.1526009413809232,
      "correlation_distance": 0.1526009413809232,
      "r2_score_real": -0.6961692810058594,
      "r2_score_synth": 0.3537901759147644,
      "rmse_real": 0.9669542849656487,
      "rmse_synth": 0.6904262411342025,
      "ml_efficiency_gap_percent": 35.4947861797169,
      "dcr_mean": 0.5735035896301269,
      "dcr_median": 0.4652541220188141,
      "dcr_share": 0.49917500000000004,
      "identical_matches_fraction": 0.0,
      "authenticity": 0.6340749999999999
    },
    "metrics_std": {
      "ks_statistic_mean": 0.002954146097718704,
      "ks_statistic_per_feature_mean": 0.002954146097718704,
      "wasserstein_distance": 0.004375397537965492,
      "kl_divergence": 0.010572877123567217,
      "js_divergence": 0.0015799251432381093,
      "mmd": 0.004283408866440389,
      "swd": 0.03936888986659358,
      "correlation_similarity": 0.0029370306486597862,
      "pairwise_correlation_diff": 0.0176221838922525,
      "correlation_distance": 0.0176221838922525,
      "r2_score_real": 2.1435572202425113,
      "r2_score_synth": 0.0570658693491339,
      "rmse_real": 0.5929703238565135,
      "rmse_synth": 0.08185050367651811,
      "ml_efficiency_gap_percent": 36.834130309947916,
      "dcr_mean": 0.0070242030949557695,
      "dcr_median": 0.004745836683830835,
      "dcr_share": 0.006101536691686799,
      "identical_matches_fraction": 0.0,
      "authenticity": 0.015056269458268866
    },
    "metrics_min": {
      "ks_statistic_mean": 0.15654166666666666,
      "ks_statistic_per_feature_mean": 0.15654166666666666,
      "wasserstein_distance": 0.10443115358551343,
      "kl_divergence": 0.04117515889212367,
      "js_divergence": 0.006295352530154845,
      "mmd": 0.044292038001901915,
      "swd": 0.17503730530278244,
      "correlation_similarity": 0.9699714477282289,
      "pairwise_correlation_diff": 0.131465736683985,
      "correlation_distance": 0.131465736683985,
      "r2_score_real": -4.98263692855835,
      "r2_score_synth": 0.2801835536956787,
      "rmse_real": 0.5846462008041667,
      "rmse_synth": 0.5371381717244913,